DeployID,Ptt,DepthSensor,Instr,SW,RTC,Received,Time Offset,LocationQuality,Latitude,Longitude,Type,HauledOut,BrokenThermistor,BrokenLink,Transmits,BattVoltage,TransmitVoltage,TransmitCurrent,Temperature,Depth,MaxDepth,ZeroDepthOffset,LightLevel,NoDawnDusk,ReleaseType,ReleaseTime,InitiallyBroken,BurnMinutes,ReleaseDepth,FastGPSPower,TWICPower,PowerLimit,WetDry,MinWetDry,MaxWetDry,WetDryThreshold,StatusWord,TransmitPower,Resets,PreReleaseTilt,PreReleaseTiltSd,PreReleaseTiltCount,XmitQueue,FastGPSLocNumber,FastGPSFailures,BattDiscon
169272,169272,0.500000,UT,,,08:43:17 26-Apr-2017,,3,30.4310,-84.2732,,,,,237,,,,,,,,,,,,,,,,,,,,,,,,,,,,,,,
169272,169272,0.500000,UT,,,08:43:45 26-Apr-2017,,3,30.4310,-84.2732,,,,,,,,,14.20,,,,,,,,,,,,,,,,,,,,,,,,,,,
169272,169272,0.500000,UT,,08:44:43 26-Apr-2017,08:44:43 26-Apr-2017,0,3,30.4310,-84.2732,CRC,,,,240,3.550,,,14.20,,,,,,,,,,,,,,255,255,,,,,,,,,0,,,
169272,169272,0.500000,UT,,,08:45:12 26-Apr-2017,,3,30.4310,-84.2732,,,,,,,,,,,,,,,,,,,,,,,,,,,,,,,,,,,,
169272,169272,0.500000,UT,,,08:45:40 26-Apr-2017,,3,30.4310,-84.2732,,,,,242,,,,,,,,,,,,,,,,,,,,,,,,,,,,,,,
169272,169272,0.500000,UT,,,08:46:09 26-Apr-2017,,3,30.4310,-84.2732,,,,,,,,,14.15,,,,,,,,,,,,,,,,,,,,,,,,,,,
169272,169272,0.500000,UT,,23:04:26 27-Apr-2017,23:04:25 27-Apr-2017,0,1,30.4266,-84.2625,CRC,,,,665,3.475,,,28.30,,,,,,,,,,,,,,255,255,,,,,,,,,0,,,
169272,169272,0.500000,UT,,,23:05:23 27-Apr-2017,,1,30.4266,-84.2625,,,,,667,,,,,,,,,,,,,,,,,,,,,,,,,,,,,,,
169272,169272,0.500000,UT,,,23:05:52 27-Apr-2017,,1,30.4266,-84.2625,,,,,,,,,28.30,,,,,,,,,,,,,,,,,,,,,,,,,,,
169272,169272,0.500000,UT,1.00a,,23:06:21 27-Apr-2017,,1,30.4266,-84.2625,,0,,,,,,,,,,,,,,,,,,,,,,,,,,,,,,,,,,
169272,169272,0.500000,UT,,,23:22:42 27-Apr-2017,,3,30.4313,-84.2738,,,,,,,,,27.55,,,,,,,,,,,,,,,,,,,,,,,,,,,
169272,169272,0.500000,UT,,23:23:40 27-Apr-2017,23:23:39 27-Apr-2017,0,3,30.4313,-84.2738,CRC,,,,705,3.475,,,27.50,,,,,,,,,,,,,,255,255,,,,,,,,,0,,,
169272,169272,0.500000,UT,,,23:24:08 27-Apr-2017,,3,30.4313,-84.2738,,,,,,,,,,,,,,,,,,,,,,,,,,,,,,,,,,,,
169272,169272,0.500000,UT,,,23:24:37 27-Apr-2017,,3,30.4313,-84.2738,,,,,707,,,,,,,,,,,,,,,,,,,,,,,,,,,,,,,
169272,169272,0.500000,UT,,,23:25:06 27-Apr-2017,,3,30.4313,-84.2738,,,,,,,,,27.45,,,,,,,,,,,,,,,,,,,,,,,,,,,
169272,169272,0.500000,UT,1.00a,,23:25:35 27-Apr-2017,,3,30.4313,-84.2738,,0,,,,,,,,,,,,,,,,,,,,,,,,,,,,,,,,,,
169272,169272,0.500000,UT,,23:26:04 27-Apr-2017,23:26:03 27-Apr-2017,0,3,30.4314,-84.2732,CRC,,,,710,3.450,,,27.40,,,,,,,,,,,,,,255,255,,,,,,,,,0,,,
169272,169272,0.500000,UT,,22:57:16 28-Apr-2017,22:57:15 28-Apr-2017,0,2,30.4323,-84.2731,CRC,,,,995,3.450,,,29.60,,,,,,,,,,,,,,255,255,,,,,,,,,0,,,
169272,169272,0.500000,UT,,,22:57:44 28-Apr-2017,,2,30.4323,-84.2731,,,,,,,,,,,,,,,,,,,,,,,,,,,,,,,,,,,,
169272,169272,0.500000,UT,,,22:58:13 28-Apr-2017,,2,30.4323,-84.2731,,,,,997,,,,,,,,,,,,,,,,,,,,,,,,,,,,,,,
169272,169272,0.500000,UT,,,22:58:42 28-Apr-2017,,2,30.4323,-84.2731,,,,,,,,,29.55,,,,,,,,,,,,,,,,,,,,,,,,,,,
169272,169272,0.500000,UT,1.00a,,22:59:11 28-Apr-2017,,2,30.4323,-84.2731,,0,,,,,,,,,,,,,,,,,,,,,,,,,,,,,,,,,,
169272,169272,0.500000,UT,,22:59:40 28-Apr-2017,22:59:39 28-Apr-2017,0,2,30.4323,-84.2731,CRC,,,,1000,3.450,,,29.50,,,,,,,,,,,,,,255,255,,,,,,,,,0,,,
169272,169272,0.500000,UT,,,02:17:07 03-May-2017,,2,25.7002,-79.3033,,,,,,,,,26.95,,,,,,,,,,,,,,,,,,,,,,,,,,,
169272,169272,0.500000,UT,1.00a,,02:17:36 03-May-2017,,2,25.7002,-79.3033,,0,,,,,,,,,,,,,,,,,,,,,,,,,,,,,,,,,,
169272,169272,0.500000,UT,,,02:18:34 03-May-2017,,2,25.7002,-79.3033,,,,,,,,,,,,,,,,,,,,,,,,,,,,,,,,,,,,
169272,169272,0.500000,UT,,,02:20:58 03-May-2017,,2,25.7002,-79.3033,,,,,,,,,,,,,,,,,,,,,,,,,,,,,,,,,,,,
169272,169272,0.500000,UT,,,02:21:27 03-May-2017,,2,25.7002,-79.3033,,,,,2127,,,,,,,,,,,,,,,,,,,,,,,,,,,,,,,
169272,169272,0.500000,UT,,,20:18:59 03-May-2017,,A,25.7367,-79.2660,,,,,,,,,32.45,,,,,,,,,,,,,,,,,,,,,,,,,,,
169272,169272,0.500000,UT,1.00a,,20:20:07 03-May-2017,,A,25.7367,-79.2660,,0,,,,,,,,,,,,,,,,,,,,,,,,,,,,,,,,,,
169272,169272,0.500000,UT,,,22:36:20 03-May-2017,,B,25.7394,-79.2613,,,,,,,,,,,,,,,,,,,,,,,,,,,,,,,,,,,,
169272,169272,0.500000,UT,,,00:10:00 04-May-2017,,B,25.7505,-79.2487,,,,,2467,,,,,,,,,,,,,,,,,,,,,,,,,,,,,,,
169272,169272,0.500000,UT,,,20:15:23 04-May-2017,,B,25.7241,-79.2439,,,,,2527,,,,,,,,,,,,,,,,,,,,,,,,,,,,,,,
169272,169272,0.500000,UT,,,20:17:21 04-May-2017,,B,25.7241,-79.2439,,,,,,,,,31.25,,,,,,,,,,,,,,,,,,,,,,,,,,,
169272,169272,0.500000,UT,,,22:08:26 04-May-2017,,A,25.7227,-79.2594,,,,,2547,,,,,,,,,,,,,,,,,,,,,,,,,,,,,,,
169272,169272,0.500000,UT,1.00a,,22:11:54 04-May-2017,,A,25.7227,-79.2594,,0,,,,,,,,,,,,,,,,,,,,,,,,,,,,,,,,,,
169272,169272,0.500000,UT,,,00:33:12 05-May-2017,,B,25.7182,-79.2606,,,,,,,,,29.40,,,,,,,,,,,,,,,,,,,,,,,,,,,
169272,169272,0.500000,UT,,11:37:24 05-May-2017,11:37:23 05-May-2017,0,B,25.7330,-79.2461,CRC,,,,2710,3.400,,,25.55,,,,,,,,,,,,,,86,21,,,,,,,,,0,,,
169272,169272,0.500000,UT,1.00a,,12:06:37 05-May-2017,,B,25.7337,-79.2537,,0,,,,,,,,,,,,,,,,,,,,,,,,,,,,,,,,,,
169272,169272,0.500000,UT,,,23:20:10 05-May-2017,,B,25.7342,-79.2647,,,,,,,,,28.50,,,,,,,,,,,,,,,,,,,,,,,,,,,
169272,169272,0.500000,UT,1.00a,,23:23:53 05-May-2017,,B,25.7342,-79.2647,,0,,,,,,,,,,,,,,,,,,,,,,,,,,,,,,,,,,
169272,169272,0.500000,UT,,,23:58:41 05-May-2017,,B,25.7338,-79.2642,,,,,,,,,,,,,,,,,,,,,,,,,,,,,,,,,,,,
169272,169272,0.500000,UT,1.00a,,01:21:34 06-May-2017,,B,25.7298,-79.2685,,0,,,,,,,,,,,,,,,,,,,,,,,,,,,,,,,,,,
169272,169272,0.500000,UT,,,02:08:17 06-May-2017,,B,25.7291,-79.2702,,,,,,,,,27.75,,,,,,,,,,,,,,,,,,,,,,,,,,,
169272,169272,0.500000,UT,,,03:02:19 06-May-2017,,B,25.7276,-79.2721,,,,,,,,,27.55,,,,,,,,,,,,,,,,,,,,,,,,,,,
169272,169272,0.500000,UT,,,10:15:18 06-May-2017,,B,25.7297,-79.2907,,,,,,,,,,,,,,,,,,,,,,,,,,,,,,,,,,,,
169272,169272,0.500000,UT,,,11:59:04 06-May-2017,,B,25.7311,-79.2862,,,,,2907,,,,,,,,,,,,,,,,,,,,,,,,,,,,,,,
169272,169272,0.500000,UT,1.00a,,15:21:55 06-May-2017,,B,25.7232,-79.3017,,0,,,,,,,,,,,,,,,,,,,,,,,,,,,,,,,,,,
169272,169272,0.500000,UT,,,00:36:07 07-May-2017,,B,25.7224,-79.3211,,,,,3042,,,,,,,,,,,,,,,,,,,,,,,,,,,,,,,
169272,169272,0.500000,UT,,,00:58:10 07-May-2017,,B,25.7234,-79.3132,,,,,,,,,,,,,,,,,,,,,,,,,,,,,,,,,,,,
169272,169272,0.500000,UT,,,01:07:22 07-May-2017,,B,25.7316,-79.3172,,,,,,,,,27.25,,,,,,,,,,,,,,,,,,,,,,,,,,,
169272,169272,0.500000,UT,,,01:53:02 07-May-2017,,B,25.7295,-79.2742,,,,,3057,,,,,,,,,,,,,,,,,,,,,,,,,,,,,,,
169272,169272,0.500000,UT,,,13:24:48 07-May-2017,,B,25.6735,-79.1322,,,,,,,,,,,,,,,,,,,,,,,,,,,,,,,,,,,,
169272,169272,0.500000,UT,,,22:56:15 07-May-2017,,B,25.7337,-79.1983,,,,,,,,,,,,,,,,,,,,,,,,,,,,,,,,,,,,
169272,169272,0.500000,UT,1.00a,,00:09:25 08-May-2017,,B,25.7409,-79.1725,,0,,,,,,,,,,,,,,,,,,,,,,,,,,,,,,,,,,
169272,169272,0.500000,UT,,,00:42:02 08-May-2017,,B,25.7423,-79.1762,,,,,3207,,,,,,,,,,,,,,,,,,,,,,,,,,,,,,,
169272,169272,0.500000,UT,,02:15:29 08-May-2017,02:15:29 08-May-2017,0,B,25.7294,-79.2318,CRC,,,,3225,3.425,,,28.20,,,,,,,,,,,,,,175,18,,,,,,,,,0,,,
169272,169272,0.500000,UT,,,08:05:49 08-May-2017,,B,25.7286,-79.3029,,,,,,,,,,,,,,,,,,,,,,,,,,,,,,,,,,,,
169272,169272,0.500000,UT,1.00a,,11:33:02 08-May-2017,,B,25.7372,-79.2782,,0,,,,,,,,,,,,,,,,,,,,,,,,,,,,,,,,,,
169272,169272,0.500000,UT,,11:39:28 08-May-2017,11:39:27 08-May-2017,0,B,25.7372,-79.2782,CRC,,,,3275,3.425,,,26.45,,,,,,,,,,,,,,81,18,,,,,,,,,0,,,
169272,169272,0.500000,UT,,,12:34:54 08-May-2017,,B,25.7285,-79.2873,,,,,,,,,437.35,,,,,,,,,,,,,,,,,,,,,,,,,,,
169272,169272,0.500000,UT,,,23:44:28 08-May-2017,,A,25.7275,-79.2716,,,,,,,,,,,,,,,,,,,,,,,,,,,,,,,,,,,,
169272,169272,0.500000,UT,,,23:48:30 08-May-2017,,A,25.7275,-79.2716,,,,,3352,,,,,,,,,,,,,,,,,,,,,,,,,,,,,,,
169272,169272,0.500000,UT,,,23:49:40 08-May-2017,,A,25.7275,-79.2716,,,,,,,,,29.70,,,,,,,,,,,,,,,,,,,,,,,,,,,
169272,169272,0.500000,UT,,,00:09:52 09-May-2017,,B,25.7276,-79.2714,,,,,,,,,29.60,,,,,,,,,,,,,,,,,,,,,,,,,,,
169272,169272,0.500000,UT,1.00a,,02:00:24 09-May-2017,,B,25.7267,-79.2827,,0,,,,,,,,,,,,,,,,,,,,,,,,,,,,,,,,,,
169272,169272,0.500000,UT,,,07:54:42 09-May-2017,,B,25.7237,-79.3100,,,,,3422,,,,,,,,,,,,,,,,,,,,,,,,,,,,,,,
169272,169272,0.500000,UT,,,13:04:17 09-May-2017,,A,25.7288,-79.2743,,,,,3457,,,,,,,,,,,,,,,,,,,,,,,,,,,,,,,
169272,169272,0.500000,UT,,,13:08:53 09-May-2017,,A,25.7288,-79.2743,,,,,,,,,27.05,,,,,,,,,,,,,,,,,,,,,,,,,,,
169272,169272,0.500000,UT,5.00q,,13:12:09 09-May-2017,,A,25.7288,-79.2743,,0,,,,,,,,,,,,,,,,,,,,,,,,,,,,,,,,,,
169272,169272,0.500000,UT,,,03:09:34 10-May-2017,,B,25.7494,-79.2324,,,,,,,,,,,,,,,,,,,,,,,,,,,,,,,,,,,,
169272,169272,0.500000,UT,,,15:36:34 10-May-2017,,B,25.7174,-79.2673,,,,,,,,,,,,,,,,,,,,,,,,,,,,,,,,,,,,
169272,169272,0.500000,UT,,,15:37:22 10-May-2017,,B,25.7174,-79.2673,,,,,3567,,,,,,,,,,,,,,,,,,,,,,,,,,,,,,,
169272,169272,0.500000,UT,,,15:38:19 10-May-2017,,B,25.7174,-79.2673,,,,,,,,,30.10,,,,,,,,,,,,,,,,,,,,,,,,,,,
169272,169272,0.500000,UT,,,22:51:32 10-May-2017,,B,25.7122,-79.2741,,,,,,,,,31.95,,,,,,,,,,,,,,,,,,,,,,,,,,,
169272,169272,0.500000,UT,,,23:04:19 10-May-2017,,B,25.7122,-79.2741,,,,,3632,,,,,,,,,,,,,,,,,,,,,,,,,,,,,,,
169272,169272,0.500000,UT,,,00:05:48 11-May-2017,,B,25.7245,-79.2780,,,,,3657,,,,,,,,,,,,,,,,,,,,,,,,,,,,,,,
169272,169272,0.500000,UT,1.00a,,00:12:20 11-May-2017,,B,25.7245,-79.2780,,0,,,,,,,,,,,,,,,,,,,,,,,,,,,,,,,,,,
169272,169272,0.500000,UT,,,02:54:59 11-May-2017,,B,25.7305,-79.2768,,,,,,,,,29.80,,,,,,,,,,,,,,,,,,,,,,,,,,,
169272,169272,0.500000,UT,1.00a,,02:55:35 11-May-2017,,B,25.7305,-79.2768,,0,,,,,,,,,,,,,,,,,,,,,,,,,,,,,,,,,,
169272,169272,0.500000,UT,1.00a,,07:33:07 11-May-2017,,B,25.7370,-79.2785,,0,,,,,,,,,,,,,,,,,,,,,,,,,,,,,,,,,,
169272,169272,0.500000,UT,1.00a,,12:37:15 11-May-2017,,B,25.7272,-79.2896,,0,,,,,,,,,,,,,,,,,,,,,,,,,,,,,,,,,,
169272,169272,0.500000,UT,,,18:56:13 11-May-2017,,B,25.7260,-79.2894,,,,,,,,,33.45,,,,,,,,,,,,,,,,,,,,,,,,,,,
169272,169272,0.500000,UT,1.00a,,20:35:45 11-May-2017,,B,25.7268,-79.2899,,0,,,,,,,,,,,,,,,,,,,,,,,,,,,,,,,,,,
169272,169272,0.500000,UT,1.00a,,02:27:41 12-May-2017,,B,25.7348,-79.2918,,0,,,,,,,,,,,,,,,,,,,,,,,,,,,,,,,,,,
169272,169272,0.500000,UT,,,02:35:58 12-May-2017,,B,25.7348,-79.2918,,,,,,,,,,,,,,,,,,,,,,,,,,,,,,,,,,,,
169272,169272,0.500000,UT,,,12:36:29 12-May-2017,,B,25.7284,-79.2777,,,,,,,,,27.50,,,,,,,,,,,,,,,,,,,,,,,,,,,
169272,169272,0.500000,UT,,,20:21:29 12-May-2017,,B,25.7283,-79.2724,,,,,,,,,32.05,,,,,,,,,,,,,,,,,,,,,,,,,,,
169272,169272,0.500000,UT,1.00a,,20:22:07 12-May-2017,,B,25.7283,-79.2724,,0,,,,,,,,,,,,,,,,,,,,,,,,,,,,,,,,,,
169272,169272,0.500000,UT,,,22:05:21 12-May-2017,,B,25.7294,-79.2780,,,,,,,,,31.00,,,,,,,,,,,,,,,,,,,,,,,,,,,
169272,169272,0.500000,UT,,,23:41:23 12-May-2017,,B,25.7191,-79.2766,,,,,,,,,,,,,,,,,,,,,,,,,,,,,,,,,,,,
169272,169272,0.500000,UT,,,23:46:29 12-May-2017,,B,25.7191,-79.2766,,,,,,,,,30.00,,,,,,,,,,,,,,,,,,,,,,,,,,,
169272,169272,0.500000,UT,,,23:54:38 12-May-2017,,A,25.7188,-79.2750,,,,,,,,,,,,,,,,,,,,,,,,,,,,,,,,,,,,
169272,169272,0.500000,UT,1.00a,,07:10:03 13-May-2017,,B,25.7218,-79.2853,,0,,,,,,,,,,,,,,,,,,,,,,,,,,,,,,,,,,
169272,169272,0.500000,UT,,,12:23:27 13-May-2017,,B,25.7205,-79.2867,,,,,,,,,,,,,,,,,,,,,,,,,,,,,,,,,,,,
169272,169272,0.500000,UT,,,20:08:25 13-May-2017,,B,25.7294,-79.2865,,,,,,,,,30.65,,,,,,,,,,,,,,,,,,,,,,,,,,,
169272,169272,0.500000,UT,1.00a,,23:13:25 13-May-2017,,B,25.7256,-79.2953,,0,,,,,,,,,,,,,,,,,,,,,,,,,,,,,,,,,,
169272,169272,0.500000,UT,,,23:18:49 13-May-2017,,B,25.7253,-79.2737,,,,,,,,,29.05,,,,,,,,,,,,,,,,,,,,,,,,,,,
169272,169272,0.500000,UT,,,23:35:13 13-May-2017,,2,25.7219,-79.2800,,,,,,,,,,,,,,,,,,,,,,,,,,,,,,,,,,,,
169272,169272,0.500000,UT,,,23:36:47 13-May-2017,,2,25.7219,-79.2800,,,,,4402,,,,,,,,,,,,,,,,,,,,,,,,,,,,,,,
169272,169272,0.500000,UT,,,00:52:17 14-May-2017,,B,25.7218,-79.2818,,,,,4437,,,,,,,,,,,,,,,,,,,,,,,,,,,,,,,
169272,169272,0.500000,UT,,,08:38:07 14-May-2017,,B,25.7271,-79.2906,,,,,,,,,26.85,,,,,,,,,,,,,,,,,,,,,,,,,,,
169272,169272,0.500000,UT,1.00a,,10:14:55 14-May-2017,,3,25.7309,-79.2731,,0,,,,,,,,,,,,,,,,,,,,,,,,,,,,,,,,,,
169272,169272,0.500000,UT,,,10:16:36 14-May-2017,,3,25.7309,-79.2731,,,,,,,,,,,,,,,,,,,,,,,,,,,,,,,,,,,,
169272,169272,0.500000,UT,,,10:19:46 14-May-2017,,3,25.7309,-79.2731,,,,,,,,,,,,,,,,,,,,,,,,,,,,,,,,,,,,
169272,169272,0.500000,UT,,,10:20:38 14-May-2017,,3,25.7309,-79.2731,,,,,4527,,,,,,,,,,,,,,,,,,,,,,,,,,,,,,,
169272,169272,0.500000,UT,1.00a,,22:54:20 14-May-2017,,B,25.7213,-79.2676,,0,,,,,,,,,,,,,,,,,,,,,,,,,,,,,,,,,,
169272,169272,0.500000,UT,,,23:21:04 14-May-2017,,B,25.7219,-79.2660,,,,,,,,,,,,,,,,,,,,,,,,,,,,,,,,,,,,
169272,169272,0.500000,UT,1.00a,,13:52:16 15-May-2017,,B,25.7246,-79.2639,,0,,,,,,,,,,,,,,,,,,,,,,,,,,,,,,,,,,
169272,169272,0.500000,UT,,,15:39:12 15-May-2017,,B,25.7298,-79.2616,,,,,4762,,,,,,,,,,,,,,,,,,,,,,,,,,,,,,,
169272,169272,0.500000,UT,1.00a,,22:28:50 15-May-2017,,B,25.7378,-79.2552,,0,,,,,,,,,,,,,,,,,,,,,,,,,,,,,,,,,,
169272,169272,0.500000,UT,,23:11:35 15-May-2017,23:11:34 15-May-2017,0,B,25.7309,-79.2850,CRC,,,,4885,3.400,,,30.30,,,,,,,,,,,,,,81,15,,,,,,,,,0,,,
169272,169272,0.500000,UT,,,23:15:43 15-May-2017,,B,25.7309,-79.2850,,,,,4887,,,,,,,,,,,,,,,,,,,,,,,,,,,,,,,
169272,169272,0.500000,UT,1.00a,,23:46:30 15-May-2017,,B,25.7266,-79.2908,,0,,,,,,,,,,,,,,,,,,,,,,,,,,,,,,,,,,
169272,169272,0.500000,UT,,,00:58:26 16-May-2017,,B,25.7260,-79.2997,,,,,,,,,,,,,,,,,,,,,,,,,,,,,,,,,,,,
169272,169272,0.500000,UT,,,08:11:45 16-May-2017,,B,25.7159,-79.2833,,,,,,,,,28.70,,,,,,,,,,,,,,,,,,,,,,,,,,,
169272,169272,0.500000,UT,,,10:51:37 16-May-2017,,A,25.7195,-79.2897,,,,,,,,,27.40,,,,,,,,,,,,,,,,,,,,,,,,,,,
169272,169272,0.500000,UT,1.00a,,10:53:14 16-May-2017,,A,25.7195,-79.2897,,0,,,,,,,,,,,,,,,,,,,,,,,,,,,,,,,,,,
169272,169272,0.500000,UT,,,11:40:03 16-May-2017,,B,25.7218,-79.2814,,,,,,,,,27.40,,,,,,,,,,,,,,,,,,,,,,,,,,,
169272,169272,0.500000,UT,,,11:45:30 16-May-2017,,B,25.7218,-79.2814,,,,,5027,,,,,,,,,,,,,,,,,,,,,,,,,,,,,,,
169272,169272,0.500000,UT,,,22:57:02 16-May-2017,,B,25.7128,-79.2837,,,,,,,,,,,,,,,,,,,,,,,,,,,,,,,,,,,,
169272,169272,0.500000,UT,1.00a,,23:14:14 16-May-2017,,A,25.7238,-79.2720,,0,,,,,,,,,,,,,,,,,,,,,,,,,,,,,,,,,,
169272,169272,0.500000,UT,,,23:20:32 16-May-2017,,A,25.7238,-79.2720,,,,,5097,,,,,,,,,,,,,,,,,,,,,,,,,,,,,,,
169272,169272,0.500000,UT,1.00a,,23:42:26 16-May-2017,,B,25.7216,-79.2728,,0,,,,,,,,,,,,,,,,,,,,,,,,,,,,,,,,,,
169272,169272,0.500000,UT,,,00:47:17 17-May-2017,,B,25.7171,-79.2733,,,,,,,,,,,,,,,,,,,,,,,,,,,,,,,,,,,,
169272,169272,0.500000,UT,,,02:33:43 17-May-2017,,B,25.7106,-79.2747,,,,,,,,,,,,,,,,,,,,,,,,,,,,,,,,,,,,
169272,169272,0.500000,UT,,,03:22:10 17-May-2017,,B,25.7129,-79.2764,,,,,,,,,,,,,,,,,,,,,,,,,,,,,,,,,,,,
169272,169272,0.500000,UT,,,10:30:44 17-May-2017,,B,25.7235,-79.2780,,,,,,,,,,,,,,,,,,,,,,,,,,,,,,,,,,,,
169272,169272,0.500000,UT,,,10:33:04 17-May-2017,,B,25.7235,-79.2780,,,,,5212,,,,,,,,,,,,,,,,,,,,,,,,,,,,,,,
169272,169272,0.500000,UT,,,13:10:52 17-May-2017,,B,25.7187,-79.2760,,,,,,,,,26.85,,,,,,,,,,,,,,,,,,,,,,,,,,,
169272,169272,0.500000,UT,,15:00:43 17-May-2017,15:00:43 17-May-2017,0,B,25.7169,-79.2740,CRC,,,,5260,3.425,,,29.15,,,,,,,,,,,,,,70,14,,,,,,,,,0,,,
169272,169272,0.500000,UT,,,22:45:35 17-May-2017,,B,25.7165,-79.2648,,,,,,,,,30.15,,,,,,,,,,,,,,,,,,,,,,,,,,,
169272,169272,0.500000,UT,,,22:53:07 17-May-2017,,B,25.7231,-79.2728,,,,,,,,,,,,,,,,,,,,,,,,,,,,,,,,,,,,
169272,169272,0.500000,UT,,,23:17:23 17-May-2017,,A,25.7355,-79.2637,,,,,5352,,,,,,,,,,,,,,,,,,,,,,,,,,,,,,,
169272,169272,0.500000,UT,1.00a,,23:19:48 17-May-2017,,A,25.7355,-79.2637,,0,,,,,,,,,,,,,,,,,,,,,,,,,,,,,,,,,,
169272,169272,0.500000,UT,,,00:21:56 18-May-2017,,B,25.7340,-79.2664,,,,,,,,,,,,,,,,,,,,,,,,,,,,,,,,,,,,
169272,169272,0.500000,UT,,,14:39:24 18-May-2017,,B,25.7184,-79.2826,,,,,,,,,,,,,,,,,,,,,,,,,,,,,,,,,,,,
169272,169272,0.500000,UT,,,20:48:43 18-May-2017,,B,25.7230,-79.2819,,,,,5562,,,,,,,,,,,,,,,,,,,,,,,,,,,,,,,
169272,169272,0.500000,UT,,,20:52:11 18-May-2017,,B,25.7230,-79.2819,,,,,,,,,32.55,,,,,,,,,,,,,,,,,,,,,,,,,,,
169272,169272,0.500000,UT,,,22:58:22 18-May-2017,,B,25.7255,-79.2853,,,,,,,,,,,,,,,,,,,,,,,,,,,,,,,,,,,,
169272,169272,0.500000,UT,1.00a,,11:03:17 19-May-2017,,A,25.7435,-79.1864,,0,,,,,,,,,,,,,,,,,,,,,,,,,,,,,,,,,,
169272,169272,0.500000,UT,,,11:05:24 19-May-2017,,A,25.7435,-79.1864,,,,,,,,,,,,,,,,,,,,,,,,,,,,,,,,,,,,
169272,169272,0.500000,UT,,,12:48:46 19-May-2017,,B,25.7012,-79.2228,,,,,5742,,,,,,,,,,,,,,,,,,,,,,,,,,,,,,,
169272,169272,0.500000,UT,1.00a,,14:15:54 19-May-2017,,B,25.6940,-79.2249,,0,,,,,,,,,,,,,,,,,,,,,,,,,,,,,,,,,,
169272,169272,0.500000,UT,,,20:36:24 19-May-2017,,2,25.7262,-79.2718,,,,,,,,,34.50,,,,,,,,,,,,,,,,,,,,,,,,,,,
169272,169272,0.500000,UT,,20:40:38 19-May-2017,20:40:38 19-May-2017,0,2,25.7262,-79.2718,CRC,,,,5810,3.425,,,34.35,,,,,,,,,,,,,,66,14,,,,,,,,,0,,,
169272,169272,0.500000,UT,,,20:44:25 19-May-2017,,2,25.7262,-79.2718,,,,,5812,,,,,,,,,,,,,,,,,,,,,,,,,,,,,,,
169272,169272,0.500000,UT,1.00a,,20:48:08 19-May-2017,,2,25.7262,-79.2718,,0,,,,,,,,,,,,,,,,,,,,,,,,,,,,,,,,,,
169272,169272,0.500000,UT,,,22:28:55 19-May-2017,,B,25.7221,-79.2769,,,,,,,,,32.70,,,,,,,,,,,,,,,,,,,,,,,,,,,
169272,169272,0.500000,UT,,,22:33:38 19-May-2017,,A,25.7380,-79.2701,,,,,,,,,,,,,,,,,,,,,,,,,,,,,,,,,,,,
169272,169272,0.500000,UT,1.00a,,23:18:43 19-May-2017,,B,25.7355,-79.2719,,0,,,,,,,,,,,,,,,,,,,,,,,,,,,,,,,,,,
169272,169272,0.500000,UT,,,00:09:57 20-May-2017,,B,25.7335,-79.2744,,,,,,,,,31.70,,,,,,,,,,,,,,,,,,,,,,,,,,,
169272,169272,0.500000,UT,,,01:26:15 20-May-2017,,B,25.7314,-79.2739,,,,,5897,,,,,,,,,,,,,,,,,,,,,,,,,,,,,,,
169272,169272,0.500000,UT,,,07:29:10 20-May-2017,,B,25.7281,-79.2915,,,,,5932,,,,,,,,,,,,,,,,,,,,,,,,,,,,,,,
169272,169272,0.500000,UT,,,13:52:46 20-May-2017,,A,25.7166,-79.2972,,,,,,,,,,,,,,,,,,,,,,,,,,,,,,,,,,,,
169272,169272,0.500000,UT,,,13:54:46 20-May-2017,,A,25.7166,-79.2972,,,,,6012,,,,,,,,,,,,,,,,,,,,,,,,,,,,,,,
169272,169272,0.500000,UT,1.00a,,13:58:53 20-May-2017,,A,25.7166,-79.2972,,0,,,,,,,,,,,,,,,,,,,,,,,,,,,,,,,,,,
169272,169272,0.500000,UT,,,18:49:45 20-May-2017,,B,25.7122,-79.3179,,,,,,,,,31.75,,,,,,,,,,,,,,,,,,,,,,,,,,,
169272,169272,0.500000,UT,,,20:30:46 20-May-2017,,B,25.7237,-79.3083,,,,,,,,,31.45,,,,,,,,,,,,,,,,,,,,,,,,,,,
169272,169272,0.500000,UT,1.00a,,20:33:25 20-May-2017,,B,25.7237,-79.3083,,0,,,,,,,,,,,,,,,,,,,,,,,,,,,,,,,,,,
169272,169272,0.500000,UT,1.00a,,22:48:25 20-May-2017,,B,25.7239,-79.3114,,0,,,,,,,,,,,,,,,,,,,,,,,,,,,,,,,,,,
169272,169272,0.500000,UT,1.00a,,00:32:32 21-May-2017,,B,25.7240,-79.3077,,0,,,,,,,,,,,,,,,,,,,,,,,,,,,,,,,,,,
169272,169272,0.500000,UT,,,02:41:20 21-May-2017,,B,25.7220,-79.3104,,,,,6177,,,,,,,,,,,,,,,,,,,,,,,,,,,,,,,
169272,169272,0.500000,UT,,,11:41:03 21-May-2017,,B,25.7252,-79.3184,,,,,6232,,,,,,,,,,,,,,,,,,,,,,,,,,,,,,,
169272,169272,0.500000,UT,,,20:13:54 21-May-2017,,A,25.7311,-79.2633,,,,,6302,,,,,,,,,,,,,,,,,,,,,,,,,,,,,,,
169272,169272,0.500000,UT,,,20:21:21 21-May-2017,,A,25.7311,-79.2633,,,,,,,,,31.60,,,,,,,,,,,,,,,,,,,,,,,,,,,
169272,169272,0.500000,UT,,,22:18:44 21-May-2017,,B,25.7348,-79.2630,,,,,,,,,,,,,,,,,,,,,,,,,,,,,,,,,,,,
169272,169272,0.500000,UT,1.00a,,23:19:38 21-May-2017,,B,25.7365,-79.2625,,0,,,,,,,,,,,,,,,,,,,,,,,,,,,,,,,,,,
169272,169272,0.500000,UT,,,23:41:04 21-May-2017,,B,25.7385,-79.2688,,,,,6352,,,,,,,,,,,,,,,,,,,,,,,,,,,,,,,
169272,169272,0.500000,UT,1.00a,,23:46:48 21-May-2017,,B,25.7385,-79.2688,,0,,,,,,,,,,,,,,,,,,,,,,,,,,,,,,,,,,
169272,169272,0.500000,UT,,,23:58:18 21-May-2017,,A,25.7312,-79.2722,,,,,,,,,31.30,,,,,,,,,,,,,,,,,,,,,,,,,,,
169272,169272,0.500000,UT,1.00a,,00:01:01 22-May-2017,,A,25.7312,-79.2722,,0,,,,,,,,,,,,,,,,,,,,,,,,,,,,,,,,,,
169272,169272,0.500000,UT,,,02:21:50 22-May-2017,,B,25.7364,-79.2742,,,,,,,,,,,,,,,,,,,,,,,,,,,,,,,,,,,,
169272,169272,0.500000,UT,,,11:48:06 22-May-2017,,B,25.7410,-79.2723,,,,,,,,,,,,,,,,,,,,,,,,,,,,,,,,,,,,
169272,169272,0.500000,UT,1.00a,,12:09:39 22-May-2017,,B,25.7731,-79.3207,,0,,,,,,,,,,,,,,,,,,,,,,,,,,,,,,,,,,
169272,169272,0.500000,UT,,,22:54:52 22-May-2017,,A,25.7319,-79.2764,,,,,,,,,31.55,,,,,,,,,,,,,,,,,,,,,,,,,,,
169272,169272,0.500000,UT,,,23:01:17 22-May-2017,,A,25.7319,-79.2764,,,,,6592,,,,,,,,,,,,,,,,,,,,,,,,,,,,,,,
169272,169272,0.500000,UT,1.00a,,00:37:28 23-May-2017,,B,25.7323,-79.2755,,0,,,,,,,,,,,,,,,,,,,,,,,,,,,,,,,,,,
169272,169272,0.500000,UT,,,01:16:38 23-May-2017,,B,25.7302,-79.2665,,,,,6637,,,,,,,,,,,,,,,,,,,,,,,,,,,,,,,
169272,169272,0.500000,UT,1.00a,,02:00:35 23-May-2017,,B,25.7348,-79.2726,,0,,,,,,,,,,,,,,,,,,,,,,,,,,,,,,,,,,
169272,169272,0.500000,UT,,,02:07:43 23-May-2017,,B,25.7348,-79.2726,,,,,,,,,,,,,,,,,,,,,,,,,,,,,,,,,,,,
169272,169272,0.500000,UT,1.00a,,12:00:46 23-May-2017,,B,25.7372,-79.2785,,0,,,,,,,,,,,,,,,,,,,,,,,,,,,,,,,,,,
169272,169272,0.500000,UT,,,22:30:05 23-May-2017,,A,25.7388,-79.2761,,,,,,,,,,,,,,,,,,,,,,,,,,,,,,,,,,,,
169272,169272,0.500000,UT,,,22:34:37 23-May-2017,,A,25.7388,-79.2761,,,,,,,,,31.50,,,,,,,,,,,,,,,,,,,,,,,,,,,
169272,169272,0.500000,UT,,,22:59:44 23-May-2017,,B,25.7385,-79.2763,,,,,,,,,30.60,,,,,,,,,,,,,,,,,,,,,,,,,,,
169272,169272,0.500000,UT,,,23:20:04 23-May-2017,,B,25.7385,-79.2760,,,,,6872,,,,,,,,,,,,,,,,,,,,,,,,,,,,,,,
169272,169272,0.500000,UT,,,22:28:00 24-May-2017,,A,25.7193,-79.2731,,,,,,,,,30.95,,,,,,,,,,,,,,,,,,,,,,,,,,,
169272,169272,0.500000,UT,1.00a,,00:00:45 25-May-2017,,B,25.7303,-79.2782,,0,,,,,,,,,,,,,,,,,,,,,,,,,,,,,,,,,,
169272,169272,0.500000,UT,,,13:20:16 25-May-2017,,B,25.7358,-79.2771,,,,,,,,,28.10,,,,,,,,,,,,,,,,,,,,,,,,,,,
169272,169272,0.500000,UT,,,23:28:21 25-May-2017,,B,25.7669,-79.3015,,,,,,,,,,,,,,,,,,,,,,,,,,,,,,,,,,,,
169272,169272,0.500000,UT,1.00a,,23:35:28 25-May-2017,,B,25.7339,-79.2937,,0,,,,,,,,,,,,,,,,,,,,,,,,,,,,,,,,,,
169272,169272,0.500000,UT,,,00:36:04 26-May-2017,,B,25.7309,-79.2806,,,,,,,,,,,,,,,,,,,,,,,,,,,,,,,,,,,,
169272,169272,0.500000,UT,,,01:07:40 26-May-2017,,B,25.7293,-79.2888,,,,,,,,,,,,,,,,,,,,,,,,,,,,,,,,,,,,
169272,169272,0.500000,UT,,,02:02:55 26-May-2017,,B,25.7290,-79.2851,,,,,7282,,,,,,,,,,,,,,,,,,,,,,,,,,,,,,,
169272,169272,0.500000,UT,,,02:43:36 26-May-2017,,B,25.7314,-79.2864,,,,,,,,,29.60,,,,,,,,,,,,,,,,,,,,,,,,,,,
169272,169272,0.500000,UT,1.00a,,10:44:30 26-May-2017,,B,25.7317,-79.2734,,0,,,,,,,,,,,,,,,,,,,,,,,,,,,,,,,,,,
169272,169272,0.500000,UT,,,11:39:52 26-May-2017,,B,25.7324,-79.2734,,,,,7327,,,,,,,,,,,,,,,,,,,,,,,,,,,,,,,
169272,169272,0.500000,UT,,,12:27:40 26-May-2017,,B,25.7324,-79.2736,,,,,7300,,,,,,,,,,,,,,,,,,,,,,,,,,,,,,,
169272,169272,0.500000,UT,,,00:24:00 27-May-2017,,B,25.7298,-79.2757,,,,,7407,,,,,,,,,,,,,,,,,,,,,,,,,,,,,,,
169272,169272,0.500000,UT,,,00:28:01 27-May-2017,,B,25.7298,-79.2757,,,,,,,,,31.95,,,,,,,,,,,,,,,,,,,,,,,,,,,
169272,169272,0.500000,UT,,02:22:01 27-May-2017,02:22:01 27-May-2017,0,B,25.7321,-79.2764,CRC,,,,7430,3.450,,,31.60,,,,,,,,,,,,,,82,14,,,,,,,,,0,,,
169272,169272,0.500000,UT,,,20:47:39 27-May-2017,,B,25.7383,-79.2730,,,,,,,,,,,,,,,,,,,,,,,,,,,,,,,,,,,,
169272,169272,0.500000,UT,,,01:58:55 28-May-2017,,B,25.7362,-79.2745,,,,,,,,,33.50,,,,,,,,,,,,,,,,,,,,,,,,,,,
169272,169272,0.500000,UT,,,11:19:12 28-May-2017,,1,25.7352,-79.2751,,,,,7602,,,,,,,,,,,,,,,,,,,,,,,,,,,,,,,
169272,169272,0.500000,UT,,,11:23:23 28-May-2017,,1,25.7352,-79.2751,,,,,23991,,,,,,,,,,,,,,,,,,,,,,,,,,,,,,,
169272,169272,0.500000,UT,,,14:32:15 28-May-2017,,B,25.7338,-79.2778,,,,,7662,,,,,,,,,,,,,,,,,,,,,,,,,,,,,,,
169272,169272,0.500000,UT,,,18:57:28 28-May-2017,,B,25.7222,-79.2715,,,,,,,,,,,,,,,,,,,,,,,,,,,,,,,,,,,,
169272,169272,0.500000,UT,,,23:42:33 28-May-2017,,B,25.7194,-79.2690,,,,,,,,,33.25,,,,,,,,,,,,,,,,,,,,,,,,,,,
169272,169272,0.500000,UT,,,23:56:45 28-May-2017,,B,25.7224,-79.2745,,,,,7742,,,,,,,,,,,,,,,,,,,,,,,,,,,,,,,
169272,169272,0.500000,UT,,,03:23:48 29-May-2017,,B,25.7410,-79.2904,,,,,7777,,,,,,,,,,,,,,,,,,,,,,,,,,,,,,,
169272,169272,0.500000,UT,,,10:35:31 29-May-2017,,B,25.7218,-79.2801,,,,,,,,,,,,,,,,,,,,,,,,,,,,,,,,,,,,
169272,169272,0.500000,UT,1.00a,,14:04:02 29-May-2017,,B,25.7216,-79.2785,,0,,,,,,,,,,,,,,,,,,,,,,,,,,,,,,,,,,
169272,169272,0.500000,UT,,,15:41:47 29-May-2017,,B,25.7229,-79.2810,,,,,,,,,,,,,,,,,,,,,,,,,,,,,,,,,,,,
169272,169272,0.500000,UT,,,15:51:03 29-May-2017,,B,25.7229,-79.2810,,,,,7887,,,,,,,,,,,,,,,,,,,,,,,,,,,,,,,
169272,169272,0.500000,UT,,,20:30:41 29-May-2017,,B,25.7174,-79.2831,,,,,,,,,33.25,,,,,,,,,,,,,,,,,,,,,,,,,,,
169272,169272,0.500000,UT,,,23:09:20 29-May-2017,,B,25.7213,-79.2879,,,,,,,,,,,,,,,,,,,,,,,,,,,,,,,,,,,,
169272,169272,0.500000,UT,,,23:13:21 29-May-2017,,B,25.7213,-79.2879,,,,,7947,,,,,,,,,,,,,,,,,,,,,,,,,,,,,,,
169272,169272,0.500000,UT,1.00a,,23:20:20 29-May-2017,,B,25.7200,-79.2884,,0,,,,,,,,,,,,,,,,,,,,,,,,,,,,,,,,,,
169272,169272,0.500000,UT,1.00a,,00:52:08 30-May-2017,,B,25.7221,-79.2888,,0,,,,,,,,,,,,,,,,,,,,,,,,,,,,,,,,,,
169272,169272,0.500000,UT,,,02:58:54 30-May-2017,,B,25.7283,-79.2696,,,,,,,,,,,,,,,,,,,,,,,,,,,,,,,,,,,,
169272,169272,0.500000,UT,,,08:56:01 30-May-2017,,B,25.7211,-79.2515,,,,,8037,,,,,,,,,,,,,,,,,,,,,,,,,,,,,,,
169272,169272,0.500000,UT,,,08:57:33 30-May-2017,,B,25.7211,-79.2515,,,,,,,,,28.60,,,,,,,,,,,,,,,,,,,,,,,,,,,
169272,169272,0.500000,UT,,,10:37:45 30-May-2017,,B,25.7213,-79.2609,,,,,,,,,,,,,,,,,,,,,,,,,,,,,,,,,,,,
169272,169272,0.500000,UT,,,11:45:43 30-May-2017,,B,25.7158,-79.2579,,,,,,,,,,,,,,,,,,,,,,,,,,,,,,,,,,,,
169272,169272,0.500000,UT,,,11:51:10 30-May-2017,,B,25.7158,-79.2579,,,,,8072,,,,,,,,,,,,,,,,,,,,,,,,,,,,,,,
169272,169272,0.500000,UT,1.00a,,11:55:54 30-May-2017,,B,25.7208,-79.2579,,0,,,,,,,,,,,,,,,,,,,,,,,,,,,,,,,,,,
169272,169272,0.500000,UT,,,12:22:25 30-May-2017,,B,25.7200,-79.2657,,,,,8082,,,,,,,,,,,,,,,,,,,,,,,,,,,,,,,
169272,169272,0.500000,UT,,,12:28:47 30-May-2017,,B,25.7200,-79.2657,,,,,,,,,28.70,,,,,,,,,,,,,,,,,,,,,,,,,,,
169272,169272,0.500000,UT,,,15:22:48 30-May-2017,,B,25.7261,-79.2700,,,,,,,,,30.50,,,,,,,,,,,,,,,,,,,,,,,,,,,
169272,169272,0.500000,UT,1.00a,,15:27:49 30-May-2017,,B,25.7261,-79.2700,,0,,,,,,,,,,,,,,,,,,,,,,,,,,,,,,,,,,
169272,169272,0.500000,UT,,,22:36:19 30-May-2017,,A,25.7213,-79.2847,,,,,,,,,,,,,,,,,,,,,,,,,,,,,,,,,,,,
169272,169272,0.500000,UT,,,22:38:05 30-May-2017,,A,25.7213,-79.2847,,,,,8197,,,,,,,,,,,,,,,,,,,,,,,,,,,,,,,
169272,169272,0.500000,UT,,,22:40:32 30-May-2017,,A,25.7213,-79.2847,,,,,,,,,34.15,,,,,,,,,,,,,,,,,,,,,,,,,,,
169272,169272,0.500000,UT,,,22:52:53 30-May-2017,,B,25.7210,-79.2878,,,,,27219,,,,,,,,,,,,,,,,,,,,,,,,,,,,,,,
169272,169272,0.500000,UT,,,23:02:46 30-May-2017,,B,25.7210,-79.2878,,,,,,,,,,,,,,,,,,,,,,,,,,,,,,,,,,,,
169272,169272,0.500000,UT,,,23:44:19 30-May-2017,,B,25.7209,-79.2875,,,,,,,,,,,,,,,,,,,,,,,,,,,,,,,,,,,,
169272,169272,0.500000,UT,,,00:19:38 31-May-2017,,B,25.7234,-79.2888,,,,,,,,,32.80,,,,,,,,,,,,,,,,,,,,,,,,,,,
169272,169272,0.500000,UT,,,02:35:58 31-May-2017,,A,25.7234,-79.2811,,,,,8272,,,,,,,,,,,,,,,,,,,,,,,,,,,,,,,
169272,169272,0.500000,UT,1.00a,,02:39:08 31-May-2017,,A,25.7234,-79.2811,,0,,,,,,,,,,,,,,,,,,,,,,,,,,,,,,,,,,
169272,169272,0.500000,UT,,,02:43:33 31-May-2017,,A,25.7234,-79.2811,,,,,,,,,30.60,,,,,,,,,,,,,,,,,,,,,,,,,,,
169272,169272,0.500000,UT,1.00a,,08:41:35 31-May-2017,,B,25.7244,-79.2816,,0,,,,,,,,,,,,,,,,,,,,,,,,,,,,,,,,,,
169272,169272,0.500000,UT,,,11:17:42 31-May-2017,,B,25.7282,-79.2812,,,,,8362,,,,,,,,,,,,,,,,,,,,,,,,,,,,,,,
169272,169272,0.500000,UT,1.00a,,12:13:29 31-May-2017,,B,25.7239,-79.2847,,0,,,,,,,,,,,,,,,,,,,,,,,,,,,,,,,,,,
169272,169272,0.500000,UT,,,12:16:57 31-May-2017,,B,25.7239,-79.2847,,,,,,,,,,,,,,,,,,,,,,,,,,,,,,,,,,,,
169272,169272,0.500000,UT,,,18:25:09 31-May-2017,,B,25.7253,-79.2988,,,,,,,,,,,,,,,,,,,,,,,,,,,,,,,,,,,,
169272,169272,0.500000,UT,,20:02:20 31-May-2017,20:02:21 31-May-2017,1,B,25.7348,-79.2833,CRC,,,,8420,3.450,,,34.60,,,,,,,,,,,,,,107,13,,,,,,,,,0,,,
169272,169272,0.500000,UT,,,20:07:47 31-May-2017,,B,25.7348,-79.2833,,,,,8422,,,,,,,,,,,,,,,,,,,,,,,,,,,,,,,
169272,169272,0.500000,UT,,,22:03:53 31-May-2017,,A,25.7241,-79.2774,,,,,,,,,,,,,,,,,,,,,,,,,,,,,,,,,,,,
169272,169272,0.500000,UT,,23:26:37 31-May-2017,23:26:38 31-May-2017,1,2,25.7211,-79.2786,CRC,,,,8480,3.425,,,33.80,,,,,,,,,,,,,,60,13,,,,,,,,,0,,,
169272,169272,0.500000,UT,,,23:32:37 31-May-2017,,2,25.7211,-79.2786,,,,,,,,,33.75,,,,,,,,,,,,,,,,,,,,,,,,,,,
169272,169272,0.500000,UT,,,23:42:38 31-May-2017,,B,25.7233,-79.2792,,,,,,,,,33.65,,,,,,,,,,,,,,,,,,,,,,,,,,,
169272,169272,0.500000,UT,,,08:38:28 01-Jun-2017,,B,25.7187,-79.2701,,,,,,,,,29.60,,,,,,,,,,,,,,,,,,,,,,,,,,,
169272,169272,0.500000,UT,,,10:14:45 01-Jun-2017,,B,25.7226,-79.2708,,,,,,,,,28.10,,,,,,,,,,,,,,,,,,,,,,,,,,,
169272,169272,0.500000,UT,,,10:53:25 01-Jun-2017,,A,25.7165,-79.3005,,,,,,,,,,,,,,,,,,,,,,,,,,,,,,,,,,,,
169272,169272,0.500000,UT,,,11:52:56 01-Jun-2017,,B,25.7211,-79.2943,,,,,8637,,,,,,,,,,,,,,,,,,,,,,,,,,,,,,,
169272,169272,0.500000,UT,,12:35:54 01-Jun-2017,12:35:56 01-Jun-2017,2,B,25.7192,-79.3019,CRC,,,,8645,3.425,,,27.75,,,,,,,,,,,,,,116,13,,,,,,,,,0,,,
169272,169272,0.500000,UT,,,23:11:44 01-Jun-2017,,B,25.7283,-79.2871,,,,,,,,,34.35,,,,,,,,,,,,,,,,,,,,,,,,,,,
169272,169272,0.500000,UT,,,23:19:09 01-Jun-2017,,B,25.7193,-79.2866,,,,,,,,,,,,,,,,,,,,,,,,,,,,,,,,,,,,
169272,169272,0.500000,UT,,,23:21:03 01-Jun-2017,,B,25.7283,-79.2871,,,,,8722,,,,,,,,,,,,,,,,,,,,,,,,,,,,,,,
169272,169272,0.500000,UT,,,23:46:19 01-Jun-2017,,B,25.7143,-79.3000,,,,,,,,,33.80,,,,,,,,,,,,,,,,,,,,,,,,,,,
169272,169272,0.500000,UT,,01:55:53 02-Jun-2017,01:55:54 02-Jun-2017,1,B,25.7322,-79.2896,CRC,,,,8775,3.400,,,32.25,,,,,,,,,,,,,,66,13,,,,,,,,,0,,,
169272,169272,0.500000,UT,,,02:03:38 02-Jun-2017,,B,25.7322,-79.2896,,,,,8777,,,,,,,,,,,,,,,,,,,,,,,,,,,,,,,
169272,169272,0.500000,UT,,,08:28:42 02-Jun-2017,,B,25.7451,-79.2805,,,,,8827,,,,,,,,,,,,,,,,,,,,,,,,,,,,,,,
169272,169272,0.500000,UT,,,10:31:54 02-Jun-2017,,B,25.7353,-79.2752,,,,,,,,,,,,,,,,,,,,,,,,,,,,,,,,,,,,
169272,169272,0.500000,UT,,,12:11:16 02-Jun-2017,,B,25.7242,-79.2731,,,,,,,,,,,,,,,,,,,,,,,,,,,,,,,,,,,,
169272,169272,0.500000,UT,1.00a,,22:45:33 02-Jun-2017,,B,25.7262,-79.2670,,0,,,,,,,,,,,,,,,,,,,,,,,,,,,,,,,,,,
169272,169272,0.500000,UT,,,23:00:40 02-Jun-2017,,B,25.7238,-79.2734,,,,,,,,,30.50,,,,,,,,,,,,,,,,,,,,,,,,,,,
169272,169272,0.500000,UT,1.04a,,23:24:47 02-Jun-2017,,B,25.7236,-79.2725,,0,,,,,,,,,,,,,,,,,,,,,,,,,,,,,,,,,,
169272,169272,0.500000,UT,,,11:38:12 03-Jun-2017,,B,25.7155,-79.2526,,,,,9067,,,,,,,,,,,,,,,,,,,,,,,,,,,,,,,
169272,169272,0.500000,UT,,,14:03:01 03-Jun-2017,,B,25.7199,-79.2651,,,,,,,,,26.75,,,,,,,,,,,,,,,,,,,,,,,,,,,
169272,169272,0.500000,UT,,,15:43:14 03-Jun-2017,,B,25.7194,-79.2661,,,,,9122,,,,,,,,,,,,,,,,,,,,,,,,,,,,,,,
169272,169272,0.500000,UT,1.00a,,23:00:13 03-Jun-2017,,B,25.7233,-79.2707,,0,,,,,,,,,,,,,,,,,,,,,,,,,,,,,,,,,,
169272,169272,0.500000,UT,,,23:52:25 03-Jun-2017,,B,25.7258,-79.2716,,,,,,,,,27.65,,,,,,,,,,,,,,,,,,,,,,,,,,,
169272,169272,0.500000,UT,1.00a,,23:55:38 03-Jun-2017,,B,25.7258,-79.2716,,0,,,,,,,,,,,,,,,,,,,,,,,,,,,,,,,,,,
169272,169272,0.500000,UT,,,02:53:36 04-Jun-2017,,B,25.7269,-79.2734,,,,,,,,,,,,,,,,,,,,,,,,,,,,,,,,,,,,
169272,169272,0.500000,UT,,,08:04:07 04-Jun-2017,,B,25.7319,-79.2739,,,,,9237,,,,,,,,,,,,,,,,,,,,,,,,,,,,,,,
169272,169272,0.500000,UT,,,10:58:51 04-Jun-2017,,B,25.7344,-79.2753,,,,,,,,,,,,,,,,,,,,,,,,,,,,,,,,,,,,
169272,169272,0.500000,UT,1.00a,,11:19:13 04-Jun-2017,,B,25.7353,-79.2772,,0,,,,,,,,,,,,,,,,,,,,,,,,,,,,,,,,,,
169272,169272,0.500000,UT,,,11:24:51 04-Jun-2017,,B,25.7353,-79.2772,,,,,,,,,,,,,,,,,,,,,,,,,,,,,,,,,,,,
169272,169272,0.500000,UT,,,13:05:18 04-Jun-2017,,B,25.7298,-79.2818,,,,,9337,,,,,,,,,,,,,,,,,,,,,,,,,,,,,,,
169272,169272,0.500000,UT,,,15:20:29 04-Jun-2017,,B,25.7252,-79.2836,,,,,,,,,,,,,,,,,,,,,,,,,,,,,,,,,,,,
169272,169272,0.500000,UT,,,15:26:25 04-Jun-2017,,B,25.7252,-79.2836,,,,,,,,,28.05,,,,,,,,,,,,,,,,,,,,,,,,,,,
169272,169272,0.500000,UT,,,02:32:46 05-Jun-2017,,B,25.7094,-79.3076,,,,,,,,,,,,,,,,,,,,,,,,,,,,,,,,,,,,
169272,169272,0.500000,UT,1.00a,,10:56:37 05-Jun-2017,,A,25.7400,-79.2622,,0,,,,,,,,,,,,,,,,,,,,,,,,,,,,,,,,,,
169272,169272,0.500000,UT,,,10:59:28 05-Jun-2017,,A,25.7400,-79.2622,,,,,,,,,,,,,,,,,,,,,,,,,,,,,,,,,,,,
169272,169272,0.500000,UT,,,12:56:10 05-Jun-2017,,B,25.7401,-79.2632,,,,,,,,,26.80,,,,,,,,,,,,,,,,,,,,,,,,,,,
169272,169272,0.500000,UT,,,00:11:41 06-Jun-2017,,B,25.7354,-79.2694,,,,,9727,,,,,,,,,,,,,,,,,,,,,,,,,,,,,,,
169272,169272,0.500000,UT,,,02:16:50 06-Jun-2017,,B,25.7357,-79.2706,,,,,,,,,29.20,,,,,,,,,,,,,,,,,,,,,,,,,,,
169272,169272,0.500000,UT,1.00a,,07:36:01 06-Jun-2017,,B,25.7356,-79.2726,,0,,,,,,,,,,,,,,,,,,,,,,,,,,,,,,,,,,
169272,169272,0.500000,UT,,,11:35:34 06-Jun-2017,,B,25.7318,-79.2732,,,,,9827,,,,,,,,,,,,,,,,,,,,,,,,,,,,,,,
169272,169272,0.500000,UT,,,11:38:41 06-Jun-2017,,B,25.7318,-79.2732,,,,,,,,,28.60,,,,,,,,,,,,,,,,,,,,,,,,,,,
169272,169272,0.500000,UT,1.00a,,12:08:49 06-Jun-2017,,B,25.7318,-79.2730,,0,,,,,,,,,,,,,,,,,,,,,,,,,,,,,,,,,,
169272,169272,0.500000,UT,,,12:37:09 06-Jun-2017,,A,25.7275,-79.2686,,,,,9847,,,,,,,,,,,,,,,,,,,,,,,,,,,,,,,
169272,169272,0.500000,UT,1.00a,,12:41:57 06-Jun-2017,,A,25.7275,-79.2686,,0,,,,,,,,,,,,,,,,,,,,,,,,,,,,,,,,,,
169272,169272,0.500000,UT,,,20:36:03 06-Jun-2017,,3,25.7222,-79.2789,,,,,9937,,,,,,,,,,,,,,,,,,,,,,,,,,,,,,,
169272,169272,0.500000,UT,,,20:36:55 06-Jun-2017,,3,25.7222,-79.2789,,,,,,,,,30.30,,,,,,,,,,,,,,,,,,,,,,,,,,,
169272,169272,0.500000,UT,1.00a,,20:37:41 06-Jun-2017,,3,25.7222,-79.2789,,0,,,,,,,,,,,,,,,,,,,,,,,,,,,,,,,,,,
169272,169272,0.500000,UT,,,20:40:19 06-Jun-2017,,3,25.7222,-79.2789,,,,,,,,,,,,,,,,,,,,,,,,,,,,,,,,,,,,
169272,169272,0.500000,UT,,22:19:14 06-Jun-2017,22:19:16 06-Jun-2017,2,B,25.7237,-79.2740,CRC,,,,9960,3.400,,,29.20,,,,,,,,,,,,,,103,14,,,,,,,,,0,,,
169272,169272,0.500000,UT,,,22:19:54 06-Jun-2017,,B,25.7237,-79.2740,,,,,,,,,,,,,,,,,,,,,,,,,,,,,,,,,,,,
169272,169272,0.500000,UT,,,07:28:50 07-Jun-2017,,B,25.7318,-79.2667,,,,,,,,,27.90,,,,,,,,,,,,,,,,,,,,,,,,,,,
169272,169272,0.500000,UT,,,20:21:49 07-Jun-2017,,2,25.7205,-79.2846,,,,,10172,,,,,,,,,,,,,,,,,,,,,,,,,,,,,,,
169272,169272,0.500000,UT,,,20:22:57 07-Jun-2017,,2,25.7205,-79.2846,,,,,,,,,29.65,,,,,,,,,,,,,,,,,,,,,,,,,,,
169272,169272,0.500000,UT,,,20:25:29 07-Jun-2017,,2,25.7205,-79.2846,,,,,,,,,,,,,,,,,,,,,,,,,,,,,,,,,,,,
169272,169272,0.500000,UT,,22:55:47 07-Jun-2017,22:55:49 07-Jun-2017,2,A,25.7238,-79.2815,CRC,,,,10220,3.425,,,28.95,,,,,,,,,,,,,,87,14,,,,,,,,,0,,,
169272,169272,0.500000,UT,,,23:00:53 07-Jun-2017,,A,25.7238,-79.2815,,,,,,,,,28.85,,,,,,,,,,,,,,,,,,,,,,,,,,,
169272,169272,0.500000,UT,1.00a,,10:33:58 08-Jun-2017,,B,25.7246,-79.2756,,0,,,,,,,,,,,,,,,,,,,,,,,,,,,,,,,,,,
169272,169272,0.500000,UT,,,10:35:56 08-Jun-2017,,B,25.7246,-79.2756,,,,,,,,,,,,,,,,,,,,,,,,,,,,,,,,,,,,
169272,169272,0.500000,UT,,,11:17:13 08-Jun-2017,,3,25.7257,-79.2816,,,,,,,,,,,,,,,,,,,,,,,,,,,,,,,,,,,,
169272,169272,0.500000,UT,,,11:18:47 08-Jun-2017,,3,25.7257,-79.2816,,,,,10357,,,,,,,,,,,,,,,,,,,,,,,,,,,,,,,
169272,169272,0.500000,UT,1.00a,,11:21:33 08-Jun-2017,,3,25.7257,-79.2816,,0,,,,,,,,,,,,,,,,,,,,,,,,,,,,,,,,,,
169272,169272,0.500000,UT,,,12:13:28 08-Jun-2017,,A,25.7263,-79.2724,,,,,,,,,,,,,,,,,,,,,,,,,,,,,,,,,,,,
169272,169272,0.500000,UT,,,12:15:39 08-Jun-2017,,A,25.7263,-79.2724,,,,,10387,,,,,,,,,,,,,,,,,,,,,,,,,,,,,,,
169272,169272,0.500000,UT,1.00a,,12:22:24 08-Jun-2017,,A,25.7263,-79.2724,,0,,,,,,,,,,,,,,,,,,,,,,,,,,,,,,,,,,
169272,169272,0.500000,UT,1.00a,,22:30:28 08-Jun-2017,,A,25.7227,-79.2780,,0,,,,,,,,,,,,,,,,,,,,,,,,,,,,,,,,,,
169272,169272,0.500000,UT,,,22:34:09 08-Jun-2017,,A,25.7227,-79.2780,,,,,,,,,,,,,,,,,,,,,,,,,,,,,,,,,,,,
169272,169272,0.500000,UT,,,22:36:05 08-Jun-2017,,A,25.7227,-79.2780,,,,,10462,,,,,,,,,,,,,,,,,,,,,,,,,,,,,,,
169272,169272,0.500000,UT,,,22:55:38 08-Jun-2017,,B,25.7264,-79.2742,,,,,10472,,,,,,,,,,,,,,,,,,,,,,,,,,,,,,,
169272,169272,0.500000,UT,,,22:57:45 08-Jun-2017,,B,25.7264,-79.2742,,,,,,,,,29.15,,,,,,,,,,,,,,,,,,,,,,,,,,,
169272,169272,0.500000,UT,,,23:34:27 08-Jun-2017,,A,25.7267,-79.2767,,,,,10492,,,,,,,,,,,,,,,,,,,,,,,,,,,,,,,
169272,169272,0.500000,UT,,,23:35:10 08-Jun-2017,,A,25.7267,-79.2767,,,,,,,,,28.95,,,,,,,,,,,,,,,,,,,,,,,,,,,
169272,169272,0.500000,UT,,,00:12:46 09-Jun-2017,,B,25.7270,-79.2743,,,,,10507,,,,,,,,,,,,,,,,,,,,,,,,,,,,,,,
169272,169272,0.500000,UT,1.00a,,01:17:33 09-Jun-2017,,B,25.7280,-79.2700,,0,,,,,,,,,,,,,,,,,,,,,,,,,,,,,,,,,,
169272,169272,0.500000,UT,,,08:39:08 09-Jun-2017,,0,25.7454,-79.2805,,,,,,,,,27.65,,,,,,,,,,,,,,,,,,,,,,,,,,,
169272,169272,0.500000,UT,,,10:04:27 09-Jun-2017,,A,25.7184,-79.2822,,,,,,,,,,,,,,,,,,,,,,,,,,,,,,,,,,,,
169272,169272,0.500000,UT,,,10:06:50 09-Jun-2017,,A,25.7184,-79.2822,,,,,,,,,27.25,,,,,,,,,,,,,,,,,,,,,,,,,,,
169272,169272,0.500000,UT,,,20:05:00 09-Jun-2017,,B,25.6845,-79.2848,,,,,10657,,,,,,,,,,,,,,,,,,,,,,,,,,,,,,,
169272,169272,0.500000,UT,,,22:03:52 09-Jun-2017,,2,25.7215,-79.2776,,,,,,,,,,,,,,,,,,,,,,,,,,,,,,,,,,,,
169272,169272,0.500000,UT,,,22:04:23 09-Jun-2017,,2,25.7215,-79.2776,,,,,10702,,,,,,,,,,,,,,,,,,,,,,,,,,,,,,,
169272,169272,0.500000,UT,,,22:08:31 09-Jun-2017,,2,25.7215,-79.2776,,,,,10707,,,,,,,,,,,,,,,,,,,,,,,,,,,,,,,
169272,169272,0.500000,UT,,,22:29:23 09-Jun-2017,,B,25.7217,-79.2764,,,,,10722,,,,,,,,,,,,,,,,,,,,,,,,,,,,,,,
169272,169272,0.500000,UT,,,23:22:04 09-Jun-2017,,B,25.7219,-79.2769,,,,,,,,,,,,,,,,,,,,,,,,,,,,,,,,,,,,
169272,169272,0.500000,UT,,,08:31:06 10-Jun-2017,,B,25.7257,-79.2772,,,,,,,,,28.55,,,,,,,,,,,,,,,,,,,,,,,,,,,
169272,169272,0.500000,UT,,11:12:25 10-Jun-2017,11:12:27 10-Jun-2017,2,B,25.7274,-79.2670,CRC,,,,10865,3.450,,,28.50,,,,,,,,,,,,,,106,14,,,,,,,,,0,,,
169272,169272,0.500000,UT,,,01:15:10 11-Jun-2017,,B,25.7347,-79.2630,,,,,,,,,,,,,,,,,,,,,,,,,,,,,,,,,,,,
169272,169272,0.500000,UT,,,10:01:18 11-Jun-2017,,B,25.7324,-79.2578,,,,,,,,,,,,,,,,,,,,,,,,,,,,,,,,,,,,
169272,169272,0.500000,UT,,,10:47:48 11-Jun-2017,,B,25.7318,-79.2944,,,,,11072,,,,,,,,,,,,,,,,,,,,,,,,,,,,,,,
169272,169272,0.500000,UT,,,11:39:32 11-Jun-2017,,B,25.7317,-79.2995,,,,,,,,,,,,,,,,,,,,,,,,,,,,,,,,,,,,
169272,169272,0.500000,UT,,13:19:19 11-Jun-2017,13:19:20 11-Jun-2017,1,B,25.7358,-79.3045,CRC,,,,11105,3.425,,,29.40,,,,,,,,,,,,,,71,14,,,,,,,,,0,,,
169272,169272,0.500000,UT,,,22:58:20 11-Jun-2017,,2,25.7219,-79.2845,,,,,11207,,,,,,,,,,,,,,,,,,,,,,,,,,,,,,,
169272,169272,0.500000,UT,,,22:58:50 11-Jun-2017,,2,25.7219,-79.2845,,,,,,,,,32.15,,,,,,,,,,,,,,,,,,,,,,,,,,,
169272,169272,0.500000,UT,1.00a,,23:02:28 11-Jun-2017,,2,25.7219,-79.2845,,0,,,,,,,,,,,,,,,,,,,,,,,,,,,,,,,,,,
169272,169272,0.500000,UT,,,11:16:37 12-Jun-2017,,A,25.7212,-79.2833,,,,,11377,,,,,,,,,,,,,,,,,,,,,,,,,,,,,,,
169272,169272,0.500000,UT,,,11:18:38 12-Jun-2017,,A,25.7212,-79.2833,,,,,,,,,28.65,,,,,,,,,,,,,,,,,,,,,,,,,,,
169272,169272,0.500000,UT,1.00a,,11:21:46 12-Jun-2017,,A,25.7212,-79.2833,,0,,,,,,,,,,,,,,,,,,,,,,,,,,,,,,,,,,
169272,169272,0.500000,UT,,,22:38:20 12-Jun-2017,,B,25.7226,-79.2878,,,,,,,,,,,,,,,,,,,,,,,,,,,,,,,,,,,,
169272,169272,0.500000,UT,,,22:45:43 12-Jun-2017,,B,25.7269,-79.2803,,,,,,,,,31.95,,,,,,,,,,,,,,,,,,,,,,,,,,,
169272,169272,0.500000,UT,1.00a,,22:47:02 12-Jun-2017,,B,25.7269,-79.2803,,0,,,,,,,,,,,,,,,,,,,,,,,,,,,,,,,,,,
169272,169272,0.500000,UT,,,00:09:48 13-Jun-2017,,A,25.7239,-79.2761,,,,,,,,,,,,,,,,,,,,,,,,,,,,,,,,,,,,
169272,169272,0.500000,UT,1.00a,,00:15:02 13-Jun-2017,,A,25.7239,-79.2761,,0,,,,,,,,,,,,,,,,,,,,,,,,,,,,,,,,,,
169272,169272,0.500000,UT,,,00:30:01 13-Jun-2017,,B,25.7248,-79.2719,,,,,,,,,30.95,,,,,,,,,,,,,,,,,,,,,,,,,,,
169272,169272,0.500000,UT,,,01:35:07 13-Jun-2017,,B,25.7243,-79.2720,,,,,,,,,30.60,,,,,,,,,,,,,,,,,,,,,,,,,,,
169272,169272,0.500000,UT,,,20:57:47 13-Jun-2017,,B,25.7259,-79.2666,,,,,,,,,,,,,,,,,,,,,,,,,,,,,,,,,,,,
169272,169272,0.500000,UT,1.00a,,22:10:24 13-Jun-2017,,B,25.7267,-79.2791,,0,,,,,,,,,,,,,,,,,,,,,,,,,,,,,,,,,,
169272,169272,0.500000,UT,1.00a,,23:46:42 13-Jun-2017,,B,25.7220,-79.2735,,0,,,,,,,,,,,,,,,,,,,,,,,,,,,,,,,,,,
169272,169272,0.500000,UT,1.00a,,00:18:16 14-Jun-2017,,B,25.7261,-79.2765,,0,,,,,,,,,,,,,,,,,,,,,,,,,,,,,,,,,,
169272,169272,0.500000,UT,,,01:11:04 14-Jun-2017,,B,25.7262,-79.2790,,,,,11787,,,,,,,,,,,,,,,,,,,,,,,,,,,,,,,
169272,169272,0.500000,UT,,,20:46:16 14-Jun-2017,,B,25.7251,-79.3262,,,,,,,,,31.85,,,,,,,,,,,,,,,,,,,,,,,,,,,
169272,169272,0.500000,UT,,,22:22:57 14-Jun-2017,,B,25.7188,-79.2859,,,,,,,,,31.40,,,,,,,,,,,,,,,,,,,,,,,,,,,
169272,169272,0.500000,UT,,,23:08:58 14-Jun-2017,,B,25.7278,-79.2761,,,,,,,,,31.25,,,,,,,,,,,,,,,,,,,,,,,,,,,
169272,169272,0.500000,UT,,,00:07:44 15-Jun-2017,,2,25.7224,-79.2781,,,,,12017,,,,,,,,,,,,,,,,,,,,,,,,,,,,,,,
169272,169272,0.500000,UT,,,00:09:06 15-Jun-2017,,2,25.7224,-79.2781,,,,,,,,,31.25,,,,,,,,,,,,,,,,,,,,,,,,,,,
169272,169272,0.500000,UT,,,02:24:32 15-Jun-2017,,B,25.7228,-79.2719,,,,,,,,,30.05,,,,,,,,,,,,,,,,,,,,,,,,,,,
169272,169272,0.500000,UT,,,18:58:08 15-Jun-2017,,B,25.7256,-79.2819,,,,,,,,,,,,,,,,,,,,,,,,,,,,,,,,,,,,
169272,169272,0.500000,UT,,,20:29:35 15-Jun-2017,,B,25.7314,-79.2646,,,,,,,,,34.00,,,,,,,,,,,,,,,,,,,,,,,,,,,
169272,169272,0.500000,UT,,,00:18:32 16-Jun-2017,,B,25.7175,-79.2720,,,,,,,,,32.35,,,,,,,,,,,,,,,,,,,,,,,,,,,
169272,169272,0.500000,UT,,,11:21:48 16-Jun-2017,,B,25.7214,-79.2784,,,,,,,,,28.10,,,,,,,,,,,,,,,,,,,,,,,,,,,
169272,169272,0.500000,UT,,,20:26:44 16-Jun-2017,,B,25.7231,-79.2596,,,,,,,,,,,,,,,,,,,,,,,,,,,,,,,,,,,,
169272,169272,0.500000,UT,,,22:12:05 16-Jun-2017,,B,25.7197,-79.2524,,,,,,,,,,,,,,,,,,,,,,,,,,,,,,,,,,,,
169272,169272,0.500000,UT,,,22:33:44 16-Jun-2017,,B,25.7243,-79.2569,,,,,,,,,,,,,,,,,,,,,,,,,,,,,,,,,,,,
169272,169272,0.500000,UT,,,23:45:26 16-Jun-2017,,B,25.7254,-79.2545,,,,,12477,,,,,,,,,,,,,,,,,,,,,,,,,,,,,,,
169272,169272,0.500000,UT,,,23:50:03 16-Jun-2017,,B,25.7262,-79.2568,,,,,,,,,28.95,,,,,,,,,,,,,,,,,,,,,,,,,,,
169272,169272,0.500000,UT,1.00a,,00:10:13 17-Jun-2017,,B,25.7263,-79.2570,,0,,,,,,,,,,,,,,,,,,,,,,,,,,,,,,,,,,
169272,169272,0.500000,UT,,,10:54:11 17-Jun-2017,,B,25.7294,-79.2412,,,,,,,,,,,,,,,,,,,,,,,,,,,,,,,,,,,,
169272,169272,0.500000,UT,,,12:33:22 17-Jun-2017,,B,25.7287,-79.2617,,,,,12632,,,,,,,,,,,,,,,,,,,,,,,,,,,,,,,
169272,169272,0.500000,UT,,,23:19:42 17-Jun-2017,,B,25.7267,-79.2714,,,,,12687,,,,,,,,,,,,,,,,,,,,,,,,,,,,,,,
169272,169272,0.500000,UT,,,23:36:46 17-Jun-2017,,B,25.7263,-79.2750,,,,,,,,,29.30,,,,,,,,,,,,,,,,,,,,,,,,,,,
169272,169272,0.500000,UT,,,10:21:12 18-Jun-2017,,0,25.7264,-79.2727,,,,,,,,,26.75,,,,,,,,,,,,,,,,,,,,,,,,,,,
169272,169272,0.500000,UT,,,10:24:03 18-Jun-2017,,3,25.7274,-79.2728,,,,,,,,,,,,,,,,,,,,,,,,,,,,,,,,,,,,
169272,169272,0.500000,UT,1.00a,,10:27:41 18-Jun-2017,,3,25.7274,-79.2728,,0,,,,,,,,,,,,,,,,,,,,,,,,,,,,,,,,,,
169272,169272,0.500000,UT,,,10:30:08 18-Jun-2017,,3,25.7274,-79.2728,,,,,,,,,,,,,,,,,,,,,,,,,,,,,,,,,,,,
169272,169272,0.500000,UT,1.00a,,13:41:20 18-Jun-2017,,B,25.7257,-79.2765,,0,,,,,,,,,,,,,,,,,,,,,,,,,,,,,,,,,,
169272,169272,0.500000,UT,,13:50:37 18-Jun-2017,13:50:39 18-Jun-2017,2,B,25.7243,-79.2787,CRC,,,,12865,3.400,,,28.05,,,,,,,,,,,,,,81,14,,,,,,,,,0,,,
169272,169272,0.500000,UT,,,18:19:07 18-Jun-2017,,B,25.7263,-79.2827,,,,,,,,,,,,,,,,,,,,,,,,,,,,,,,,,,,,
169272,169272,0.500000,UT,,,20:00:28 18-Jun-2017,,B,25.7246,-79.2822,,,,,,,,,32.30,,,,,,,,,,,,,,,,,,,,,,,,,,,
169272,169272,0.500000,UT,,23:18:44 18-Jun-2017,23:18:46 18-Jun-2017,2,B,25.7274,-79.2786,CRC,,,,12970,3.425,,,30.75,,,,,,,,,,,,,,55,14,,,,,,,,,0,,,
169272,169272,0.500000,UT,,,23:27:15 18-Jun-2017,,B,25.7286,-79.2731,,,,,12972,,,,,,,,,,,,,,,,,,,,,,,,,,,,,,,
169272,169272,0.500000,UT,1.00a,,00:25:46 19-Jun-2017,,B,25.7298,-79.2731,,0,,,,,,,,,,,,,,,,,,,,,,,,,,,,,,,,,,
169272,169272,0.500000,UT,,,08:31:48 19-Jun-2017,,B,25.7343,-79.2738,,,,,13042,,,,,,,,,,,,,,,,,,,,,,,,,,,,,,,
169272,169272,0.500000,UT,,,13:34:31 19-Jun-2017,,B,25.7290,-79.2556,,,,,,,,,,,,,,,,,,,,,,,,,,,,,,,,,,,,
169272,169272,0.500000,UT,,,22:57:28 19-Jun-2017,,B,25.7337,-79.2508,,,,,,,,,30.50,,,,,,,,,,,,,,,,,,,,,,,,,,,
169272,169272,0.500000,UT,,,23:06:47 19-Jun-2017,,B,25.7346,-79.2557,,,,,,,,,,,,,,,,,,,,,,,,,,,,,,,,,,,,
169272,169272,0.500000,UT,,,02:23:00 20-Jun-2017,,B,25.7345,-79.2558,,,,,,,,,30.10,,,,,,,,,,,,,,,,,,,,,,,,,,,
169272,169272,0.500000,UT,,,08:21:15 20-Jun-2017,,B,25.7333,-79.2583,,,,,,,,,,,,,,,,,,,,,,,,,,,,,,,,,,,,
169272,169272,0.500000,UT,,11:01:39 20-Jun-2017,11:01:42 20-Jun-2017,3,B,25.7267,-79.2568,CRC,,,,13330,3.425,,,26.45,,,,,,,,,,,,,,141,14,,,,,,,,,0,,,
169272,169272,0.500000,UT,,,12:58:52 20-Jun-2017,,B,25.7263,-79.2712,,,,,13382,,,,,,,,,,,,,,,,,,,,,,,,,,,,,,,
169272,169272,0.500000,UT,,,22:34:43 20-Jun-2017,,3,25.7283,-79.2738,,,,,,,,,33.80,,,,,,,,,,,,,,,,,,,,,,,,,,,
169272,169272,0.500000,UT,1.00a,,22:35:14 20-Jun-2017,,3,25.7283,-79.2738,,0,,,,,,,,,,,,,,,,,,,,,,,,,,,,,,,,,,
169272,169272,0.500000,UT,,,23:02:58 20-Jun-2017,,B,25.7273,-79.2749,,,,,,,,,,,,,,,,,,,,,,,,,,,,,,,,,,,,
169272,169272,0.500000,UT,,,23:23:28 20-Jun-2017,,A,25.7313,-79.2752,,,,,,,,,33.35,,,,,,,,,,,,,,,,,,,,,,,,,,,
169272,169272,0.500000,UT,1.00a,,23:25:32 20-Jun-2017,,A,25.7313,-79.2752,,0,,,,,,,,,,,,,,,,,,,,,,,,,,,,,,,,,,
169272,169272,0.500000,UT,,,00:09:17 21-Jun-2017,,2,25.7316,-79.2742,,,,,13532,,,,,,,,,,,,,,,,,,,,,,,,,,,,,,,
169272,169272,0.500000,UT,1.00a,,00:11:50 21-Jun-2017,,2,25.7316,-79.2742,,0,,,,,,,,,,,,,,,,,,,,,,,,,,,,,,,,,,
169272,169272,0.500000,UT,,,00:15:43 21-Jun-2017,,2,25.7316,-79.2742,,,,,,,,,,,,,,,,,,,,,,,,,,,,,,,,,,,,
169272,169272,0.500000,UT,,,00:17:09 21-Jun-2017,,2,25.7316,-79.2742,,,,,13537,,,,,,,,,,,,,,,,,,,,,,,,,,,,,,,
169272,169272,0.500000,UT,,,00:38:37 21-Jun-2017,,B,25.7311,-79.2735,,,,,,,,,,,,,,,,,,,,,,,,,,,,,,,,,,,,
169272,169272,0.500000,UT,,,01:06:36 21-Jun-2017,,B,25.7315,-79.2737,,,,,,,,,,,,,,,,,,,,,,,,,,,,,,,,,,,,
169272,169272,0.500000,UT,1.00a,,02:03:28 21-Jun-2017,,B,25.7335,-79.2707,,0,,,,,,,,,,,,,,,,,,,,,,,,,,,,,,,,,,
169272,169272,0.500000,UT,,,02:08:59 21-Jun-2017,,B,25.7335,-79.2707,,,,,,,,,,,,,,,,,,,,,,,,,,,,,,,,,,,,
169272,169272,0.500000,UT,,,22:43:00 21-Jun-2017,,B,25.7327,-79.2697,,,,,,,,,,,,,,,,,,,,,,,,,,,,,,,,,,,,
169272,169272,0.500000,UT,1.24b,,22:52:18 21-Jun-2017,,B,25.7298,-79.2798,,0,,,,,,,,,,,,,,,,,,,,,,,,,,,,,,,,,,
169272,169272,0.500000,UT,,,22:53:42 21-Jun-2017,,B,25.7298,-79.2798,,,,,13737,,,,,,,,,,,,,,,,,,,,,,,,,,,,,,,
169272,169272,0.500000,UT,1.00a,,23:42:38 21-Jun-2017,,2,25.7300,-79.2727,,0,,,,,,,,,,,,,,,,,,,,,,,,,,,,,,,,,,
169272,169272,0.500000,UT,,,23:48:26 21-Jun-2017,,2,25.7300,-79.2727,,,,,,,,,,,,,,,,,,,,,,,,,,,,,,,,,,,,
169272,169272,0.500000,UT,,,23:51:12 21-Jun-2017,,2,25.7300,-79.2727,,,,,13772,,,,,,,,,,,,,,,,,,,,,,,,,,,,,,,
169272,169272,0.500000,UT,,,00:23:56 22-Jun-2017,,3,25.7314,-79.2693,,,,,13787,,,,,,,,,,,,,,,,,,,,,,,,,,,,,,,
169272,169272,0.500000,UT,,,00:24:32 22-Jun-2017,,3,25.7314,-79.2693,,,,,,,,,33.20,,,,,,,,,,,,,,,,,,,,,,,,,,,
169272,169272,0.500000,UT,1.00a,,00:26:58 22-Jun-2017,,3,25.7314,-79.2693,,0,,,,,,,,,,,,,,,,,,,,,,,,,,,,,,,,,,
169272,169272,0.500000,UT,,,00:31:13 22-Jun-2017,,3,25.7314,-79.2693,,,,,,,,,,,,,,,,,,,,,,,,,,,,,,,,,,,,
169272,169272,0.500000,UT,,,00:33:33 22-Jun-2017,,B,25.7355,-79.2706,,,,,13792,,,,,,,,,,,,,,,,,,,,,,,,,,,,,,,
169272,169272,0.500000,UT,,,22:22:15 22-Jun-2017,,B,25.7431,-79.2451,,,,,,,,,,,,,,,,,,,,,,,,,,,,,,,,,,,,
169272,169272,0.500000,UT,1.00a,,22:26:00 22-Jun-2017,,B,25.7431,-79.2451,,0,,,,,,,,,,,,,,,,,,,,,,,,,,,,,,,,,,
169272,169272,0.500000,UT,1.00a,,23:22:42 22-Jun-2017,,B,25.7313,-79.2612,,0,,,,,,,,,,,,,,,,,,,,,,,,,,,,,,,,,,
169272,169272,0.500000,UT,,,23:59:14 22-Jun-2017,,B,25.7259,-79.2743,,,,,14012,,,,,,,,,,,,,,,,,,,,,,,,,,,,,,,
169272,169272,0.500000,UT,1.00a,,00:11:33 23-Jun-2017,,B,25.7296,-79.2787,,0,,,,,,,,,,,,,,,,,,,,,,,,,,,,,,,,,,
169272,169272,0.500000,UT,,,02:59:25 23-Jun-2017,,B,25.7342,-79.2795,,,,,14077,,,,,,,,,,,,,,,,,,,,,,,,,,,,,,,
169272,169272,0.500000,UT,1.00a,,03:05:14 23-Jun-2017,,B,25.7342,-79.2795,,0,,,,,,,,,,,,,,,,,,,,,,,,,,,,,,,,,,
169272,169272,0.500000,UT,1.00a,,22:22:33 23-Jun-2017,,B,25.7228,-79.2886,,0,,,,,,,,,,,,,,,,,,,,,,,,,,,,,,,,,,
169272,169272,0.500000,UT,,,22:52:59 23-Jun-2017,,B,25.7242,-79.2774,,,,,14227,,,,,,,,,,,,,,,,,,,,,,,,,,,,,,,
169272,169272,0.500000,UT,,,23:30:58 23-Jun-2017,,B,25.7273,-79.2724,,,,,14257,,,,,,,,,,,,,,,,,,,,,,,,,,,,,,,
169272,169272,0.500000,UT,1.00a,,23:57:03 23-Jun-2017,,B,25.7298,-79.2761,,0,,,,,,,,,,,,,,,,,,,,,,,,,,,,,,,,,,
169272,169272,0.500000,UT,,,00:00:53 24-Jun-2017,,B,25.7298,-79.2761,,,,,,,,,32.45,,,,,,,,,,,,,,,,,,,,,,,,,,,
169272,169272,0.500000,UT,,,20:28:23 24-Jun-2017,,3,25.7218,-79.2832,,,,,,,,,,,,,,,,,,,,,,,,,,,,,,,,,,,,
169272,169272,0.500000,UT,,,20:29:06 24-Jun-2017,,3,25.7218,-79.2832,,,,,14432,,,,,,,,,,,,,,,,,,,,,,,,,,,,,,,
169272,169272,0.500000,UT,,,20:30:01 24-Jun-2017,,3,25.7218,-79.2832,,,,,,,,,852.30,,,,,,,,,,,,,,,,,,,,,,,,,,,
169272,169272,0.500000,UT,,,20:34:14 24-Jun-2017,,3,25.7218,-79.2832,,,,,14437,,,,,,,,,,,,,,,,,,,,,,,,,,,,,,,
169272,169272,0.500000,UT,1.00a,,22:10:47 24-Jun-2017,,B,25.7205,-79.2921,,0,,,,,,,,,,,,,,,,,,,,,,,,,,,,,,,,,,
169272,169272,0.500000,UT,,,22:32:54 24-Jun-2017,,B,25.7211,-79.2929,,,,,14467,,,,,,,,,,,,,,,,,,,,,,,,,,,,,,,
169272,169272,0.500000,UT,,,23:00:46 24-Jun-2017,,B,25.7234,-79.2936,,,,,14482,,,,,,,,,,,,,,,,,,,,,,,,,,,,,,,
169272,169272,0.500000,UT,1.00a,,23:45:09 24-Jun-2017,,A,25.7203,-79.2826,,0,,,,,,,,,,,,,,,,,,,,,,,,,,,,,,,,,,
169272,169272,0.500000,UT,1.00a,,00:13:18 25-Jun-2017,,1,25.7194,-79.2673,,0,,,,,,,,,,,,,,,,,,,,,,,,,,,,,,,,,,
169272,169272,0.500000,UT,,,00:14:37 25-Jun-2017,,1,25.7194,-79.2673,,,,,,,,,,,,,,,,,,,,,,,,,,,,,,,,,,,,
169272,169272,0.500000,UT,,,02:17:23 25-Jun-2017,,B,25.7320,-79.2739,,,,,,,,,31.85,,,,,,,,,,,,,,,,,,,,,,,,,,,
169272,169272,0.500000,UT,,,22:27:56 25-Jun-2017,,B,25.7356,-79.2153,,,,,,,,,,,,,,,,,,,,,,,,,,,,,,,,,,,,
169272,169272,0.500000,UT,1.00a,,02:01:53 26-Jun-2017,,B,25.7363,-79.2446,,0,,,,,,,,,,,,,,,,,,,,,,,,,,,,,,,,,,
169272,169272,0.500000,UT,,,23:27:49 26-Jun-2017,,B,25.7248,-79.2408,,,,,,,,,31.85,,,,,,,,,,,,,,,,,,,,,,,,,,,
169272,169272,0.500000,UT,,23:33:05 26-Jun-2017,23:33:09 26-Jun-2017,4,B,25.7239,-79.2539,CRC,,,,14985,3.450,,,31.75,,,,,,,,,,,,,,57,13,,,,,,,,,0,,,
169272,169272,0.500000,UT,1.00a,,23:39:52 26-Jun-2017,,B,25.7239,-79.2539,,0,,,,,,,,,,,,,,,,,,,,,,,,,,,,,,,,,,
169272,169272,0.500000,UT,,,02:31:47 27-Jun-2017,,B,25.7290,-79.2700,,,,,15067,,,,,,,,,,,,,,,,,,,,,,,,,,,,,,,
169272,169272,0.500000,UT,1.00a,,03:27:14 27-Jun-2017,,B,25.7295,-79.2729,,0,,,,,,,,,,,,,,,,,,,,,,,,,,,,,,,,,,
169272,169272,0.500000,UT,,10:22:46 27-Jun-2017,10:22:50 27-Jun-2017,4,B,25.7313,-79.3006,CRC,,,,15135,3.425,,,30.10,,,,,,,,,,,,,,84,13,,,,,,,,,0,,,
169272,169272,0.500000,UT,,,22:59:22 27-Jun-2017,,B,25.7261,-79.2839,,,,,,,,,,,,,,,,,,,,,,,,,,,,,,,,,,,,
169272,169272,0.500000,UT,,,03:04:02 28-Jun-2017,,B,25.7287,-79.2941,,,,,,,,,30.90,,,,,,,,,,,,,,,,,,,,,,,,,,,
169272,169272,0.500000,UT,1.00a,,13:47:08 28-Jun-2017,,B,25.7387,-79.3145,,0,,,,,,,,,,,,,,,,,,,,,,,,,,,,,,,,,,
169272,169272,0.500000,UT,1.00a,,22:34:52 28-Jun-2017,,B,25.7270,-79.2982,,0,,,,,,,,,,,,,,,,,,,,,,,,,,,,,,,,,,
169272,169272,0.500000,UT,,,22:01:46 29-Jun-2017,,B,25.7346,-79.2799,,,,,,,,,,,,,,,,,,,,,,,,,,,,,,,,,,,,
169272,169272,0.500000,UT,,,02:23:26 30-Jun-2017,,B,25.7235,-79.2715,,,,,15622,,,,,,,,,,,,,,,,,,,,,,,,,,,,,,,
169272,169272,0.500000,UT,,,07:59:31 30-Jun-2017,,B,25.7267,-79.2779,,,,,,,,,29.50,,,,,,,,,,,,,,,,,,,,,,,,,,,
169272,169272,0.500000,UT,1.00a,,10:47:58 30-Jun-2017,,B,25.7152,-79.2729,,0,,,,,,,,,,,,,,,,,,,,,,,,,,,,,,,,,,
169272,169272,0.500000,UT,,11:24:03 30-Jun-2017,11:24:07 30-Jun-2017,4,B,25.7231,-79.2664,CRC,,,,15685,3.450,,,27.30,,,,,,,,,,,,,,55,14,,,,,,,,,0,,,
169272,169272,0.500000,UT,,,11:10:51 01-Jul-2017,,B,25.7245,-79.2043,,,,,,,,,,,,,,,,,,,,,,,,,,,,,,,,,,,,
169272,169272,0.500000,UT,1.00a,,11:47:18 01-Jul-2017,,B,25.7115,-79.2484,,0,,,,,,,,,,,,,,,,,,,,,,,,,,,,,,,,,,
169272,169272,0.500000,UT,,,20:47:20 01-Jul-2017,,B,25.6903,-79.3200,,,,,7880,,,,,,,,,,,,,,,,,,,,,,,,,,,,,,,
169272,169272,0.500000,UT,1.00a,,22:56:18 01-Jul-2017,,B,25.7140,-79.2905,,0,,,,,,,,,,,,,,,,,,,,,,,,,,,,,,,,,,
169272,169272,0.500000,UT,,,00:06:49 02-Jul-2017,,B,25.7145,-79.2836,,,,,,,,,,,,,,,,,,,,,,,,,,,,,,,,,,,,
169272,169272,0.500000,UT,,,00:08:45 02-Jul-2017,,B,25.7145,-79.2836,,,,,16142,,,,,,,,,,,,,,,,,,,,,,,,,,,,,,,
169272,169272,0.500000,UT,,,00:18:04 02-Jul-2017,,B,25.7229,-79.2665,,,,,,,,,,,,,,,,,,,,,,,,,,,,,,,,,,,,
169272,169272,0.500000,UT,,,00:20:12 02-Jul-2017,,B,25.7229,-79.2665,,,,,16147,,,,,,,,,,,,,,,,,,,,,,,,,,,,,,,
169272,169272,0.500000,UT,,,01:33:38 02-Jul-2017,,B,25.7239,-79.2748,,,,,12081,,,,,,,,,,,,,,,,,,,,,,,,,,,,,,,
169272,169272,0.500000,UT,1.00a,,01:38:27 02-Jul-2017,,B,25.7239,-79.2748,,0,,,,,,,,,,,,,,,,,,,,,,,,,,,,,,,,,,
169272,169272,0.500000,UT,,,11:24:24 02-Jul-2017,,B,25.7338,-79.2846,,,,,16277,,,,,,,,,,,,,,,,,,,,,,,,,,,,,,,
169272,169272,0.500000,UT,1.00a,,23:45:37 02-Jul-2017,,B,25.7256,-79.2960,,0,,,,,,,,,,,,,,,,,,,,,,,,,,,,,,,,,,
169272,169272,0.500000,UT,,,20:28:30 03-Jul-2017,,B,25.7079,-79.3375,,,,,,,,,33.35,,,,,,,,,,,,,,,,,,,,,,,,,,,
169272,169272,0.500000,UT,,,22:05:12 03-Jul-2017,,B,25.7165,-79.2951,,,,,,,,,,,,,,,,,,,,,,,,,,,,,,,,,,,,
169272,169272,0.500000,UT,1.00a,,18:35:25 04-Jul-2017,,B,25.7395,-79.2385,,0,,,,,,,,,,,,,,,,,,,,,,,,,,,,,,,,,,
169272,169272,0.500000,UT,1.00a,,23:22:58 04-Jul-2017,,B,25.7453,-79.2415,,0,,,,,,,,,,,,,,,,,,,,,,,,,,,,,,,,,,
169272,169272,0.500000,UT,,,23:25:00 04-Jul-2017,,B,25.7453,-79.2415,,,,,,,,,,,,,,,,,,,,,,,,,,,,,,,,,,,,
169272,169272,0.500000,UT,1.00a,,23:32:25 04-Jul-2017,,B,25.7310,-79.2765,,0,,,,,,,,,,,,,,,,,,,,,,,,,,,,,,,,,,
169272,169272,0.500000,UT,,,23:37:39 04-Jul-2017,,B,25.7310,-79.2765,,,,,16872,,,,,,,,,,,,,,,,,,,,,,,,,,,,,,,
169272,169272,0.500000,UT,,,00:24:06 05-Jul-2017,,B,25.7347,-79.2728,,,,,,,,,33.05,,,,,,,,,,,,,,,,,,,,,,,,,,,
169272,169272,0.500000,UT,,,08:47:53 05-Jul-2017,,B,25.7273,-79.2660,,,,,,,,,30.15,,,,,,,,,,,,,,,,,,,,,,,,,,,
169272,169272,0.500000,UT,,,11:44:36 05-Jul-2017,,B,25.7251,-79.2636,,,,,,,,,,,,,,,,,,,,,,,,,,,,,,,,,,,,
169272,169272,0.500000,UT,,,20:09:27 05-Jul-2017,,B,25.7334,-79.2712,,,,,17057,,,,,,,,,,,,,,,,,,,,,,,,,,,,,,,
169272,169272,0.500000,UT,,,23:13:25 06-Jul-2017,,B,25.7347,-79.2546,,,,,,,,,,,,,,,,,,,,,,,,,,,,,,,,,,,,
169272,169272,0.500000,UT,,,23:16:03 06-Jul-2017,,B,25.7347,-79.2546,,,,,17382,,,,,,,,,,,,,,,,,,,,,,,,,,,,,,,
169272,169272,0.500000,UT,1.00a,,23:28:59 06-Jul-2017,,B,25.7344,-79.2629,,0,,,,,,,,,,,,,,,,,,,,,,,,,,,,,,,,,,
169272,169272,0.500000,UT,,,11:46:48 07-Jul-2017,,B,25.7319,-79.2560,,,,,17487,,,,,,,,,,,,,,,,,,,,,,,,,,,,,,,
169272,169272,0.500000,UT,1.00a,,14:04:07 07-Jul-2017,,B,25.7312,-79.2608,,0,,,,,,,,,,,,,,,,,,,,,,,,,,,,,,,,,,
169272,169272,0.500000,UT,,,10:05:12 08-Jul-2017,,B,25.7338,-79.2627,,,,,17667,,,,,,,,,,,,,,,,,,,,,,,,,,,,,,,
169272,169272,0.500000,UT,,,13:10:49 08-Jul-2017,,B,25.7268,-79.2739,,,,,17697,,,,,,,,,,,,,,,,,,,,,,,,,,,,,,,
169272,169272,0.500000,UT,,,13:13:37 08-Jul-2017,,B,25.7268,-79.2739,,,,,,,,,32.50,,,,,,,,,,,,,,,,,,,,,,,,,,,
169272,169272,0.500000,UT,,,13:41:00 08-Jul-2017,,B,25.7262,-79.2754,,,,,,,,,32.60,,,,,,,,,,,,,,,,,,,,,,,,,,,
169272,169272,0.500000,UT,,,14:56:46 09-Jul-2017,,B,25.7316,-79.2806,,,,,18012,,,,,,,,,,,,,,,,,,,,,,,,,,,,,,,
169272,169272,0.500000,UT,,,14:59:25 09-Jul-2017,,B,25.7316,-79.2806,,,,,,,,,849.85,,,,,,,,,,,,,,,,,,,,,,,,,,,
169272,169272,0.500000,UT,,,20:59:55 09-Jul-2017,,B,25.7257,-79.2775,,,,,18057,,,,,,,,,,,,,,,,,,,,,,,,,,,,,,,
169272,169272,0.500000,UT,,23:00:50 09-Jul-2017,23:00:56 09-Jul-2017,6,B,25.7253,-79.2776,CRC,,,,18080,3.425,,,32.50,,,,,,,,,,,,,,67,13,,,,,,,,,0,,,
169272,169272,0.500000,UT,,,14:38:58 10-Jul-2017,,B,25.7377,-79.2823,,,,,,,,,30.00,,,,,,,,,,,,,,,,,,,,,,,,,,,
169272,169272,0.500000,UT,,,22:35:43 10-Jul-2017,,A,25.7226,-79.2801,,,,,18327,,,,,,,,,,,,,,,,,,,,,,,,,,,,,,,
169272,169272,0.500000,UT,,,00:08:52 11-Jul-2017,,B,25.7273,-79.2818,,,,,,,,,,,,,,,,,,,,,,,,,,,,,,,,,,,,
169272,169272,0.500000,UT,,,00:11:27 11-Jul-2017,,B,25.7273,-79.2818,,,,,18377,,,,,,,,,,,,,,,,,,,,,,,,,,,,,,,
169272,169272,0.500000,UT,,,07:23:47 12-Jul-2017,,B,25.7142,-79.2899,,,,,18597,,,,,,,,,,,,,,,,,,,,,,,,,,,,,,,
169272,169272,0.500000,UT,,,12:14:51 12-Jul-2017,,B,25.7155,-79.2881,,,,,18612,,,,,,,,,,,,,,,,,,,,,,,,,,,,,,,
169272,169272,0.500000,UT,,,13:56:45 12-Jul-2017,,B,25.7223,-79.2804,,,,,,,,,29.90,,,,,,,,,,,,,,,,,,,,,,,,,,,
169272,169272,0.500000,UT,,,15:33:33 12-Jul-2017,,B,25.7261,-79.2832,,,,,,,,,32.00,,,,,,,,,,,,,,,,,,,,,,,,,,,
169272,169272,0.500000,UT,1.00a,,20:28:34 12-Jul-2017,,B,25.7202,-79.2844,,0,,,,,,,,,,,,,,,,,,,,,,,,,,,,,,,,,,
169272,169272,0.500000,UT,,,23:47:15 12-Jul-2017,,B,25.7200,-79.2675,,,,,,,,,,,,,,,,,,,,,,,,,,,,,,,,,,,,
169272,169272,0.500000,UT,,,23:48:57 12-Jul-2017,,B,25.7200,-79.2675,,,,,,,,,31.95,,,,,,,,,,,,,,,,,,,,,,,,,,,
169272,169272,0.500000,UT,1.00a,,10:45:08 13-Jul-2017,,B,25.7251,-79.2735,,0,,,,,,,,,,,,,,,,,,,,,,,,,,,,,,,,,,
169272,169272,0.500000,UT,,,12:14:56 13-Jul-2017,,B,25.7217,-79.2779,,,,,,,,,,,,,,,,,,,,,,,,,,,,,,,,,,,,
169272,169272,0.500000,UT,,,22:10:03 15-Jul-2017,,B,25.7201,-79.2696,,,,,19497,,,,,,,,,,,,,,,,,,,,,,,,,,,,,,,
169272,169272,0.500000,UT,,,23:47:26 15-Jul-2017,,B,25.7181,-79.2773,,,,,19542,,,,,,,,,,,,,,,,,,,,,,,,,,,,,,,
169272,169272,0.500000,UT,,,10:04:00 16-Jul-2017,,B,25.7300,-79.2781,,,,,,,,,29.35,,,,,,,,,,,,,,,,,,,,,,,,,,,
169272,169272,0.500000,UT,,,08:09:12 17-Jul-2017,,B,25.7291,-79.2819,,,,,,,,,,,,,,,,,,,,,,,,,,,,,,,,,,,,
169272,169272,0.500000,UT,,,11:30:40 17-Jul-2017,,B,25.7285,-79.2833,,,,,,,,,28.95,,,,,,,,,,,,,,,,,,,,,,,,,,,
169272,169272,0.500000,UT,,,22:59:28 17-Jul-2017,,B,25.7153,-79.2927,,,,,,,,,33.90,,,,,,,,,,,,,,,,,,,,,,,,,,,
169272,169272,0.500000,UT,,,07:56:39 18-Jul-2017,,B,25.7160,-79.2994,,,,,,,,,31.25,,,,,,,,,,,,,,,,,,,,,,,,,,,
169272,169272,0.500000,UT,,,11:16:11 18-Jul-2017,,B,25.7289,-79.2778,,,,,,,,,233.90,,,,,,,,,,,,,,,,,,,,,,,,,,,
169272,169272,0.500000,UT,1.00a,,13:01:05 18-Jul-2017,,B,25.7255,-79.2817,,0,,,,,,,,,,,,,,,,,,,,,,,,,,,,,,,,,,
169272,169272,0.500000,UT,,,22:35:13 18-Jul-2017,,B,25.7204,-79.2876,,,,,20267,,,,,,,,,,,,,,,,,,,,,,,,,,,,,,,
169272,169272,0.500000,UT,,12:44:14 19-Jul-2017,12:44:22 19-Jul-2017,8,B,25.7260,-79.2708,CRC,,,,20420,3.425,,,29.85,,,,,,,,,,,,,,66,13,,,,,,,,,0,,,
169272,169272,0.500000,UT,1.00a,,12:50:05 19-Jul-2017,,B,25.7260,-79.2708,,0,,,,,,,,,,,,,,,,,,,,,,,,,,,,,,,,,,
169272,169272,0.500000,UT,,,22:05:49 19-Jul-2017,,B,25.7247,-79.2804,,,,,20507,,,,,,,,,,,,,,,,,,,,,,,,,,,,,,,
169272,169272,0.500000,UT,,,22:11:03 19-Jul-2017,,B,25.7247,-79.2804,,,,,,,,,34.15,,,,,,,,,,,,,,,,,,,,,,,,,,,
169272,169272,0.500000,UT,,,23:18:40 19-Jul-2017,,B,25.7195,-79.2822,,,,,20527,,,,,,,,,,,,,,,,,,,,,,,,,,,,,,,
169272,169272,0.500000,UT,,,01:42:08 20-Jul-2017,,B,25.7162,-79.2858,,,,,20567,,,,,,,,,,,,,,,,,,,,,,,,,,,,,,,
169272,169272,0.500000,UT,,,02:09:14 20-Jul-2017,,B,25.7173,-79.2838,,,,,20572,,,,,,,,,,,,,,,,,,,,,,,,,,,,,,,
169272,169272,0.500000,UT,1.00a,,12:16:41 20-Jul-2017,,B,25.7372,-79.2823,,0,,,,,,,,,,,,,,,,,,,,,,,,,,,,,,,,,,
169272,169272,0.500000,UT,,,20:33:13 20-Jul-2017,,B,25.7219,-79.2777,,,,,20702,,,,,,,,,,,,,,,,,,,,,,,,,,,,,,,
169272,169272,0.500000,UT,,,22:48:14 20-Jul-2017,,B,25.7285,-79.2657,,,,,,,,,,,,,,,,,,,,,,,,,,,,,,,,,,,,
169272,169272,0.500000,UT,,,03:25:48 21-Jul-2017,,B,25.7273,-79.2719,,,,,,,,,,,,,,,,,,,,,,,,,,,,,,,,,,,,
169272,169272,0.500000,UT,,,12:24:06 21-Jul-2017,,B,25.7290,-79.2763,,,,,,,,,28.70,,,,,,,,,,,,,,,,,,,,,,,,,,,
169272,169272,0.500000,UT,,,20:20:42 21-Jul-2017,,B,25.7257,-79.2809,,,,,20912,,,,,,,,,,,,,,,,,,,,,,,,,,,,,,,
169272,169272,0.500000,UT,,,22:20:04 21-Jul-2017,,B,25.7242,-79.2790,,,,,,,,,29.45,,,,,,,,,,,,,,,,,,,,,,,,,,,
169272,169272,0.500000,UT,,,22:54:37 21-Jul-2017,,A,25.7286,-79.2748,,,,,20937,,,,,,,,,,,,,,,,,,,,,,,,,,,,,,,
169272,169272,0.500000,UT,,,22:59:26 21-Jul-2017,,A,25.7286,-79.2748,,,,,,,,,29.55,,,,,,,,,,,,,,,,,,,,,,,,,,,
169272,169272,0.500000,UT,1.00a,,23:01:40 21-Jul-2017,,A,25.7286,-79.2748,,0,,,,,,,,,,,,,,,,,,,,,,,,,,,,,,,,,,
169272,169272,0.500000,UT,,,11:03:07 22-Jul-2017,,B,25.7336,-79.2799,,,,,,,,,,,,,,,,,,,,,,,,,,,,,,,,,,,,
169272,169272,0.500000,UT,,,11:08:55 22-Jul-2017,,B,25.7336,-79.2799,,,,,,,,,28.20,,,,,,,,,,,,,,,,,,,,,,,,,,,
169272,169272,0.500000,UT,,,13:04:18 22-Jul-2017,,B,25.7224,-79.2693,,,,,,,,,28.10,,,,,,,,,,,,,,,,,,,,,,,,,,,
169272,169272,0.500000,UT,,,13:52:00 22-Jul-2017,,B,25.7216,-79.2697,,,,,,,,,28.50,,,,,,,,,,,,,,,,,,,,,,,,,,,
169272,169272,0.500000,UT,1.00a,,13:55:26 22-Jul-2017,,B,25.7214,-79.2693,,0,,,,,,,,,,,,,,,,,,,,,,,,,,,,,,,,,,
169272,169272,0.500000,UT,,,15:24:52 22-Jul-2017,,B,25.7192,-79.2750,,,,,,,,,30.40,,,,,,,,,,,,,,,,,,,,,,,,,,,
169272,169272,0.500000,UT,1.00a,,18:31:22 22-Jul-2017,,B,25.7220,-79.2931,,0,,,,,,,,,,,,,,,,,,,,,,,,,,,,,,,,,,
169272,169272,0.500000,UT,1.00a,,23:24:35 22-Jul-2017,,B,25.7233,-79.3046,,0,,,,,,,,,,,,,,,,,,,,,,,,,,,,,,,,,,
169272,169272,0.500000,UT,,,01:54:13 23-Jul-2017,,B,25.7296,-79.2861,,,,,21237,,,,,,,,,,,,,,,,,,,,,,,,,,,,,,,
169272,169272,0.500000,UT,,,02:45:08 23-Jul-2017,,B,25.7383,-79.2856,,,,,21252,,,,,,,,,,,,,,,,,,,,,,,,,,,,,,,
169272,169272,0.500000,UT,1.00a,,10:52:21 23-Jul-2017,,B,25.7453,-79.2878,,0,,,,,,,,,,,,,,,,,,,,,,,,,,,,,,,,,,
169272,169272,0.500000,UT,,,23:10:27 23-Jul-2017,,3,25.7197,-79.2755,,,,,21427,,,,,,,,,,,,,,,,,,,,,,,,,,,,,,,
169272,169272,0.500000,UT,1.00a,,23:14:54 23-Jul-2017,,3,25.7197,-79.2755,,0,,,,,,,,,,,,,,,,,,,,,,,,,,,,,,,,,,
169272,169272,0.500000,UT,,23:16:44 23-Jul-2017,23:16:52 23-Jul-2017,8,3,25.7197,-79.2755,CRC,,,,21430,3.425,,,32.50,,,,,,,,,,,,,,66,14,,,,,,,,,0,,,
169272,169272,0.500000,UT,,,23:18:17 23-Jul-2017,,3,25.7197,-79.2755,,,,,,,,,,,,,,,,,,,,,,,,,,,,,,,,,,,,
169272,169272,0.500000,UT,,,23:44:36 23-Jul-2017,,B,25.7206,-79.2758,,,,,,,,,31.85,,,,,,,,,,,,,,,,,,,,,,,,,,,
169272,169272,0.500000,UT,,,13:26:53 24-Jul-2017,,B,25.7326,-79.2881,,,,,,,,,,,,,,,,,,,,,,,,,,,,,,,,,,,,
169272,169272,0.500000,UT,,,23:24:37 24-Jul-2017,,B,25.7329,-79.2856,,,,,,,,,32.80,,,,,,,,,,,,,,,,,,,,,,,,,,,
169272,169272,0.500000,UT,1.00a,,00:02:49 25-Jul-2017,,2,25.7211,-79.2746,,0,,,,,,,,,,,,,,,,,,,,,,,,,,,,,,,,,,
169272,169272,0.500000,UT,,,00:04:25 25-Jul-2017,,2,25.7211,-79.2746,,,,,,,,,,,,,,,,,,,,,,,,,,,,,,,,,,,,
169272,169272,0.500000,UT,,,00:49:02 25-Jul-2017,,B,25.7220,-79.2747,,,,,,,,,31.70,,,,,,,,,,,,,,,,,,,,,,,,,,,
169272,169272,0.500000,UT,1.00a,,11:43:42 25-Jul-2017,,B,25.7239,-79.2807,,0,,,,,,,,,,,,,,,,,,,,,,,,,,,,,,,,,,
169272,169272,0.500000,UT,,,11:45:29 25-Jul-2017,,B,25.7239,-79.2807,,,,,,,,,,,,,,,,,,,,,,,,,,,,,,,,,,,,
169272,169272,0.500000,UT,,,14:25:43 25-Jul-2017,,B,25.7319,-79.2760,,,,,,,,,,,,,,,,,,,,,,,,,,,,,,,,,,,,
169272,169272,0.500000,UT,,,14:28:16 25-Jul-2017,,B,25.7319,-79.2760,,,,,21847,,,,,,,,,,,,,,,,,,,,,,,,,,,,,,,
169272,169272,0.500000,UT,1.00a,,23:29:29 25-Jul-2017,,B,25.7770,-79.2595,,0,,,,,,,,,,,,,,,,,,,,,,,,,,,,,,,,,,
169272,169272,0.500000,UT,1.00a,,01:43:03 26-Jul-2017,,3,25.7330,-79.2805,,0,,,,,,,,,,,,,,,,,,,,,,,,,,,,,,,,,,
169272,169272,0.500000,UT,,,11:18:59 26-Jul-2017,,B,25.7318,-79.2811,,,,,22037,,,,,,,,,,,,,,,,,,,,,,,,,,,,,,,
169272,169272,0.500000,UT,,,14:07:58 26-Jul-2017,,B,25.7292,-79.2837,,,,,,,,,31.25,,,,,,,,,,,,,,,,,,,,,,,,,,,
169272,169272,0.500000,UT,,,22:30:48 26-Jul-2017,,B,25.7275,-79.2897,,,,,22152,,,,,,,,,,,,,,,,,,,,,,,,,,,,,,,
169272,169272,0.500000,UT,,,00:22:17 27-Jul-2017,,B,25.7219,-79.2830,,,,,22222,,,,,,,,,,,,,,,,,,,,,,,,,,,,,,,
169272,169272,0.500000,UT,,,01:18:39 27-Jul-2017,,B,25.7215,-79.2824,,,,,,,,,32.70,,,,,,,,,,,,,,,,,,,,,,,,,,,
169272,169272,0.500000,UT,,,23:42:56 27-Jul-2017,,B,25.7244,-79.2724,,,,,,,,,,,,,,,,,,,,,,,,,,,,,,,,,,,,
169272,169272,0.500000,UT,,,23:46:32 27-Jul-2017,,B,25.7244,-79.2724,,,,,,,,,33.70,,,,,,,,,,,,,,,,,,,,,,,,,,,
169272,169272,0.500000,UT,,,00:11:07 28-Jul-2017,,B,25.7239,-79.2728,,,,,,,,,33.65,,,,,,,,,,,,,,,,,,,,,,,,,,,
169272,169272,0.500000,UT,,,11:20:22 28-Jul-2017,,B,25.7235,-79.2729,,,,,,,,,29.50,,,,,,,,,,,,,,,,,,,,,,,,,,,
169272,169272,0.500000,UT,,,12:34:33 28-Jul-2017,,B,25.7186,-79.2872,,,,,,,,,,,,,,,,,,,,,,,,,,,,,,,,,,,,
169272,169272,0.500000,UT,,,20:40:45 28-Jul-2017,,3,25.7194,-79.2742,,,,,,,,,,,,,,,,,,,,,,,,,,,,,,,,,,,,
169272,169272,0.500000,UT,1.00a,,20:46:30 28-Jul-2017,,3,25.7194,-79.2742,,0,,,,,,,,,,,,,,,,,,,,,,,,,,,,,,,,,,
169272,169272,0.500000,UT,,,23:20:12 28-Jul-2017,,A,25.7238,-79.2750,,,,,,,,,34.30,,,,,,,,,,,,,,,,,,,,,,,,,,,
169272,169272,0.500000,UT,,,23:25:18 28-Jul-2017,,A,25.7238,-79.2750,,,,,,,,,,,,,,,,,,,,,,,,,,,,,,,,,,,,
169272,169272,0.500000,UT,1.00a,,03:59:51 29-Jul-2017,,B,25.7204,-79.2873,,0,,,,,,,,,,,,,,,,,,,,,,,,,,,,,,,,,,
169272,169272,0.500000,UT,,,10:47:35 29-Jul-2017,,A,25.7208,-79.2783,,,,,,,,,,,,,,,,,,,,,,,,,,,,,,,,,,,,
169272,169272,0.500000,UT,,,10:49:40 29-Jul-2017,,A,25.7208,-79.2783,,,,,22857,,,,,,,,,,,,,,,,,,,,,,,,,,,,,,,
169272,169272,0.500000,UT,,,18:47:58 29-Jul-2017,,B,25.7187,-79.2851,,,,,22877,,,,,,,,,,,,,,,,,,,,,,,,,,,,,,,
169272,169272,0.500000,UT,,,20:27:11 29-Jul-2017,,1,25.7221,-79.2700,,,,,,,,,36.15,,,,,,,,,,,,,,,,,,,,,,,,,,,
169272,169272,0.500000,UT,,,20:29:41 29-Jul-2017,,1,25.7221,-79.2700,,,,,,,,,,,,,,,,,,,,,,,,,,,,,,,,,,,,
169272,169272,0.500000,UT,,,20:34:41 29-Jul-2017,,1,25.7221,-79.2700,,,,,,,,,36.05,,,,,,,,,,,,,,,,,,,,,,,,,,,
169272,169272,0.500000,UT,1.00a,,22:57:27 29-Jul-2017,,B,25.7184,-79.2682,,0,,,,,,,,,,,,,,,,,,,,,,,,,,,,,,,,,,
169272,169272,0.500000,UT,,,23:02:31 29-Jul-2017,,B,25.7184,-79.2682,,,,,,,,,,,,,,,,,,,,,,,,,,,,,,,,,,,,
169272,169272,0.500000,UT,,,23:44:22 29-Jul-2017,,B,25.7201,-79.2788,,,,,,,,,,,,,,,,,,,,,,,,,,,,,,,,,,,,
169272,169272,0.500000,UT,1.00a,,00:46:58 30-Jul-2017,,B,25.7201,-79.2780,,0,,,,,,,,,,,,,,,,,,,,,,,,,,,,,,,,,,
169272,169272,0.500000,UT,,,20:16:34 30-Jul-2017,,B,25.7527,-79.3117,,,,,,,,,33.25,,,,,,,,,,,,,,,,,,,,,,,,,,,
169272,169272,0.500000,UT,,,22:33:18 30-Jul-2017,,B,25.7296,-79.3251,,,,,23212,,,,,,,,,,,,,,,,,,,,,,,,,,,,,,,
169272,169272,0.500000,UT,,,23:31:23 30-Jul-2017,,B,25.7188,-79.2802,,,,,,,,,31.90,,,,,,,,,,,,,,,,,,,,,,,,,,,
169272,169272,0.500000,UT,,,23:40:17 30-Jul-2017,,B,25.7188,-79.2802,,,,,23267,,,,,,,,,,,,,,,,,,,,,,,,,,,,,,,
169272,169272,0.500000,UT,,,01:41:54 31-Jul-2017,,B,25.7130,-79.2825,,,,,23307,,,,,,,,,,,,,,,,,,,,,,,,,,,,,,,
169272,169272,0.500000,UT,,,20:07:04 31-Jul-2017,,A,25.7209,-79.2732,,,,,,,,,27.60,,,,,,,,,,,,,,,,,,,,,,,,,,,
169272,169272,0.500000,UT,1.00a,,20:09:34 31-Jul-2017,,A,25.7209,-79.2732,,0,,,,,,,,,,,,,,,,,,,,,,,,,,,,,,,,,,
169272,169272,0.500000,UT,,22:04:48 31-Jul-2017,22:04:58 31-Jul-2017,10,B,25.7176,-79.2751,CRC,,,,23465,3.425,,,27.65,,,,,,,,,,,,,,68,14,,,,,,,,,0,,,
169272,169272,0.500000,UT,,,22:11:54 31-Jul-2017,,B,25.7176,-79.2751,,,,,,,,,,,,,,,,,,,,,,,,,,,,,,,,,,,,
169272,169272,0.500000,UT,1.00a,,23:25:53 31-Jul-2017,,B,25.7245,-79.2788,,0,,,,,,,,,,,,,,,,,,,,,,,,,,,,,,,,,,
169272,169272,0.500000,UT,,,23:14:03 01-Aug-2017,,B,25.7153,-79.2984,,,,,,,,,,,,,,,,,,,,,,,,,,,,,,,,,,,,
169272,169272,0.500000,UT,,,13:15:30 03-Aug-2017,,,,,,,,,24087,,,,,,,,,,,,,,,,,,,,,,,,,,,,,,,
169272,169272,0.500000,UT,1.00a,,14:42:12 03-Aug-2017,,,,,,0,,,,,,,,,,,,,,,,,,,,,,,,,,,,,,,,,,
169272,169272,0.500000,UT,,,10:55:52 04-Aug-2017,,B,25.7272,-79.2730,,,,,,,,,29.60,,,,,,,,,,,,,,,,,,,,,,,,,,,
169272,169272,0.500000,UT,1.00a,,11:00:14 04-Aug-2017,,B,25.7272,-79.2730,,0,,,,,,,,,,,,,,,,,,,,,,,,,,,,,,,,,,
169272,169272,0.500000,UT,,,11:06:52 04-Aug-2017,,A,25.7294,-79.2628,,,,,,,,,29.40,,,,,,,,,,,,,,,,,,,,,,,,,,,
169272,169272,0.500000,UT,,,14:23:17 04-Aug-2017,,B,25.7263,-79.2765,,,,,,,,,29.85,,,,,,,,,,,,,,,,,,,,,,,,,,,
169272,169272,0.500000,UT,,,22:08:44 04-Aug-2017,,B,25.7266,-79.2757,,,,,,,,,,,,,,,,,,,,,,,,,,,,,,,,,,,,
169272,169272,0.500000,UT,,,01:02:36 05-Aug-2017,,B,25.7289,-79.2743,,,,,,,,,32.85,,,,,,,,,,,,,,,,,,,,,,,,,,,
169272,169272,0.500000,UT,,,12:49:26 05-Aug-2017,,B,25.7357,-79.3002,,,,,,,,,29.40,,,,,,,,,,,,,,,,,,,,,,,,,,,
169272,169272,0.500000,UT,,,13:55:18 05-Aug-2017,,B,25.7387,-79.2963,,,,,,,,,438.95,,,,,,,,,,,,,,,,,,,,,,,,,,,
169272,169272,0.500000,UT,1.00a,,13:59:35 05-Aug-2017,,B,25.7387,-79.2963,,0,,,,,,,,,,,,,,,,,,,,,,,,,,,,,,,,,,
169272,169272,0.500000,UT,1.00a,,14:50:46 05-Aug-2017,,B,25.7400,-79.2951,,0,,,,,,,,,,,,,,,,,,,,,,,,,,,,,,,,,,
169272,169272,0.500000,UT,,,20:55:32 05-Aug-2017,,B,25.7108,-79.2767,,,,,,,,,32.90,,,,,,,,,,,,,,,,,,,,,,,,,,,
169272,169272,0.500000,UT,1.00a,,22:26:16 05-Aug-2017,,B,25.7110,-79.2860,,0,,,,,,,,,,,,,,,,,,,,,,,,,,,,,,,,,,
169272,169272,0.500000,UT,,,23:28:45 05-Aug-2017,,B,25.7109,-79.2868,,,,,,,,,,,,,,,,,,,,,,,,,,,,,,,,,,,,
169272,169272,0.500000,UT,,,00:01:20 06-Aug-2017,,B,25.7257,-79.2942,,,,,,,,,,,,,,,,,,,,,,,,,,,,,,,,,,,,
169272,169272,0.500000,UT,,,00:04:05 06-Aug-2017,,B,25.7257,-79.2942,,,,,24682,,,,,,,,,,,,,,,,,,,,,,,,,,,,,,,
169272,169272,0.500000,UT,1.00a,,00:28:13 06-Aug-2017,,B,25.7301,-79.2737,,0,,,,,,,,,,,,,,,,,,,,,,,,,,,,,,,,,,
169272,169272,0.500000,UT,,,11:36:54 06-Aug-2017,,B,25.7285,-79.2707,,,,,,,,,,,,,,,,,,,,,,,,,,,,,,,,,,,,
169272,169272,0.500000,UT,,,12:29:59 06-Aug-2017,,B,25.7302,-79.2714,,,,,,,,,28.30,,,,,,,,,,,,,,,,,,,,,,,,,,,
169272,169272,0.500000,UT,1.00a,,13:37:02 06-Aug-2017,,A,25.7264,-79.2727,,0,,,,,,,,,,,,,,,,,,,,,,,,,,,,,,,,,,
169272,169272,0.500000,UT,1.00a,,22:18:22 06-Aug-2017,,B,25.7235,-79.2845,,0,,,,,,,,,,,,,,,,,,,,,,,,,,,,,,,,,,
169272,169272,0.500000,UT,,,11:11:11 07-Aug-2017,,B,25.7293,-79.2867,,,,,,,,,28.40,,,,,,,,,,,,,,,,,,,,,,,,,,,
169272,169272,0.500000,UT,,,23:22:00 07-Aug-2017,,B,25.7335,-79.2847,,,,,,,,,,,,,,,,,,,,,,,,,,,,,,,,,,,,
169272,169272,0.500000,UT,,,23:38:13 07-Aug-2017,,B,25.7316,-79.2826,,,,,,,,,,,,,,,,,,,,,,,,,,,,,,,,,,,,
169272,169272,0.500000,UT,,,20:16:50 08-Aug-2017,,B,25.7260,-79.2869,,,,,25372,,,,,,,,,,,,,,,,,,,,,,,,,,,,,,,
169272,169272,0.500000,UT,,,23:46:29 08-Aug-2017,,B,25.7231,-79.2833,,,,,25427,,,,,,,,,,,,,,,,,,,,,,,,,,,,,,,
169272,169272,0.500000,UT,,,01:56:46 09-Aug-2017,,B,25.7216,-79.2816,,,,,,,,,32.00,,,,,,,,,,,,,,,,,,,,,,,,,,,
169272,169272,0.500000,UT,,,11:39:17 09-Aug-2017,,3,25.7204,-79.2810,,,,,,,,,29.45,,,,,,,,,,,,,,,,,,,,,,,,,,,
169272,169272,0.500000,UT,,,11:48:56 09-Aug-2017,,3,25.7204,-79.2810,,,,,,,,,,,,,,,,,,,,,,,,,,,,,,,,,,,,
169272,169272,0.500000,UT,,,12:10:20 09-Aug-2017,,3,25.7203,-79.2777,,,,,25547,,,,,,,,,,,,,,,,,,,,,,,,,,,,,,,
169272,169272,0.500000,UT,,,12:12:25 09-Aug-2017,,3,25.7203,-79.2777,,,,,,,,,29.20,,,,,,,,,,,,,,,,,,,,,,,,,,,
169272,169272,0.500000,UT,1.00a,,12:13:37 09-Aug-2017,,3,25.7203,-79.2777,,0,,,,,,,,,,,,,,,,,,,,,,,,,,,,,,,,,,
169272,169272,0.500000,UT,,,20:02:48 09-Aug-2017,,B,25.7189,-79.2603,,,,,,,,,31.60,,,,,,,,,,,,,,,,,,,,,,,,,,,
169272,169272,0.500000,UT,,,11:12:06 10-Aug-2017,,B,25.7319,-79.2606,,,,,,,,,29.75,,,,,,,,,,,,,,,,,,,,,,,,,,,
169272,169272,0.500000,UT,,,13:27:33 10-Aug-2017,,B,25.7235,-79.2701,,,,,,,,,30.80,,,,,,,,,,,,,,,,,,,,,,,,,,,
169272,169272,0.500000,UT,,,13:52:48 10-Aug-2017,,B,25.7217,-79.2795,,,,,25817,,,,,,,,,,,,,,,,,,,,,,,,,,,,,,,
169272,169272,0.500000,UT,,10:43:42 11-Aug-2017,10:43:54 11-Aug-2017,12,B,25.7205,-79.2731,CRC,,,,25930,3.450,,,28.85,,,,,,,,,,,,,,50,16,,,,,,,,,0,,,
169272,169272,0.500000,UT,1.00a,,15:12:48 11-Aug-2017,,B,25.7228,-79.2703,,0,,,,,,,,,,,,,,,,,,,,,,,,,,,,,,,,,,
169272,169272,0.500000,UT,1.00a,,23:05:03 11-Aug-2017,,B,25.7217,-79.2752,,0,,,,,,,,,,,,,,,,,,,,,,,,,,,,,,,,,,
169272,169272,0.500000,UT,,,08:11:08 12-Aug-2017,,B,25.7341,-79.2796,,,,,,,,,30.30,,,,,,,,,,,,,,,,,,,,,,,,,,,
