,,,,,,,,,,,,,,,,,,,,,,,,,,,,,,,,,,,,,,,,,,,,,,,,,,,,,,,,,,,,,,,,,,,,,,,,,,,,,,,,,,,,,,,,,,,,,,,,,,
,,,,,,,,,,,,,,,,,,,,,,,,,,,,,,,,,,,,,,,,,,,,,,,,,,,,,,,,,,,,,,,,,,,,,,,,,,,,,,,,,,,,,,,,,,,,,,,,,,
,,,,,,,,,,,,,,,,,,,,,,,,,,,,,,,,,,,,,,,,,,,,,,,,,,,,,,,,,,,,,,,,,,,,,,,,,,,,,,,,,,,,,,,,,,,,,,,,,,
Name,Day,Time,Count,Time Offset,LocNumber,Failures,Hauled Out,Satellites,InitLat,InitLon,InitTime,InitType,Latitude,Longitude,Height,Bad Sats,R95,Residual,Time Error,TWIC Power,Fastloc Power,Noise,Range Bits,Id,Range,Signal,Doppler,CNR,Id,Range,Signal,Doppler,CNR,Id,Range,Signal,Doppler,CNR,Id,Range,Signal,Doppler,CNR,Id,Range,Signal,Doppler,CNR,Id,Range,Signal,Doppler,CNR,Id,Range,Signal,Doppler,CNR,Id,Range,Signal,Doppler,CNR,Id,Range,Signal,Doppler,CNR,Id,Range,Signal,Doppler,CNR,Id,Range,Signal,Doppler,CNR,Id,Range,Signal,Doppler,CNR,Id,Range,Signal,Doppler,CNR,Id,Range,Signal,Doppler,CNR,Id,Range,Signal,Doppler,CNR
Julio Grande,16-Dec-2019,22:23:00,40,41.000000,62,5,1,6,,,,,,,,,,,,,,15,10,9273,,,,20,3152,,,,29,29911,,,,32,10768,,,,21,30892,,,,25,18940,,,,,,,,,,,,,,,,,,,,,,,,,,,,,,,,,,,,,,,,,,,,,,,,,
Julio Grande,17-Dec-2019,04:49:00,12,41.000000,66,6,0,7,,,,,,,,,,,,,,15,3,914,,,,22,25716,,,,7,13257,,,,8,726,,,,18,2066,,,,28,5936,,,,30,4002,,,,,,,,,,,,,,,,,,,,,,,,,,,,,,,,,,,,,,,,,,,,
Julio Grande,17-Dec-2019,06:49:00,16,41.000000,67,6,1,8,,,,,,,,,,,,,,15,23,20029,,,,28,29089,,,,17,5903,,,,11,13922,,,,9,26389,,,,6,10522,,,,1,21653,,,,4,10787,,,,,,,,,,,,,,,,,,,,,,,,,,,,,,,,,,,,,,,
Julio Grande,17-Dec-2019,08:49:00,10,41.000000,68,6,1,5,,,,,,,,,,,,,,15,9,11191,,,,19,17058,,,,17,31468,,,,5,16029,,,,23,491,,,,,,,,,,,,,,,,,,,,,,,,,,,,,,,,,,,,,,,,,,,,,,,,,,,,,,
Julio Grande,17-Dec-2019,10:49:00,4,41.000000,69,6,1,8,,,,,,,,,,,,,,15,13,29565,,,,6,8144,,,,30,24875,,,,2,31917,,,,7,27543,,,,5,7235,,,,19,30387,,,,15,18850,,,,,,,,,,,,,,,,,,,,,,,,,,,,,,,,,,,,,,,
Julio Grande,23-Dec-2019,18:13:00,2,41.000000,74,13,1,6,,,,,,,,,,,,,,15,10,19516,,,,15,27188,,,,21,25982,,,,29,6935,,,,20,634,,,,32,7994,,,,,,,,,,,,,,,,,,,,,,,,,,,,,,,,,,,,,,,,,,,,,,,,,
Julio Grande,23-Dec-2019,18:36:00,6,41.000000,75,13,0,6,,,,,,,,,,,,,,15,32,28784,,,,25,4562,,,,20,26098,,,,15,29493,,,,26,1676,,,,29,18737,,,,,,,,,,,,,,,,,,,,,,,,,,,,,,,,,,,,,,,,,,,,,,,,,
Julio Grande,23-Dec-2019,21:23:34,10,41.000000,76,14,0,6,,,,,,,,,,,,,,15,31,14758,,,,21,18379,,,,27,28644,,,,16,9301,,,,26,14268,,,,29,28282,,,,,,,,,,,,,,,,,,,,,,,,,,,,,,,,,,,,,,,,,,,,,,,,,
Julio Grande,23-Dec-2019,23:30:34,2,41.000000,77,,0,9,,,,,,,,,,,,,,15,31,26658,,,,26,21803,,,,10,2258,,,,4,12664,,,,27,21884,,,,23,5388,,,,16,28840,,,,8,16180,,,,14,3865,,,,,,,,,,,,,,,,,,,,,,,,,,,,,,,,,,
Julio Grande,24-Dec-2019,02:04:59,4,41.000000,78,15,0,7,,,,,,,,,,,,,,15,26,5485,,,,18,16920,,,,16,3122,,,,22,30752,,,,3,17518,,,,23,10844,,,,9,32171,,,,,,,,,,,,,,,,,,,,,,,,,,,,,,,,,,,,,,,,,,,,
Julio Grande,24-Dec-2019,04:18:03,4,41.000000,79,15,0,8,,,,,,,,,,,,,,15,7,720,,,,23,18997,,,,9,27578,,,,8,16885,,,,3,22522,,,,30,20732,,,,4,26250,,,,22,18029,,,,,,,,,,,,,,,,,,,,,,,,,,,,,,,,,,,,,,,
Julio Grande,24-Dec-2019,06:34:00,10,41.000000,80,,0,9,,,,,,,,,,,,,,15,7,31303,,,,30,7397,,,,28,30097,,,,11,25324,,,,17,12213,,,,23,14005,,,,9,19216,,,,8,24268,,,,4,6064,,,,,,,,,,,,,,,,,,,,,,,,,,,,,,,,,,
Julio Grande,24-Dec-2019,09:10:37,4,41.000000,81,17,0,6,,,,,,,,,,,,,,15,7,7903,,,,9,23515,,,,6,15491,,,,30,30134,,,,13,9852,,,,5,4649,,,,,,,,,,,,,,,,,,,,,,,,,,,,,,,,,,,,,,,,,,,,,,,,,
Julio Grande,24-Dec-2019,11:16:03,6,41.000000,82,17,0,6,,,,,,,,,,,,,,15,19,7528,,,,17,27231,,,,6,28838,,,,30,3571,,,,5,3626,,,,15,9667,,,,,,,,,,,,,,,,,,,,,,,,,,,,,,,,,,,,,,,,,,,,,,,,,
Julio Grande,24-Dec-2019,13:37:10,4,41.000000,83,17,0,5,,,,,,,,,,,,,,15,12,24429,,,,15,13098,,,,29,31859,,,,2,1263,,,,24,20676,,,,,,,,,,,,,,,,,,,,,,,,,,,,,,,,,,,,,,,,,,,,,,,,,,,,,,
Julio Grande,24-Dec-2019,15:54:05,6,41.000000,84,17,0,7,,,,,,,,,,,,,,15,29,13984,,,,5,940,,,,15,7599,,,,12,16296,,,,25,23573,,,,21,3886,,,,24,10701,,,,,,,,,,,,,,,,,,,,,,,,,,,,,,,,,,,,,,,,,,,,
Julio Grande,24-Dec-2019,20:24:12,4,41.000000,86,18,0,6,,,,,,,,,,,,,,15,29,26348,,,,31,29811,,,,32,20711,,,,16,31011,,,,10,32346,,,,20,14527,,,,,,,,,,,,,,,,,,,,,,,,,,,,,,,,,,,,,,,,,,,,,,,,,
Julio Grande,24-Dec-2019,22:25:28,2,41.000000,87,18,0,4,,,,,,,,,,,,,,15,21,8032,,,,31,21427,,,,27,25526,,,,26,8531,,,,,,,,,,,,,,,,,,,,,,,,,,,,,,,,,,,,,,,,,,,,,,,,,,,,,,,,,,,
Julio Grande,25-Dec-2019,00:51:04,10,41.000000,88,,0,9,,,,,,,,,,,,,,15,11,17498,,,,31,18022,,,,23,21859,,,,1,17146,,,,8,16632,,,,22,682,,,,4,14151,,,,18,28338,,,,27,1576,,,,,,,,,,,,,,,,,,,,,,,,,,,,,,,,,,
Julio Grande,25-Dec-2019,02:58:58,6,41.000000,89,,0,9,,,,,,,,,,,,,,15,7,21046,,,,18,29244,,,,8,24345,,,,1,26976,,,,23,15001,,,,16,26488,,,,11,20414,,,,4,24794,,,,3,26260,,,,,,,,,,,,,,,,,,,,,,,,,,,,,,,,,,
Julio Grande,25-Dec-2019,05:09:21,14,41.000000,90,19,0,7,,,,,,,,,,,,,,15,3,3422,,,,7,32290,,,,22,13996,,,,28,15949,,,,11,19873,,,,30,17467,,,,1,18756,,,,,,,,,,,,,,,,,,,,,,,,,,,,,,,,,,,,,,,,,,,,
Julio Grande,25-Dec-2019,08:21:05,14,41.000000,91,22,0,4,,,,,,,,,,,,,,15,28,30706,,,,30,1983,,,,7,24381,,,,9,14100,,,,,,,,,,,,,,,,,,,,,,,,,,,,,,,,,,,,,,,,,,,,,,,,,,,,,,,,,,,
Julio Grande,25-Dec-2019,10:31:17,8,41.000000,92,,0,9,,,,,,,,,,,,,,15,17,23325,,,,7,12323,,,,28,25388,,,,30,2858,,,,19,16651,,,,2,21182,,,,6,24640,,,,5,9529,,,,15,11769,,,,,,,,,,,,,,,,,,,,,,,,,,,,,,,,,,
Julio Grande,25-Dec-2019,12:48:00,4,41.000000,93,22,0,4,,,,,,,,,,,,,,15,12,23559,,,,24,7975,,,,5,1152,,,,2,12536,,,,,,,,,,,,,,,,,,,,,,,,,,,,,,,,,,,,,,,,,,,,,,,,,,,,,,,,,,,
Julio Grande,25-Dec-2019,15:02:17,4,41.000000,94,22,0,7,,,,,,,,,,,,,,15,25,31730,,,,5,31333,,,,29,11243,,,,15,19745,,,,2,16593,,,,12,3,,,,13,12278,,,,,,,,,,,,,,,,,,,,,,,,,,,,,,,,,,,,,,,,,,,,
Julio Grande,25-Dec-2019,17:34:51,4,41.000000,95,23,0,4,,,,,,,,,,,,,,15,10,12308,,,,25,22446,,,,29,7470,,,,15,26136,,,,,,,,,,,,,,,,,,,,,,,,,,,,,,,,,,,,,,,,,,,,,,,,,,,,,,,,,,,
Julio Grande,25-Dec-2019,19:35:00,2,41.000000,96,23,0,8,,,,,,,,,,,,,,15,21,26183,,,,10,3556,,,,32,28012,,,,20,1146,,,,29,1845,,,,24,30480,,,,25,21574,,,,14,8885,,,,,,,,,,,,,,,,,,,,,,,,,,,,,,,,,,,,,,,
Julio Grande,25-Dec-2019,22:12:25,6,41.000000,97,24,0,8,,,,,,,,,,,,,,15,18,19826,,,,8,24826,,,,32,14282,,,,14,14995,,,,10,28342,,,,21,13558,,,,27,6251,,,,31,13992,,,,,,,,,,,,,,,,,,,,,,,,,,,,,,,,,,,,,,,
Julio Grande,26-Dec-2019,00:41:34,4,41.000000,98,24,0,6,,,,,,,,,,,,,,15,22,19654,,,,31,6986,,,,23,21564,,,,26,30916,,,,3,320,,,,4,16799,,,,,,,,,,,,,,,,,,,,,,,,,,,,,,,,,,,,,,,,,,,,,,,,,
Julio Grande,26-Dec-2019,03:28:33,2,41.000000,99,25,0,7,,,,,,,,,,,,,,15,8,11152,,,,11,7854,,,,18,14150,,,,1,22360,,,,7,9505,,,,22,26076,,,,27,11257,,,,,,,,,,,,,,,,,,,,,,,,,,,,,,,,,,,,,,,,,,,,
Julio Grande,26-Dec-2019,05:28:00,8,41.000000,100,,0,9,,,,,,,,,,,,,,15,3,15031,,,,8,9373,,,,23,17476,,,,11,21597,,,,4,3216,,,,28,20339,,,,22,10637,,,,1,14820,,,,9,19864,,,,,,,,,,,,,,,,,,,,,,,,,,,,,,,,,,
Julio Grande,26-Dec-2019,07:32:05,6,41.000000,101,25,0,4,,,,,,,,,,,,,,15,9,19742,,,,28,24853,,,,17,27790,,,,6,20794,,,,,,,,,,,,,,,,,,,,,,,,,,,,,,,,,,,,,,,,,,,,,,,,,,,,,,,,,,,
Julio Grande,26-Dec-2019,10:11:06,8,41.000000,102,26,0,7,,,,,,,,,,,,,,15,15,9137,,,,2,19650,,,,5,31252,,,,17,8751,,,,13,19331,,,,19,23234,,,,7,21476,,,,,,,,,,,,,,,,,,,,,,,,,,,,,,,,,,,,,,,,,,,,
Julio Grande,26-Dec-2019,12:13:43,2,41.000000,103,,0,9,,,,,,,,,,,,,,15,6,30093,,,,19,1867,,,,5,26096,,,,24,16170,,,,12,2777,,,,13,10874,,,,28,7120,,,,15,26818,,,,2,25159,,,,,,,,,,,,,,,,,,,,,,,,,,,,,,,,,,
Julio Grande,26-Dec-2019,14:20:19,2,41.000000,104,26,0,5,,,,,,,,,,,,,,15,5,31143,,,,2,13537,,,,12,9276,,,,24,4459,,,,15,12523,,,,,,,,,,,,,,,,,,,,,,,,,,,,,,,,,,,,,,,,,,,,,,,,,,,,,,
Julio Grande,26-Dec-2019,16:26:16,6,41.000000,105,26,0,6,,,,,,,,,,,,,,15,29,20005,,,,15,32210,,,,5,29970,,,,21,23208,,,,12,31768,,,,25,9961,,,,,,,,,,,,,,,,,,,,,,,,,,,,,,,,,,,,,,,,,,,,,,,,,
Julio Grande,26-Dec-2019,18:35:16,6,41.000000,106,,0,9,,,,,,,,,,,,,,15,26,29352,,,,10,11297,,,,21,26560,,,,32,21198,,,,20,15855,,,,16,3306,,,,15,5593,,,,29,31424,,,,25,7238,,,,,,,,,,,,,,,,,,,,,,,,,,,,,,,,,,
Julio Grande,26-Dec-2019,22:13:23,4,41.000000,107,29,0,6,,,,,,,,,,,,,,15,8,4597,,,,14,11017,,,,31,26663,,,,32,1099,,,,10,29348,,,,21,32730,,,,,,,,,,,,,,,,,,,,,,,,,,,,,,,,,,,,,,,,,,,,,,,,,
Julio Grande,27-Dec-2019,01:05:11,6,41.000000,108,31,0,6,,,,,,,,,,,,,,15,27,7406,,,,16,5183,,,,26,18276,,,,8,30228,,,,1,9849,,,,18,15252,,,,,,,,,,,,,,,,,,,,,,,,,,,,,,,,,,,,,,,,,,,,,,,,,
Julio Grande,27-Dec-2019,03:58:15,6,41.000000,109,33,0,7,,,,,,,,,,,,,,15,23,3401,,,,7,30481,,,,4,9978,,,,9,5815,,,,22,1511,,,,3,23406,,,,11,5366,,,,,,,,,,,,,,,,,,,,,,,,,,,,,,,,,,,,,,,,,,,,
Julio Grande,27-Dec-2019,05:58:45,6,41.000000,110,33,0,4,,,,,,,,,,,,,,15,17,27314,,,,7,10936,,,,30,6159,,,,28,1492,,,,,,,,,,,,,,,,,,,,,,,,,,,,,,,,,,,,,,,,,,,,,,,,,,,,,,,,,,,
Julio Grande,27-Dec-2019,08:00:36,12,41.000000,111,33,0,7,,,,,,,,,,,,,,15,9,24978,,,,23,25160,,,,17,13269,,,,6,23828,,,,7,23368,,,,19,24042,,,,28,18283,,,,,,,,,,,,,,,,,,,,,,,,,,,,,,,,,,,,,,,,,,,,
Julio Grande,27-Dec-2019,10:03:28,14,41.000000,112,33,0,4,,,,,,,,,,,,,,15,17,23427,,,,30,21880,,,,28,6925,,,,7,1018,,,,,,,,,,,,,,,,,,,,,,,,,,,,,,,,,,,,,,,,,,,,,,,,,,,,,,,,,,,
Julio Grande,27-Dec-2019,12:06:29,6,41.000000,113,33,0,5,,,,,,,,,,,,,,15,15,2355,,,,13,24366,,,,6,13660,,,,2,30760,,,,29,18114,,,,,,,,,,,,,,,,,,,,,,,,,,,,,,,,,,,,,,,,,,,,,,,,,,,,,,
Julio Grande,27-Dec-2019,14:06:00,4,41.000000,114,33,0,7,,,,,,,,,,,,,,15,12,4984,,,,2,9661,,,,5,24572,,,,29,27138,,,,15,32526,,,,25,14916,,,,13,1036,,,,,,,,,,,,,,,,,,,,,,,,,,,,,,,,,,,,,,,,,,,,
Julio Grande,27-Dec-2019,16:27:22,2,41.000000,115,33,0,6,,,,,,,,,,,,,,15,20,29171,,,,29,105,,,,21,26787,,,,10,2178,,,,12,19200,,,,15,3769,,,,,,,,,,,,,,,,,,,,,,,,,,,,,,,,,,,,,,,,,,,,,,,,,
Julio Grande,27-Dec-2019,18:47:29,2,41.000000,116,33,0,8,,,,,,,,,,,,,,15,20,14760,,,,10,5441,,,,15,17438,,,,21,9895,,,,29,24524,,,,26,12346,,,,16,15649,,,,24,27138,,,,,,,,,,,,,,,,,,,,,,,,,,,,,,,,,,,,,,,
Julio Grande,27-Dec-2019,20:49:37,4,41.000000,117,33,0,7,,,,,,,,,,,,,,15,29,16368,,,,31,8557,,,,32,4464,,,,27,24999,,,,26,6304,,,,16,31058,,,,14,14202,,,,,,,,,,,,,,,,,,,,,,,,,,,,,,,,,,,,,,,,,,,,
Julio Grande,27-Dec-2019,22:49:22,2,41.000000,118,33,0,8,,,,,,,,,,,,,,15,10,26530,,,,27,29399,,,,32,907,,,,31,16143,,,,20,20240,,,,26,16976,,,,14,28814,,,,21,19782,,,,,,,,,,,,,,,,,,,,,,,,,,,,,,,,,,,,,,,
Julio Grande,28-Dec-2019,01:08:16,4,41.000000,119,,0,9,,,,,,,,,,,,,,15,16,22475,,,,27,5165,,,,10,9891,,,,31,25380,,,,1,27672,,,,26,26013,,,,11,21659,,,,18,20774,,,,8,29470,,,,,,,,,,,,,,,,,,,,,,,,,,,,,,,,,,
Julio Grande,28-Dec-2019,08:06:45,2,41.000000,122,33,0,5,,,,,,,,,,,,,,15,9,24807,,,,6,20058,,,,23,20358,,,,11,31138,,,,30,3475,,,,,,,,,,,,,,,,,,,,,,,,,,,,,,,,,,,,,,,,,,,,,,,,,,,,,,
Julio Grande,28-Dec-2019,10:51:18,4,41.000000,123,35,0,7,,,,,,,,,,,,,,15,17,15003,,,,30,16871,,,,19,25634,,,,28,18226,,,,2,16878,,,,6,22300,,,,15,29106,,,,,,,,,,,,,,,,,,,,,,,,,,,,,,,,,,,,,,,,,,,,
Julio Grande,28-Dec-2019,13:53:05,4,41.000000,124,38,0,5,,,,,,,,,,,,,,15,12,19336,,,,24,30682,,,,5,30311,,,,15,4723,,,,2,16432,,,,,,,,,,,,,,,,,,,,,,,,,,,,,,,,,,,,,,,,,,,,,,,,,,,,,,
Julio Grande,28-Dec-2019,15:55:36,4,41.000000,125,38,0,7,,,,,,,,,,,,,,15,5,12151,,,,29,28452,,,,24,13578,,,,13,12277,,,,12,7443,,,,20,6653,,,,15,6022,,,,,,,,,,,,,,,,,,,,,,,,,,,,,,,,,,,,,,,,,,,,
Julio Grande,28-Dec-2019,17:56:35,8,41.000000,126,38,0,8,,,,,,,,,,,,,,15,21,26141,,,,20,25276,,,,10,20954,,,,26,31459,,,,12,32117,,,,15,13824,,,,24,22851,,,,29,8242,,,,,,,,,,,,,,,,,,,,,,,,,,,,,,,,,,,,,,,
Julio Grande,28-Dec-2019,20:42:30,12,41.000000,127,38,0,4,,,,,,,,,,,,,,15,27,9720,,,,21,6134,,,,10,17936,,,,20,5001,,,,,,,,,,,,,,,,,,,,,,,,,,,,,,,,,,,,,,,,,,,,,,,,,,,,,,,,,,,
Julio Grande,29-Dec-2019,00:00:32,4,41.000000,128,39,0,7,,,,,,,,,,,,,,15,23,14798,,,,31,10145,,,,22,15351,,,,27,27435,,,,8,20324,,,,11,30638,,,,4,26284,,,,,,,,,,,,,,,,,,,,,,,,,,,,,,,,,,,,,,,,,,,,
Julio Grande,29-Dec-2019,02:54:52,2,41.000000,129,,0,9,,,,,,,,,,,,,,15,8,10598,,,,26,22372,,,,1,4185,,,,16,10773,,,,23,2812,,,,4,10674,,,,7,12926,,,,11,16347,,,,18,1123,,,,,,,,,,,,,,,,,,,,,,,,,,,,,,,,,,
Julio Grande,29-Dec-2019,07:58:51,2,41.000000,131,,0,9,,,,,,,,,,,,,,15,9,30444,,,,7,21100,,,,30,22595,,,,28,4247,,,,11,30867,,,,6,2794,,,,13,5988,,,,1,29696,,,,17,20549,,,,,,,,,,,,,,,,,,,,,,,,,,,,,,,,,,
Julio Grande,29-Dec-2019,10:23:17,2,41.000000,132,,0,9,,,,,,,,,,,,,,15,30,19691,,,,5,12072,,,,15,22074,,,,7,15987,,,,6,30251,,,,2,17383,,,,19,20923,,,,13,22977,,,,17,21783,,,,,,,,,,,,,,,,,,,,,,,,,,,,,,,,,,
Julio Grande,29-Dec-2019,14:29:32,2,41.000000,134,39,0,6,,,,,,,,,,,,,,15,2,27141,,,,29,15656,,,,25,18999,,,,5,8472,,,,12,22026,,,,15,22524,,,,,,,,,,,,,,,,,,,,,,,,,,,,,,,,,,,,,,,,,,,,,,,,,
Julio Grande,29-Dec-2019,18:32:01,2,41.000000,136,39,0,8,,,,,,,,,,,,,,15,10,29596,,,,26,26652,,,,15,28947,,,,21,23274,,,,32,11873,,,,29,16422,,,,20,17962,,,,16,16753,,,,,,,,,,,,,,,,,,,,,,,,,,,,,,,,,,,,,,,
Julio Grande,30-Dec-2019,01:46:55,2,41.000000,139,42,0,8,,,,,,,,,,,,,,15,26,12812,,,,16,21252,,,,8,26933,,,,11,29268,,,,7,10465,,,,18,20411,,,,22,28982,,,,1,2381,,,,,,,,,,,,,,,,,,,,,,,,,,,,,,,,,,,,,,,
Julio Grande,30-Dec-2019,04:31:41,4,41.000000,140,43,0,7,,,,,,,,,,,,,,15,7,31173,,,,9,15931,,,,8,5040,,,,3,5837,,,,23,21656,,,,22,1569,,,,4,624,,,,,,,,,,,,,,,,,,,,,,,,,,,,,,,,,,,,,,,,,,,,
Julio Grande,30-Dec-2019,06:50:38,4,41.000000,141,43,0,8,,,,,,,,,,,,,,15,7,13221,,,,5,23326,,,,28,21358,,,,9,10291,,,,17,20469,,,,30,14822,,,,11,2354,,,,19,25135,,,,,,,,,,,,,,,,,,,,,,,,,,,,,,,,,,,,,,,
Julio Grande,30-Dec-2019,09:28:06,4,41.000000,142,45,0,6,,,,,,,,,,,,,,15,7,1018,,,,30,8976,,,,17,6836,,,,6,18137,,,,28,11040,,,,2,29284,,,,,,,,,,,,,,,,,,,,,,,,,,,,,,,,,,,,,,,,,,,,,,,,,
Julio Grande,30-Dec-2019,11:32:09,4,41.000000,143,45,0,7,,,,,,,,,,,,,,15,19,24940,,,,5,23883,,,,30,15904,,,,13,20683,,,,24,7538,,,,12,31468,,,,6,20191,,,,,,,,,,,,,,,,,,,,,,,,,,,,,,,,,,,,,,,,,,,,
Julio Grande,30-Dec-2019,13:44:50,4,41.000000,144,45,0,7,,,,,,,,,,,,,,15,12,31675,,,,2,29300,,,,25,389,,,,29,12630,,,,5,10689,,,,15,18104,,,,13,27546,,,,,,,,,,,,,,,,,,,,,,,,,,,,,,,,,,,,,,,,,,,,
Julio Grande,30-Dec-2019,16:20:40,2,41.000000,145,45,0,8,,,,,,,,,,,,,,15,12,1584,,,,10,22589,,,,29,10704,,,,15,3710,,,,21,27580,,,,20,7058,,,,24,18833,,,,5,15036,,,,,,,,,,,,,,,,,,,,,,,,,,,,,,,,,,,,,,,
Julio Grande,30-Dec-2019,18:33:10,2,41.000000,146,45,0,8,,,,,,,,,,,,,,15,25,20464,,,,24,25937,,,,10,5358,,,,29,24712,,,,32,10674,,,,14,19970,,,,26,9240,,,,15,22351,,,,,,,,,,,,,,,,,,,,,,,,,,,,,,,,,,,,,,,
Julio Grande,30-Dec-2019,20:46:19,8,41.000000,147,45,0,7,,,,,,,,,,,,,,15,31,22296,,,,27,6828,,,,29,31872,,,,32,17506,,,,16,14492,,,,26,20628,,,,14,20513,,,,,,,,,,,,,,,,,,,,,,,,,,,,,,,,,,,,,,,,,,,,
Julio Grande,30-Dec-2019,23:27:43,6,41.000000,148,,0,9,,,,,,,,,,,,,,15,31,19262,,,,27,11854,,,,10,14488,,,,26,8972,,,,16,10670,,,,8,11546,,,,20,1171,,,,32,72,,,,4,31890,,,,,,,,,,,,,,,,,,,,,,,,,,,,,,,,,,
Julio Grande,31-Dec-2019,01:41:09,8,41.000000,149,,0,9,,,,,,,,,,,,,,15,7,5228,,,,18,24494,,,,11,31961,,,,23,29661,,,,8,28029,,,,3,18673,,,,4,19847,,,,22,26134,,,,1,4105,,,,,,,,,,,,,,,,,,,,,,,,,,,,,,,,,,
Julio Grande,31-Dec-2019,03:41:02,6,41.000000,150,45,0,8,,,,,,,,,,,,,,15,8,8386,,,,27,7795,,,,7,3990,,,,22,9952,,,,1,21033,,,,23,8709,,,,4,15047,,,,11,10954,,,,,,,,,,,,,,,,,,,,,,,,,,,,,,,,,,,,,,,
Julio Grande,31-Dec-2019,05:43:41,6,41.000000,151,,0,9,,,,,,,,,,,,,,15,7,26378,,,,23,4579,,,,28,19333,,,,11,2654,,,,8,31092,,,,30,21993,,,,1,29034,,,,4,28400,,,,9,23632,,,,,,,,,,,,,,,,,,,,,,,,,,,,,,,,,,
Julio Grande,31-Dec-2019,08:36:18,6,41.000000,152,46,0,6,,,,,,,,,,,,,,15,7,4279,,,,30,15089,,,,9,1865,,,,19,2036,,,,6,22290,,,,1,2353,,,,,,,,,,,,,,,,,,,,,,,,,,,,,,,,,,,,,,,,,,,,,,,,,
Julio Grande,31-Dec-2019,10:57:09,2,41.000000,153,,0,9,,,,,,,,,,,,,,15,5,22088,,,,15,17498,,,,13,4407,,,,2,17139,,,,30,11915,,,,17,27431,,,,19,11687,,,,6,25531,,,,24,28658,,,,,,,,,,,,,,,,,,,,,,,,,,,,,,,,,,
Julio Grande,31-Dec-2019,13:39:16,4,41.000000,154,48,0,8,,,,,,,,,,,,,,15,12,23083,,,,15,13736,,,,5,5975,,,,2,30510,,,,13,24474,,,,32,25981,,,,29,8538,,,,24,8909,,,,,,,,,,,,,,,,,,,,,,,,,,,,,,,,,,,,,,,
Julio Grande,31-Dec-2019,16:25:04,2,41.000000,155,49,0,7,,,,,,,,,,,,,,15,10,675,,,,24,14225,,,,29,7972,,,,12,17332,,,,21,9096,,,,20,1124,,,,25,21620,,,,,,,,,,,,,,,,,,,,,,,,,,,,,,,,,,,,,,,,,,,,
Julio Grande,31-Dec-2019,19:22:31,6,41.000000,156,,0,9,,,,,,,,,,,,,,15,16,15035,,,,10,19784,,,,26,21781,,,,14,30873,,,,31,26780,,,,32,28907,,,,21,7086,,,,29,3753,,,,20,9436,,,,,,,,,,,,,,,,,,,,,,,,,,,,,,,,,,
Julio Grande,31-Dec-2019,21:52:02,4,41.000000,157,51,0,7,,,,,,,,,,,,,,15,27,1454,,,,8,30548,,,,32,30154,,,,10,22925,,,,20,26706,,,,31,18266,,,,16,21044,,,,,,,,,,,,,,,,,,,,,,,,,,,,,,,,,,,,,,,,,,,,
Julio Grande,31-Dec-2019,23:55:20,2,41.000000,158,,0,9,,,,,,,,,,,,,,15,27,24908,,,,4,10153,,,,8,24118,,,,11,677,,,,23,3080,,,,22,18148,,,,1,31669,,,,31,6230,,,,18,20178,,,,,,,,,,,,,,,,,,,,,,,,,,,,,,,,,,
Julio Grande,01-Jan-2020,11:49:00,4,41.000000,162,58,0,8,,,,,,,,,,,,,,15,24,4956,,,,12,21950,,,,19,24276,,,,6,21037,,,,5,15959,,,,28,30532,,,,30,19430,,,,13,521,,,,,,,,,,,,,,,,,,,,,,,,,,,,,,,,,,,,,,,
Julio Grande,01-Jan-2020,13:56:57,4,41.000000,163,58,0,6,,,,,,,,,,,,,,15,12,29734,,,,15,32438,,,,5,15957,,,,2,26283,,,,24,21236,,,,13,23014,,,,,,,,,,,,,,,,,,,,,,,,,,,,,,,,,,,,,,,,,,,,,,,,,
Julio Grande,01-Jan-2020,16:32:37,4,41.000000,164,58,0,8,,,,,,,,,,,,,,15,29,19054,,,,10,27881,,,,20,3012,,,,21,30351,,,,15,32714,,,,25,31036,,,,12,26688,,,,31,14102,,,,,,,,,,,,,,,,,,,,,,,,,,,,,,,,,,,,,,,
Julio Grande,01-Jan-2020,18:34:40,4,41.000000,165,58,0,7,,,,,,,,,,,,,,15,10,1982,,,,20,32678,,,,21,20313,,,,15,23828,,,,29,18996,,,,26,18445,,,,16,2888,,,,,,,,,,,,,,,,,,,,,,,,,,,,,,,,,,,,,,,,,,,,
Julio Grande,01-Jan-2020,21:13:12,4,41.000000,166,,0,9,,,,,,,,,,,,,,15,32,13359,,,,10,22811,,,,31,16444,,,,20,22831,,,,27,3717,,,,21,2338,,,,26,28552,,,,8,27156,,,,14,12802,,,,,,,,,,,,,,,,,,,,,,,,,,,,,,,,,,
Julio Grande,01-Jan-2020,23:34:55,6,41.000000,167,,0,9,,,,,,,,,,,,,,15,22,14303,,,,11,15415,,,,1,12708,,,,31,24078,,,,23,28393,,,,14,29635,,,,4,12053,,,,26,30018,,,,10,7441,,,,,,,,,,,,,,,,,,,,,,,,,,,,,,,,,,
Julio Grande,02-Jan-2020,02:17:45,4,41.000000,168,,0,9,,,,,,,,,,,,,,15,26,12087,,,,16,32480,,,,8,10345,,,,3,30566,,,,18,13234,,,,1,5474,,,,27,2171,,,,7,29607,,,,11,22499,,,,,,,,,,,,,,,,,,,,,,,,,,,,,,,,,,
Julio Grande,02-Jan-2020,04:56:05,4,41.000000,169,59,0,8,,,,,,,,,,,,,,15,7,4649,,,,8,5811,,,,30,6047,,,,23,12951,,,,9,9376,,,,4,31002,,,,28,4203,,,,11,9147,,,,,,,,,,,,,,,,,,,,,,,,,,,,,,,,,,,,,,,
Julio Grande,02-Jan-2020,07:16:30,2,41.000000,170,60,0,7,,,,,,,,,,,,,,15,9,20149,,,,19,31517,,,,17,5214,,,,5,2311,,,,7,19934,,,,28,14944,,,,30,22146,,,,,,,,,,,,,,,,,,,,,,,,,,,,,,,,,,,,,,,,,,,,
Julio Grande,02-Jan-2020,09:25:12,2,41.000000,171,60,0,7,,,,,,,,,,,,,,15,13,14019,,,,17,8191,,,,7,10254,,,,30,3947,,,,15,12946,,,,28,28908,,,,19,8546,,,,,,,,,,,,,,,,,,,,,,,,,,,,,,,,,,,,,,,,,,,,
Julio Grande,02-Jan-2020,11:31:00,4,41.000000,172,,0,9,,,,,,,,,,,,,,15,6,10614,,,,19,10370,,,,12,4504,,,,5,32500,,,,24,2642,,,,13,13512,,,,2,21903,,,,30,23937,,,,28,25288,,,,,,,,,,,,,,,,,,,,,,,,,,,,,,,,,,
Julio Grande,02-Jan-2020,17:51:12,4,41.000000,175,60,0,8,,,,,,,,,,,,,,15,20,11310,,,,21,13910,,,,15,16349,,,,25,28603,,,,29,28428,,,,10,8250,,,,26,4603,,,,24,28646,,,,,,,,,,,,,,,,,,,,,,,,,,,,,,,,,,,,,,,
Julio Grande,02-Jan-2020,19:59:08,2,41.000000,176,60,0,7,,,,,,,,,,,,,,15,10,21848,,,,29,21816,,,,27,30166,,,,14,10507,,,,21,11445,,,,20,4082,,,,32,5856,,,,,,,,,,,,,,,,,,,,,,,,,,,,,,,,,,,,,,,,,,,,
Julio Grande,02-Jan-2020,22:00:10,2,41.000000,177,60,0,6,,,,,,,,,,,,,,15,32,4852,,,,10,14714,,,,31,9564,,,,21,223,,,,14,5637,,,,27,17795,,,,,,,,,,,,,,,,,,,,,,,,,,,,,,,,,,,,,,,,,,,,,,,,,
Julio Grande,03-Jan-2020,00:25:52,2,41.000000,178,,0,9,,,,,,,,,,,,,,15,23,25846,,,,11,10482,,,,31,11173,,,,4,11082,,,,1,11675,,,,22,4708,,,,8,76,,,,18,2750,,,,3,17006,,,,,,,,,,,,,,,,,,,,,,,,,,,,,,,,,,
Julio Grande,03-Jan-2020,02:33:32,6,41.000000,179,60,0,5,,,,,,,,,,,,,,15,7,14817,,,,23,5270,,,,4,12882,,,,1,9606,,,,16,16399,,,,,,,,,,,,,,,,,,,,,,,,,,,,,,,,,,,,,,,,,,,,,,,,,,,,,,
Julio Grande,03-Jan-2020,05:09:28,4,41.000000,180,60,0,6,,,,,,,,,,,,,,15,28,5627,,,,7,8455,,,,3,3641,,,,17,5227,,,,9,27395,,,,30,22695,,,,,,,,,,,,,,,,,,,,,,,,,,,,,,,,,,,,,,,,,,,,,,,,,
Julio Grande,03-Jan-2020,08:17:31,4,41.000000,181,61,0,8,,,,,,,,,,,,,,15,7,22618,,,,9,9270,,,,6,17179,,,,5,15690,,,,30,21132,,,,19,12244,,,,1,26962,,,,2,21672,,,,,,,,,,,,,,,,,,,,,,,,,,,,,,,,,,,,,,,
Julio Grande,03-Jan-2020,10:51:57,8,41.000000,182,62,0,8,,,,,,,,,,,,,,15,5,27708,,,,30,16486,,,,13,18365,,,,15,12482,,,,2,28700,,,,24,20672,,,,17,28957,,,,19,15341,,,,,,,,,,,,,,,,,,,,,,,,,,,,,,,,,,,,,,,
Julio Grande,03-Jan-2020,13:00:53,2,41.000000,183,62,0,7,,,,,,,,,,,,,,15,15,12098,,,,12,3078,,,,5,14940,,,,24,21069,,,,29,252,,,,13,16981,,,,2,17576,,,,,,,,,,,,,,,,,,,,,,,,,,,,,,,,,,,,,,,,,,,,
Julio Grande,03-Jan-2020,15:03:16,2,41.000000,184,62,0,7,,,,,,,,,,,,,,15,29,21735,,,,5,21622,,,,15,21036,,,,21,19742,,,,25,23564,,,,12,14834,,,,13,15972,,,,,,,,,,,,,,,,,,,,,,,,,,,,,,,,,,,,,,,,,,,,
Julio Grande,03-Jan-2020,19:40:12,2,41.000000,186,,0,9,,,,,,,,,,,,,,15,16,13242,,,,26,15201,,,,21,12918,,,,14,963,,,,32,926,,,,20,1552,,,,10,20042,,,,27,10042,,,,31,4055,,,,,,,,,,,,,,,,,,,,,,,,,,,,,,,,,,
Julio Grande,03-Jan-2020,21:47:01,4,41.000000,187,,0,9,,,,,,,,,,,,,,15,27,32642,,,,26,18608,,,,31,1430,,,,8,12444,,,,16,22110,,,,32,9153,,,,21,5177,,,,4,7649,,,,10,23290,,,,,,,,,,,,,,,,,,,,,,,,,,,,,,,,,,
Julio Grande,03-Jan-2020,23:48:21,10,41.000000,188,,0,9,,,,,,,,,,,,,,15,22,9156,,,,1,24933,,,,31,32190,,,,23,14755,,,,26,20155,,,,18,5448,,,,16,30855,,,,11,24100,,,,27,20321,,,,,,,,,,,,,,,,,,,,,,,,,,,,,,,,,,
Julio Grande,04-Jan-2020,02:06:41,6,41.000000,189,,0,9,,,,,,,,,,,,,,15,26,2987,,,,18,3058,,,,23,10874,,,,3,5047,,,,16,18039,,,,4,22011,,,,1,26183,,,,8,22660,,,,11,7619,,,,,,,,,,,,,,,,,,,,,,,,,,,,,,,,,,
Julio Grande,04-Jan-2020,04:10:46,6,41.000000,190,63,0,8,,,,,,,,,,,,,,15,8,14818,,,,22,12637,,,,11,3610,,,,23,31926,,,,4,10691,,,,3,17287,,,,1,11274,,,,28,6882,,,,,,,,,,,,,,,,,,,,,,,,,,,,,,,,,,,,,,,
Julio Grande,04-Jan-2020,06:44:48,4,41.000000,191,64,0,8,,,,,,,,,,,,,,15,7,23296,,,,30,3264,,,,5,21845,,,,28,18455,,,,11,7804,,,,9,22404,,,,23,8154,,,,4,31540,,,,,,,,,,,,,,,,,,,,,,,,,,,,,,,,,,,,,,,
Julio Grande,04-Jan-2020,08:48:43,4,41.000000,192,64,0,7,,,,,,,,,,,,,,15,15,30822,,,,7,1506,,,,13,30884,,,,30,3344,,,,17,19373,,,,28,3718,,,,5,18580,,,,,,,,,,,,,,,,,,,,,,,,,,,,,,,,,,,,,,,,,,,,
Julio Grande,04-Jan-2020,11:50:09,2,41.000000,193,65,0,8,,,,,,,,,,,,,,15,12,23041,,,,24,15214,,,,30,30620,,,,19,25188,,,,6,10220,,,,29,23007,,,,15,9015,,,,28,15810,,,,,,,,,,,,,,,,,,,,,,,,,,,,,,,,,,,,,,,
Julio Grande,04-Jan-2020,14:03:44,4,41.000000,194,65,0,6,,,,,,,,,,,,,,15,12,12156,,,,25,8752,,,,5,2371,,,,2,23618,,,,15,15682,,,,29,8138,,,,,,,,,,,,,,,,,,,,,,,,,,,,,,,,,,,,,,,,,,,,,,,,,
Julio Grande,04-Jan-2020,16:17:10,6,41.000000,195,65,0,6,,,,,,,,,,,,,,15,10,7973,,,,20,23405,,,,29,3222,,,,12,30981,,,,21,21023,,,,25,25236,,,,,,,,,,,,,,,,,,,,,,,,,,,,,,,,,,,,,,,,,,,,,,,,,
Julio Grande,04-Jan-2020,18:26:29,8,41.000000,196,65,0,6,,,,,,,,,,,,,,15,29,31873,,,,32,17580,,,,25,25060,,,,10,16273,,,,14,3548,,,,24,13806,,,,,,,,,,,,,,,,,,,,,,,,,,,,,,,,,,,,,,,,,,,,,,,,,
Julio Grande,04-Jan-2020,21:55:28,2,41.000000,197,,0,9,,,,,,,,,,,,,,15,26,12609,,,,27,7789,,,,16,8700,,,,31,8297,,,,21,13348,,,,8,14244,,,,14,24878,,,,10,7884,,,,4,1239,,,,,,,,,,,,,,,,,,,,,,,,,,,,,,,,,,
Julio Grande,05-Jan-2020,00:03:37,8,41.000000,198,66,0,4,,,,,,,,,,,,,,15,8,1309,,,,23,912,,,,11,20889,,,,1,24951,,,,,,,,,,,,,,,,,,,,,,,,,,,,,,,,,,,,,,,,,,,,,,,,,,,,,,,,,,,
Julio Grande,05-Jan-2020,04:16:37,2,41.000000,200,,0,9,,,,,,,,,,,,,,15,7,12082,,,,28,24227,,,,3,502,,,,9,30146,,,,22,16700,,,,30,21784,,,,23,19150,,,,8,29476,,,,1,4630,,,,,,,,,,,,,,,,,,,,,,,,,,,,,,,,,,
Julio Grande,05-Jan-2020,06:40:21,8,41.000000,201,66,0,8,,,,,,,,,,,,,,15,7,2422,,,,30,14508,,,,9,2139,,,,17,23319,,,,28,30365,,,,23,21757,,,,11,17726,,,,5,550,,,,,,,,,,,,,,,,,,,,,,,,,,,,,,,,,,,,,,,
Julio Grande,05-Jan-2020,09:00:47,2,41.000000,202,,0,9,,,,,,,,,,,,,,15,17,21296,,,,30,16584,,,,7,14833,,,,15,24099,,,,6,18312,,,,13,7009,,,,19,9909,,,,28,22268,,,,5,22070,,,,,,,,,,,,,,,,,,,,,,,,,,,,,,,,,,
Julio Grande,05-Jan-2020,11:41:18,6,41.000000,203,67,0,7,,,,,,,,,,,,,,15,5,10538,,,,15,18566,,,,30,24360,,,,12,16509,,,,13,20966,,,,24,7288,,,,28,28566,,,,,,,,,,,,,,,,,,,,,,,,,,,,,,,,,,,,,,,,,,,,
Julio Grande,05-Jan-2020,14:05:12,6,41.000000,204,67,0,7,,,,,,,,,,,,,,15,15,30653,,,,5,4921,,,,21,27509,,,,24,17354,,,,12,672,,,,13,32579,,,,29,22625,,,,,,,,,,,,,,,,,,,,,,,,,,,,,,,,,,,,,,,,,,,,
Julio Grande,05-Jan-2020,16:05:00,4,41.000000,205,67,1,6,,,,,,,,,,,,,,15,15,19846,,,,29,12953,,,,12,22423,,,,5,21846,,,,21,13911,,,,10,6486,,,,,,,,,,,,,,,,,,,,,,,,,,,,,,,,,,,,,,,,,,,,,,,,,
Julio Grande,05-Jan-2020,18:05:00,6,41.000000,206,67,0,7,,,,,,,,,,,,,,15,15,8667,,,,32,6168,,,,20,982,,,,24,1965,,,,21,12197,,,,29,2639,,,,25,8616,,,,,,,,,,,,,,,,,,,,,,,,,,,,,,,,,,,,,,,,,,,,
Julio Grande,05-Jan-2020,20:10:09,10,41.000000,207,67,0,8,,,,,,,,,,,,,,15,31,12294,,,,29,6291,,,,26,21188,,,,27,29279,,,,32,19026,,,,16,11890,,,,14,22756,,,,11,15769,,,,,,,,,,,,,,,,,,,,,,,,,,,,,,,,,,,,,,,
Julio Grande,05-Jan-2020,22:45:00,2,41.000000,208,,0,9,,,,,,,,,,,,,,15,18,32635,,,,11,26537,,,,31,28800,,,,23,26173,,,,1,20221,,,,4,27733,,,,22,14580,,,,8,17487,,,,14,17003,,,,,,,,,,,,,,,,,,,,,,,,,,,,,,,,,,
Julio Grande,06-Jan-2020,03:17:19,2,41.000000,210,67,0,6,,,,,,,,,,,,,,15,7,5716,,,,9,17789,,,,16,11248,,,,22,8772,,,,30,14971,,,,3,32122,,,,,,,,,,,,,,,,,,,,,,,,,,,,,,,,,,,,,,,,,,,,,,,,,
Julio Grande,06-Jan-2020,05:44:53,4,41.000000,211,,0,9,,,,,,,,,,,,,,15,7,13261,,,,28,14977,,,,17,13225,,,,9,1427,,,,30,23396,,,,11,16399,,,,19,9322,,,,23,22034,,,,6,8977,,,,,,,,,,,,,,,,,,,,,,,,,,,,,,,,,,
Julio Grande,06-Jan-2020,08:25:11,2,41.000000,212,67,0,7,,,,,,,,,,,,,,15,5,22914,,,,2,2043,,,,13,20461,,,,30,23591,,,,9,32140,,,,6,21704,,,,17,12016,,,,,,,,,,,,,,,,,,,,,,,,,,,,,,,,,,,,,,,,,,,,
Julio Grande,06-Jan-2020,10:37:24,4,41.000000,213,67,0,5,,,,,,,,,,,,,,15,5,17257,,,,30,17110,,,,15,5257,,,,13,15282,,,,19,15349,,,,,,,,,,,,,,,,,,,,,,,,,,,,,,,,,,,,,,,,,,,,,,,,,,,,,,
Julio Grande,06-Jan-2020,12:40:14,6,41.000000,214,67,0,5,,,,,,,,,,,,,,15,12,16576,,,,29,6982,,,,2,18486,,,,15,23775,,,,24,28585,,,,,,,,,,,,,,,,,,,,,,,,,,,,,,,,,,,,,,,,,,,,,,,,,,,,,,
Julio Grande,06-Jan-2020,15:02:04,8,41.000000,215,68,0,8,,,,,,,,,,,,,,15,21,7100,,,,24,7210,,,,5,23180,,,,20,1439,,,,29,15165,,,,25,27292,,,,15,8272,,,,12,16341,,,,,,,,,,,,,,,,,,,,,,,,,,,,,,,,,,,,,,,
Julio Grande,06-Jan-2020,17:16:32,6,41.000000,216,68,0,8,,,,,,,,,,,,,,15,15,3899,,,,29,22091,,,,25,87,,,,10,1825,,,,12,2816,,,,24,8721,,,,13,29591,,,,32,27099,,,,,,,,,,,,,,,,,,,,,,,,,,,,,,,,,,,,,,,
Julio Grande,07-Jan-2020,00:00:42,6,41.000000,219,,0,9,,,,,,,,,,,,,,15,23,558,,,,11,25558,,,,4,22896,,,,1,3041,,,,31,22724,,,,22,22726,,,,18,9097,,,,3,1229,,,,8,23575,,,,,,,,,,,,,,,,,,,,,,,,,,,,,,,,,,
Julio Grande,07-Jan-2020,02:53:15,6,41.000000,220,68,0,8,,,,,,,,,,,,,,15,23,695,,,,7,22483,,,,4,5950,,,,16,31815,,,,9,23976,,,,27,23476,,,,22,8684,,,,8,3346,,,,,,,,,,,,,,,,,,,,,,,,,,,,,,,,,,,,,,,
Julio Grande,07-Jan-2020,05:12:15,2,41.000000,221,68,0,6,,,,,,,,,,,,,,15,17,19235,,,,28,25291,,,,7,6910,,,,3,342,,,,30,403,,,,9,32584,,,,,,,,,,,,,,,,,,,,,,,,,,,,,,,,,,,,,,,,,,,,,,,,,
Julio Grande,07-Jan-2020,07:37:12,2,41.000000,222,68,0,5,,,,,,,,,,,,,,15,7,30422,,,,5,21276,,,,28,20492,,,,30,20822,,,,13,13012,,,,,,,,,,,,,,,,,,,,,,,,,,,,,,,,,,,,,,,,,,,,,,,,,,,,,,
Julio Grande,07-Jan-2020,10:04:01,2,41.000000,223,68,0,7,,,,,,,,,,,,,,15,5,15841,,,,30,4826,,,,15,30156,,,,7,9658,,,,13,30046,,,,19,17954,,,,2,2038,,,,,,,,,,,,,,,,,,,,,,,,,,,,,,,,,,,,,,,,,,,,
Julio Grande,07-Jan-2020,12:36:05,2,41.000000,224,69,0,7,,,,,,,,,,,,,,15,5,2162,,,,15,12990,,,,13,27372,,,,24,17740,,,,29,28904,,,,2,7628,,,,28,3318,,,,,,,,,,,,,,,,,,,,,,,,,,,,,,,,,,,,,,,,,,,,
Julio Grande,07-Jan-2020,14:38:09,4,41.000000,225,69,0,8,,,,,,,,,,,,,,15,15,6750,,,,24,12613,,,,21,4630,,,,20,9283,,,,12,11021,,,,29,3314,,,,13,8383,,,,25,26323,,,,,,,,,,,,,,,,,,,,,,,,,,,,,,,,,,,,,,,
Julio Grande,07-Jan-2020,18:40:42,2,41.000000,227,69,0,6,,,,,,,,,,,,,,15,10,6290,,,,29,4350,,,,20,3752,,,,21,26666,,,,25,23787,,,,31,5006,,,,,,,,,,,,,,,,,,,,,,,,,,,,,,,,,,,,,,,,,,,,,,,,,
Julio Grande,07-Jan-2020,21:07:48,4,41.000000,228,70,0,6,,,,,,,,,,,,,,15,27,29660,,,,8,27458,,,,21,32486,,,,10,23102,,,,32,6953,,,,14,17669,,,,,,,,,,,,,,,,,,,,,,,,,,,,,,,,,,,,,,,,,,,,,,,,,
Julio Grande,08-Jan-2020,00:08:54,2,41.000000,229,71,0,4,,,,,,,,,,,,,,15,11,20204,,,,22,16310,,,,23,26989,,,,4,9954,,,,,,,,,,,,,,,,,,,,,,,,,,,,,,,,,,,,,,,,,,,,,,,,,,,,,,,,,,,
Julio Grande,08-Jan-2020,02:15:58,4,41.000000,230,71,0,8,,,,,,,,,,,,,,15,23,31208,,,,4,5347,,,,9,6294,,,,26,10414,,,,16,32538,,,,7,7538,,,,3,24098,,,,8,5068,,,,,,,,,,,,,,,,,,,,,,,,,,,,,,,,,,,,,,,
Julio Grande,08-Jan-2020,04:51:00,8,41.000000,231,72,0,6,,,,,,,,,,,,,,15,3,2435,,,,11,31163,,,,22,24154,,,,23,32727,,,,17,20722,,,,1,17563,,,,,,,,,,,,,,,,,,,,,,,,,,,,,,,,,,,,,,,,,,,,,,,,,
Julio Grande,08-Jan-2020,09:08:52,4,41.000000,233,,0,9,,,,,,,,,,,,,,15,5,2241,,,,6,12416,,,,7,16067,,,,2,22434,,,,19,16201,,,,17,7682,,,,15,28497,,,,30,25776,,,,13,16422,,,,,,,,,,,,,,,,,,,,,,,,,,,,,,,,,,
Julio Grande,08-Jan-2020,11:11:25,2,41.000000,234,72,0,7,,,,,,,,,,,,,,15,5,11403,,,,30,4833,,,,15,5400,,,,13,3064,,,,24,23010,,,,12,15388,,,,19,30710,,,,,,,,,,,,,,,,,,,,,,,,,,,,,,,,,,,,,,,,,,,,
Julio Grande,08-Jan-2020,15:44:41,4,41.000000,236,74,0,7,,,,,,,,,,,,,,15,12,24500,,,,10,18572,,,,29,5731,,,,25,5525,,,,20,3415,,,,24,6487,,,,21,24939,,,,,,,,,,,,,,,,,,,,,,,,,,,,,,,,,,,,,,,,,,,,
Julio Grande,08-Jan-2020,22:15:18,2,41.000000,239,75,0,8,,,,,,,,,,,,,,15,8,3761,,,,26,14930,,,,27,20248,,,,18,7028,,,,14,7744,,,,16,27174,,,,11,24240,,,,4,4629,,,,,,,,,,,,,,,,,,,,,,,,,,,,,,,,,,,,,,,
Julio Grande,09-Jan-2020,01:12:01,12,41.000000,240,,0,9,,,,,,,,,,,,,,15,7,13058,,,,18,20877,,,,8,3583,,,,11,11838,,,,1,13708,,,,23,21292,,,,3,30421,,,,4,7770,,,,27,702,,,,,,,,,,,,,,,,,,,,,,,,,,,,,,,,,,
Julio Grande,09-Jan-2020,03:14:30,6,41.000000,241,77,0,8,,,,,,,,,,,,,,15,7,1647,,,,1,15724,,,,22,31478,,,,8,4529,,,,11,23226,,,,3,13115,,,,30,23184,,,,9,4723,,,,,,,,,,,,,,,,,,,,,,,,,,,,,,,,,,,,,,,
Julio Grande,09-Jan-2020,05:14:25,4,41.000000,242,77,0,8,,,,,,,,,,,,,,15,3,22872,,,,17,30974,,,,28,22020,,,,7,13809,,,,1,1220,,,,23,6917,,,,4,31563,,,,11,30164,,,,,,,,,,,,,,,,,,,,,,,,,,,,,,,,,,,,,,,
Julio Grande,09-Jan-2020,07:14:25,2,41.000000,243,77,0,8,,,,,,,,,,,,,,15,9,24087,,,,6,9149,,,,19,16458,,,,30,2833,,,,23,27275,,,,28,21342,,,,5,110,,,,17,32034,,,,,,,,,,,,,,,,,,,,,,,,,,,,,,,,,,,,,,,
Julio Grande,09-Jan-2020,11:17:12,4,41.000000,245,77,0,8,,,,,,,,,,,,,,15,5,15220,,,,15,25884,,,,13,286,,,,12,4223,,,,24,22593,,,,2,18860,,,,30,9032,,,,29,20877,,,,,,,,,,,,,,,,,,,,,,,,,,,,,,,,,,,,,,,
Julio Grande,09-Jan-2020,13:19:28,4,41.000000,246,77,0,4,,,,,,,,,,,,,,15,15,24702,,,,5,9992,,,,13,13749,,,,24,467,,,,,,,,,,,,,,,,,,,,,,,,,,,,,,,,,,,,,,,,,,,,,,,,,,,,,,,,,,,
Julio Grande,09-Jan-2020,15:19:03,6,41.000000,247,77,0,5,,,,,,,,,,,,,,15,15,19402,,,,24,25264,,,,12,27502,,,,20,1374,,,,5,3722,,,,,,,,,,,,,,,,,,,,,,,,,,,,,,,,,,,,,,,,,,,,,,,,,,,,,,
Julio Grande,09-Jan-2020,19:42:07,4,41.000000,249,77,0,7,,,,,,,,,,,,,,15,31,28413,,,,29,30534,,,,16,18696,,,,14,19863,,,,32,15752,,,,10,17817,,,,26,25752,,,,,,,,,,,,,,,,,,,,,,,,,,,,,,,,,,,,,,,,,,,,
Julio Grande,09-Jan-2020,21:43:10,4,41.000000,250,77,0,7,,,,,,,,,,,,,,15,26,3512,,,,16,1710,,,,27,31540,,,,31,5768,,,,14,10049,,,,21,25200,,,,8,32313,,,,,,,,,,,,,,,,,,,,,,,,,,,,,,,,,,,,,,,,,,,,
Julio Grande,09-Jan-2020,23:44:56,6,41.000000,251,,0,9,,,,,,,,,,,,,,15,27,23320,,,,8,16973,,,,23,4832,,,,1,27837,,,,16,8501,,,,22,12198,,,,31,22683,,,,11,29839,,,,4,28420,,,,,,,,,,,,,,,,,,,,,,,,,,,,,,,,,,
Julio Grande,10-Jan-2020,02:08:55,2,41.000000,252,,0,9,,,,,,,,,,,,,,15,1,23578,,,,8,26948,,,,7,27071,,,,18,12086,,,,11,2738,,,,27,3218,,,,23,14944,,,,3,934,,,,22,27474,,,,,,,,,,,,,,,,,,,,,,,,,,,,,,,,,,
Julio Grande,10-Jan-2020,06:52:56,4,41.000000,254,78,0,5,,,,,,,,,,,,,,15,6,7200,,,,9,18646,,,,19,5869,,,,17,5067,,,,28,30594,,,,,,,,,,,,,,,,,,,,,,,,,,,,,,,,,,,,,,,,,,,,,,,,,,,,,,
Julio Grande,10-Jan-2020,08:55:31,2,41.000000,255,78,0,7,,,,,,,,,,,,,,15,7,13445,,,,2,1940,,,,6,26332,,,,30,21402,,,,5,11549,,,,15,10613,,,,13,30265,,,,,,,,,,,,,,,,,,,,,,,,,,,,,,,,,,,,,,,,,,,,
Julio Grande,10-Jan-2020,13:27:23,4,41.000000,257,80,0,4,,,,,,,,,,,,,,15,15,8589,,,,12,3626,,,,13,16876,,,,24,28500,,,,,,,,,,,,,,,,,,,,,,,,,,,,,,,,,,,,,,,,,,,,,,,,,,,,,,,,,,,
Julio Grande,10-Jan-2020,19:30:55,2,41.000000,260,80,0,4,,,,,,,,,,,,,,15,31,15115,,,,29,28215,,,,26,11622,,,,14,9296,,,,,,,,,,,,,,,,,,,,,,,,,,,,,,,,,,,,,,,,,,,,,,,,,,,,,,,,,,,
Julio Grande,10-Jan-2020,21:41:45,4,41.000000,261,80,0,6,,,,,,,,,,,,,,15,26,998,,,,21,7648,,,,8,10248,,,,27,31252,,,,16,768,,,,31,6541,,,,,,,,,,,,,,,,,,,,,,,,,,,,,,,,,,,,,,,,,,,,,,,,,
Julio Grande,10-Jan-2020,23:45:05,4,41.000000,262,,0,9,,,,,,,,,,,,,,15,27,27908,,,,1,30970,,,,26,29872,,,,8,28170,,,,10,32688,,,,11,24967,,,,18,26699,,,,16,26493,,,,22,17697,,,,,,,,,,,,,,,,,,,,,,,,,,,,,,,,,,
Julio Grande,11-Jan-2020,01:45:23,4,41.000000,263,,0,9,,,,,,,,,,,,,,15,11,4626,,,,7,14411,,,,18,14980,,,,8,16944,,,,1,21185,,,,23,16553,,,,3,11326,,,,22,14230,,,,27,198,,,,,,,,,,,,,,,,,,,,,,,,,,,,,,,,,,
Julio Grande,11-Jan-2020,04:16:33,4,41.000000,264,,0,9,,,,,,,,,,,,,,15,22,15926,,,,3,28040,,,,8,32457,,,,11,16972,,,,1,3187,,,,7,9820,,,,28,12697,,,,30,15114,,,,23,15861,,,,,,,,,,,,,,,,,,,,,,,,,,,,,,,,,,
Julio Grande,11-Jan-2020,06:16:55,2,41.000000,265,81,0,8,,,,,,,,,,,,,,15,19,24887,,,,17,13000,,,,9,6632,,,,23,17953,,,,28,10695,,,,4,8557,,,,1,32552,,,,30,26306,,,,,,,,,,,,,,,,,,,,,,,,,,,,,,,,,,,,,,,
Julio Grande,11-Jan-2020,08:34:43,4,41.000000,266,82,0,5,,,,,,,,,,,,,,15,7,10952,,,,6,14338,,,,2,1308,,,,13,13499,,,,5,18468,,,,,,,,,,,,,,,,,,,,,,,,,,,,,,,,,,,,,,,,,,,,,,,,,,,,,,
Julio Grande,11-Jan-2020,11:12:47,4,41.000000,267,84,0,6,,,,,,,,,,,,,,15,5,27141,,,,13,1924,,,,15,11489,,,,29,22530,,,,24,678,,,,30,25436,,,,,,,,,,,,,,,,,,,,,,,,,,,,,,,,,,,,,,,,,,,,,,,,,
Julio Grande,11-Jan-2020,14:08:19,4,41.000000,268,87,0,5,,,,,,,,,,,,,,15,15,20034,,,,24,27161,,,,13,25549,,,,25,24148,,,,20,7140,,,,,,,,,,,,,,,,,,,,,,,,,,,,,,,,,,,,,,,,,,,,,,,,,,,,,,
Julio Grande,11-Jan-2020,21:33:53,4,41.000000,271,89,0,8,,,,,,,,,,,,,,15,31,2628,,,,26,30104,,,,8,18516,,,,27,10286,,,,21,18889,,,,4,3950,,,,16,2061,,,,11,19265,,,,,,,,,,,,,,,,,,,,,,,,,,,,,,,,,,,,,,,
Julio Grande,11-Jan-2020,23:41:45,2,41.000000,272,,0,9,,,,,,,,,,,,,,15,27,27524,,,,26,30532,,,,16,27419,,,,1,11128,,,,11,4338,,,,10,30315,,,,22,31209,,,,8,32072,,,,18,2908,,,,,,,,,,,,,,,,,,,,,,,,,,,,,,,,,,
Julio Grande,12-Jan-2020,01:48:39,2,41.000000,273,89,0,6,,,,,,,,,,,,,,15,8,31076,,,,7,14545,,,,18,3890,,,,11,7096,,,,27,10524,,,,1,16702,,,,,,,,,,,,,,,,,,,,,,,,,,,,,,,,,,,,,,,,,,,,,,,,,
Julio Grande,12-Jan-2020,04:16:30,6,41.000000,274,,0,9,,,,,,,,,,,,,,15,8,3894,,,,4,6851,,,,23,23702,,,,22,4206,,,,11,21218,,,,3,20008,,,,28,6311,,,,1,3178,,,,27,19052,,,,,,,,,,,,,,,,,,,,,,,,,,,,,,,,,,
Julio Grande,12-Jan-2020,06:17:23,6,41.000000,275,90,0,8,,,,,,,,,,,,,,15,9,18423,,,,23,21515,,,,4,11472,,,,17,20089,,,,28,5077,,,,19,2146,,,,1,19430,,,,11,15766,,,,,,,,,,,,,,,,,,,,,,,,,,,,,,,,,,,,,,,
Julio Grande,12-Jan-2020,08:18:33,4,41.000000,276,,0,9,,,,,,,,,,,,,,15,7,7896,,,,6,25235,,,,30,32353,,,,17,29884,,,,2,3106,,,,28,19811,,,,5,9156,,,,19,4362,,,,15,22868,,,,,,,,,,,,,,,,,,,,,,,,,,,,,,,,,,
Julio Grande,12-Jan-2020,10:21:46,2,41.000000,277,,0,9,,,,,,,,,,,,,,15,30,21368,,,,5,16471,,,,15,30625,,,,2,31914,,,,6,20956,,,,24,10450,,,,28,12874,,,,13,1889,,,,17,856,,,,,,,,,,,,,,,,,,,,,,,,,,,,,,,,,,
Julio Grande,12-Jan-2020,12:23:40,4,41.000000,278,90,0,6,,,,,,,,,,,,,,15,5,15693,,,,15,30290,,,,24,31028,,,,13,18152,,,,29,32130,,,,2,20065,,,,,,,,,,,,,,,,,,,,,,,,,,,,,,,,,,,,,,,,,,,,,,,,,
Julio Grande,12-Jan-2020,14:27:08,4,41.000000,279,90,0,7,,,,,,,,,,,,,,15,15,1188,,,,5,19755,,,,24,21802,,,,12,15893,,,,13,22012,,,,21,32215,,,,20,1029,,,,,,,,,,,,,,,,,,,,,,,,,,,,,,,,,,,,,,,,,,,,
Julio Grande,12-Jan-2020,16:41:15,2,41.000000,280,90,0,6,,,,,,,,,,,,,,15,26,17680,,,,29,4635,,,,10,6146,,,,15,7687,,,,21,1834,,,,31,18500,,,,,,,,,,,,,,,,,,,,,,,,,,,,,,,,,,,,,,,,,,,,,,,,,
Julio Grande,12-Jan-2020,18:48:42,4,41.000000,281,90,0,7,,,,,,,,,,,,,,15,29,32344,,,,10,27538,,,,31,19539,,,,26,4146,,,,14,3256,,,,16,31692,,,,32,1634,,,,,,,,,,,,,,,,,,,,,,,,,,,,,,,,,,,,,,,,,,,,
Julio Grande,12-Jan-2020,21:08:18,4,41.000000,282,91,0,8,,,,,,,,,,,,,,15,21,16204,,,,26,8985,,,,16,28902,,,,8,21565,,,,31,19698,,,,27,26642,,,,10,27412,,,,20,12186,,,,,,,,,,,,,,,,,,,,,,,,,,,,,,,,,,,,,,,
Julio Grande,13-Jan-2020,00:01:23,4,41.000000,283,94,0,7,,,,,,,,,,,,,,15,11,22320,,,,26,22768,,,,31,27220,,,,8,15214,,,,18,21443,,,,16,13106,,,,27,3318,,,,,,,,,,,,,,,,,,,,,,,,,,,,,,,,,,,,,,,,,,,,
Julio Grande,13-Jan-2020,02:26:14,4,41.000000,284,95,0,7,,,,,,,,,,,,,,15,23,24089,,,,16,12089,,,,4,26324,,,,8,12731,,,,1,1831,,,,22,11334,,,,3,31580,,,,,,,,,,,,,,,,,,,,,,,,,,,,,,,,,,,,,,,,,,,,
Julio Grande,13-Jan-2020,04:29:30,8,41.000000,285,95,0,6,,,,,,,,,,,,,,15,8,32154,,,,4,12993,,,,23,26774,,,,9,16045,,,,3,29844,,,,7,19077,,,,,,,,,,,,,,,,,,,,,,,,,,,,,,,,,,,,,,,,,,,,,,,,,
Julio Grande,13-Jan-2020,06:51:34,8,41.000000,286,96,0,6,,,,,,,,,,,,,,15,7,19985,,,,30,3987,,,,9,2090,,,,19,2484,,,,1,15928,,,,11,24232,,,,,,,,,,,,,,,,,,,,,,,,,,,,,,,,,,,,,,,,,,,,,,,,,
Julio Grande,13-Jan-2020,08:54:39,2,41.000000,287,,0,9,,,,,,,,,,,,,,15,30,27916,,,,7,27201,,,,17,24508,,,,6,303,,,,2,3282,,,,13,8100,,,,28,1844,,,,5,6574,,,,15,12479,,,,,,,,,,,,,,,,,,,,,,,,,,,,,,,,,,
Julio Grande,13-Jan-2020,15:59:09,6,41.000000,290,98,0,7,,,,,,,,,,,,,,15,12,12969,,,,15,31243,,,,24,28290,,,,10,26587,,,,21,6482,,,,25,9934,,,,20,3258,,,,,,,,,,,,,,,,,,,,,,,,,,,,,,,,,,,,,,,,,,,,
Julio Grande,13-Jan-2020,17:59:54,4,41.000000,291,98,0,8,,,,,,,,,,,,,,15,21,10295,,,,15,26695,,,,32,888,,,,10,17378,,,,29,9821,,,,20,20269,,,,14,2423,,,,25,14623,,,,,,,,,,,,,,,,,,,,,,,,,,,,,,,,,,,,,,,
Julio Grande,13-Jan-2020,20:00:44,4,41.000000,292,98,0,7,,,,,,,,,,,,,,15,21,24120,,,,31,11255,,,,32,18092,,,,20,7800,,,,10,1495,,,,26,22052,,,,16,727,,,,,,,,,,,,,,,,,,,,,,,,,,,,,,,,,,,,,,,,,,,,
Julio Grande,13-Jan-2020,22:28:54,6,41.000000,293,98,0,8,,,,,,,,,,,,,,15,22,1990,,,,18,26797,,,,31,10935,,,,14,16567,,,,1,3988,,,,11,10677,,,,26,6104,,,,4,23285,,,,,,,,,,,,,,,,,,,,,,,,,,,,,,,,,,,,,,,
Julio Grande,14-Jan-2020,03:15:51,4,41.000000,295,100,0,7,,,,,,,,,,,,,,15,3,4717,,,,8,2450,,,,7,16679,,,,23,10603,,,,27,27227,,,,4,16822,,,,22,6526,,,,,,,,,,,,,,,,,,,,,,,,,,,,,,,,,,,,,,,,,,,,
Julio Grande,14-Jan-2020,05:21:33,4,41.000000,296,,0,9,,,,,,,,,,,,,,15,23,6557,,,,9,19908,,,,11,27132,,,,4,31970,,,,7,20516,,,,17,13092,,,,3,32356,,,,8,13048,,,,28,12660,,,,,,,,,,,,,,,,,,,,,,,,,,,,,,,,,,
Julio Grande,14-Jan-2020,08:30:00,4,41.000000,297,103,0,8,,,,,,,,,,,,,,15,30,14945,,,,7,19821,,,,6,29989,,,,17,29945,,,,2,843,,,,5,23360,,,,15,3734,,,,28,3017,,,,,,,,,,,,,,,,,,,,,,,,,,,,,,,,,,,,,,,
Julio Grande,14-Jan-2020,11:48:18,4,41.000000,298,106,0,7,,,,,,,,,,,,,,15,5,1740,,,,13,1123,,,,15,17171,,,,29,20908,,,,6,15306,,,,28,3909,,,,2,20500,,,,,,,,,,,,,,,,,,,,,,,,,,,,,,,,,,,,,,,,,,,,
Julio Grande,14-Jan-2020,14:39:59,4,41.000000,299,108,0,6,,,,,,,,,,,,,,15,15,21416,,,,12,26693,,,,24,701,,,,20,20712,,,,21,25166,,,,29,24263,,,,,,,,,,,,,,,,,,,,,,,,,,,,,,,,,,,,,,,,,,,,,,,,,
Julio Grande,14-Jan-2020,16:57:12,2,41.000000,300,,0,9,,,,,,,,,,,,,,15,15,23166,,,,29,27210,,,,32,23620,,,,25,17466,,,,12,27004,,,,10,14842,,,,24,7513,,,,26,16482,,,,31,24142,,,,,,,,,,,,,,,,,,,,,,,,,,,,,,,,,,
Julio Grande,14-Jan-2020,19:02:00,4,41.000000,301,,0,9,,,,,,,,,,,,,,15,29,26068,,,,31,8504,,,,14,28747,,,,21,25042,,,,26,25502,,,,20,19577,,,,24,13050,,,,32,7278,,,,16,11216,,,,,,,,,,,,,,,,,,,,,,,,,,,,,,,,,,
Julio Grande,14-Jan-2020,23:23:04,4,41.000000,303,,0,9,,,,,,,,,,,,,,15,11,1592,,,,26,7558,,,,16,3385,,,,3,18744,,,,23,5964,,,,18,21439,,,,22,30552,,,,1,17729,,,,4,28808,,,,,,,,,,,,,,,,,,,,,,,,,,,,,,,,,,
Julio Grande,15-Jan-2020,02:20:46,4,41.000000,304,,0,9,,,,,,,,,,,,,,15,8,17922,,,,1,1885,,,,7,9510,,,,27,31210,,,,23,25156,,,,11,124,,,,16,32475,,,,18,11908,,,,3,1524,,,,,,,,,,,,,,,,,,,,,,,,,,,,,,,,,,
Julio Grande,15-Jan-2020,04:50:32,4,41.000000,305,,0,9,,,,,,,,,,,,,,15,23,28912,,,,11,1035,,,,17,14203,,,,4,19393,,,,3,14749,,,,8,15340,,,,9,17257,,,,28,19978,,,,1,16414,,,,,,,,,,,,,,,,,,,,,,,,,,,,,,,,,,
Julio Grande,15-Jan-2020,07:13:24,2,41.000000,306,112,0,7,,,,,,,,,,,,,,15,7,18195,,,,9,28796,,,,6,13202,,,,19,18908,,,,17,6242,,,,5,13943,,,,30,13690,,,,,,,,,,,,,,,,,,,,,,,,,,,,,,,,,,,,,,,,,,,,
Julio Grande,15-Jan-2020,09:45:37,2,41.000000,307,,0,9,,,,,,,,,,,,,,15,30,20724,,,,6,27486,,,,13,16204,,,,17,4823,,,,5,17419,,,,15,550,,,,28,12391,,,,19,30398,,,,2,30662,,,,,,,,,,,,,,,,,,,,,,,,,,,,,,,,,,
Julio Grande,16-Jan-2020,04:40:09,2,41.000000,315,,0,9,,,,,,,,,,,,,,15,3,17080,,,,28,21366,,,,17,2459,,,,23,11870,,,,8,690,,,,4,1363,,,,11,5465,,,,1,25618,,,,7,13610,,,,,,,,,,,,,,,,,,,,,,,,,,,,,,,,,,
Julio Grande,16-Jan-2020,08:29:51,4,41.000000,316,122,0,5,,,,,,,,,,,,,,15,7,22593,,,,6,9132,,,,30,168,,,,17,31285,,,,2,32371,,,,,,,,,,,,,,,,,,,,,,,,,,,,,,,,,,,,,,,,,,,,,,,,,,,,,,
Julio Grande,16-Jan-2020,13:56:23,4,41.000000,318,124,0,7,,,,,,,,,,,,,,15,15,16413,,,,5,13826,,,,24,4597,,,,13,6604,,,,12,13198,,,,21,26946,,,,20,20831,,,,,,,,,,,,,,,,,,,,,,,,,,,,,,,,,,,,,,,,,,,,
Julio Grande,16-Jan-2020,16:08:39,4,41.000000,319,124,0,6,,,,,,,,,,,,,,15,25,10539,,,,15,13827,,,,12,178,,,,29,2362,,,,10,15366,,,,20,28588,,,,,,,,,,,,,,,,,,,,,,,,,,,,,,,,,,,,,,,,,,,,,,,,,
Julio Grande,16-Jan-2020,18:24:24,2,41.000000,320,124,0,8,,,,,,,,,,,,,,15,29,8891,,,,32,9956,,,,26,15330,,,,21,22028,,,,31,5617,,,,20,24769,,,,16,29972,,,,14,3368,,,,,,,,,,,,,,,,,,,,,,,,,,,,,,,,,,,,,,,
Julio Grande,16-Jan-2020,20:26:30,2,41.000000,321,124,0,6,,,,,,,,,,,,,,15,31,31814,,,,21,19981,,,,26,24455,,,,32,12750,,,,27,15000,,,,20,12728,,,,,,,,,,,,,,,,,,,,,,,,,,,,,,,,,,,,,,,,,,,,,,,,,
Julio Grande,16-Jan-2020,23:00:28,6,41.000000,322,,0,9,,,,,,,,,,,,,,15,26,24924,,,,16,15591,,,,27,7107,,,,23,11426,,,,31,13084,,,,4,8888,,,,8,11460,,,,18,12561,,,,11,9078,,,,,,,,,,,,,,,,,,,,,,,,,,,,,,,,,,
Julio Grande,17-Jan-2020,01:11:42,2,41.000000,323,124,0,8,,,,,,,,,,,,,,15,7,12656,,,,11,21316,,,,1,17308,,,,18,10237,,,,23,9085,,,,8,2044,,,,9,25674,,,,4,15841,,,,,,,,,,,,,,,,,,,,,,,,,,,,,,,,,,,,,,,
Julio Grande,17-Jan-2020,06:30:17,2,41.000000,325,,0,9,,,,,,,,,,,,,,15,9,2296,,,,7,21930,,,,19,12816,,,,6,7506,,,,23,3118,,,,4,20864,,,,17,1572,,,,5,31938,,,,1,16210,,,,,,,,,,,,,,,,,,,,,,,,,,,,,,,,,,
Julio Grande,17-Jan-2020,11:09:05,2,41.000000,327,127,0,7,,,,,,,,,,,,,,15,5,9956,,,,15,20547,,,,13,32629,,,,12,10902,,,,24,11084,,,,29,17780,,,,2,29498,,,,,,,,,,,,,,,,,,,,,,,,,,,,,,,,,,,,,,,,,,,,
Julio Grande,17-Jan-2020,13:16:23,2,41.000000,328,127,0,7,,,,,,,,,,,,,,15,15,23528,,,,5,21083,,,,24,10360,,,,12,10369,,,,29,17138,,,,21,27945,,,,25,23313,,,,,,,,,,,,,,,,,,,,,,,,,,,,,,,,,,,,,,,,,,,,
Julio Grande,17-Jan-2020,15:47:48,2,41.000000,329,128,0,6,,,,,,,,,,,,,,15,12,1445,,,,15,21139,,,,10,1321,,,,29,306,,,,25,13852,,,,20,25555,,,,,,,,,,,,,,,,,,,,,,,,,,,,,,,,,,,,,,,,,,,,,,,,,
Julio Grande,17-Jan-2020,17:48:03,2,41.000000,330,,0,9,,,,,,,,,,,,,,15,29,16235,,,,25,22066,,,,32,13777,,,,31,29363,,,,14,26534,,,,26,30206,,,,15,16408,,,,21,26541,,,,24,31924,,,,,,,,,,,,,,,,,,,,,,,,,,,,,,,,,,
Julio Grande,18-Jan-2020,03:11:02,4,41.000000,334,131,0,8,,,,,,,,,,,,,,15,8,19074,,,,23,9,,,,3,208,,,,27,23714,,,,4,6656,,,,11,9589,,,,22,14683,,,,30,19281,,,,,,,,,,,,,,,,,,,,,,,,,,,,,,,,,,,,,,,
Julio Grande,18-Jan-2020,10:51:38,2,41.000000,337,134,0,6,,,,,,,,,,,,,,15,12,26862,,,,24,26302,,,,29,22935,,,,2,22653,,,,6,10952,,,,5,32051,,,,,,,,,,,,,,,,,,,,,,,,,,,,,,,,,,,,,,,,,,,,,,,,,
Julio Grande,18-Jan-2020,12:51:37,2,41.000000,338,134,0,6,,,,,,,,,,,,,,15,15,31156,,,,5,20429,,,,29,24813,,,,21,23889,,,,12,13926,,,,24,10671,,,,,,,,,,,,,,,,,,,,,,,,,,,,,,,,,,,,,,,,,,,,,,,,,
Julio Grande,18-Jan-2020,17:27:25,2,41.000000,340,136,0,7,,,,,,,,,,,,,,15,29,24770,,,,32,7416,,,,21,29917,,,,15,22909,,,,26,14004,,,,10,13634,,,,25,371,,,,,,,,,,,,,,,,,,,,,,,,,,,,,,,,,,,,,,,,,,,,
Julio Grande,18-Jan-2020,19:46:01,4,41.000000,341,137,0,8,,,,,,,,,,,,,,15,21,27798,,,,31,26588,,,,32,3684,,,,20,12303,,,,16,14906,,,,10,13475,,,,26,30122,,,,14,2004,,,,,,,,,,,,,,,,,,,,,,,,,,,,,,,,,,,,,,,
Julio Grande,19-Jan-2020,01:33:04,4,42.000000,343,141,0,7,,,,,,,,,,,,,,15,1,23493,,,,7,20354,,,,16,22117,,,,3,24911,,,,8,32658,,,,22,6756,,,,11,25459,,,,,,,,,,,,,,,,,,,,,,,,,,,,,,,,,,,,,,,,,,,,
Julio Grande,19-Jan-2020,08:05:00,2,42.000000,345,147,0,8,,,,,,,,,,,,,,15,5,20577,,,,13,8662,,,,17,10632,,,,2,2406,,,,15,13785,,,,30,7614,,,,19,10881,,,,6,22049,,,,,,,,,,,,,,,,,,,,,,,,,,,,,,,,,,,,,,,
Julio Grande,19-Jan-2020,10:07:19,6,42.000000,346,,0,9,,,,,,,,,,,,,,15,19,23084,,,,30,17251,,,,13,7529,,,,6,4572,,,,2,16850,,,,17,16632,,,,24,31705,,,,28,29769,,,,15,6246,,,,,,,,,,,,,,,,,,,,,,,,,,,,,,,,,,
Julio Grande,19-Jan-2020,12:11:09,4,42.000000,347,147,0,6,,,,,,,,,,,,,,15,15,11127,,,,12,23313,,,,24,10327,,,,29,28815,,,,2,22979,,,,13,2856,,,,,,,,,,,,,,,,,,,,,,,,,,,,,,,,,,,,,,,,,,,,,,,,,
Julio Grande,19-Jan-2020,14:19:37,2,42.000000,348,147,0,5,,,,,,,,,,,,,,15,5,1444,,,,15,23789,,,,12,3128,,,,29,3694,,,,24,17191,,,,,,,,,,,,,,,,,,,,,,,,,,,,,,,,,,,,,,,,,,,,,,,,,,,,,,
Julio Grande,19-Jan-2020,16:28:53,2,42.000000,349,,0,9,,,,,,,,,,,,,,15,10,20210,,,,25,14568,,,,26,12544,,,,21,10578,,,,29,9634,,,,32,2682,,,,20,9169,,,,31,12243,,,,15,21939,,,,,,,,,,,,,,,,,,,,,,,,,,,,,,,,,,
Julio Grande,19-Jan-2020,22:46:37,2,42.000000,352,147,0,5,,,,,,,,,,,,,,15,31,30040,,,,22,9224,,,,1,31614,,,,11,2248,,,,18,28460,,,,,,,,,,,,,,,,,,,,,,,,,,,,,,,,,,,,,,,,,,,,,,,,,,,,,,
Julio Grande,20-Jan-2020,01:48:49,6,42.000000,353,149,0,7,,,,,,,,,,,,,,15,23,7734,,,,9,15268,,,,16,18764,,,,4,7889,,,,22,25121,,,,1,9100,,,,7,17882,,,,,,,,,,,,,,,,,,,,,,,,,,,,,,,,,,,,,,,,,,,,
Julio Grande,20-Jan-2020,07:24:33,2,42.000000,355,,0,9,,,,,,,,,,,,,,15,17,19393,,,,28,5746,,,,30,28360,,,,6,26929,,,,7,8797,,,,13,19224,,,,9,16515,,,,5,10618,,,,2,8650,,,,,,,,,,,,,,,,,,,,,,,,,,,,,,,,,,
Julio Grande,20-Jan-2020,10:54:43,6,42.000000,356,156,0,6,,,,,,,,,,,,,,15,15,2244,,,,5,12910,,,,13,15006,,,,24,15453,,,,29,28949,,,,12,12053,,,,,,,,,,,,,,,,,,,,,,,,,,,,,,,,,,,,,,,,,,,,,,,,,
Julio Grande,20-Jan-2020,13:00:26,4,42.000000,357,156,0,7,,,,,,,,,,,,,,15,21,4968,,,,12,13981,,,,5,1184,,,,15,2202,,,,24,2462,,,,25,22263,,,,29,29386,,,,,,,,,,,,,,,,,,,,,,,,,,,,,,,,,,,,,,,,,,,,
Julio Grande,20-Jan-2020,15:41:16,6,42.000000,358,,0,9,,,,,,,,,,,,,,15,10,3042,,,,29,21390,,,,31,28035,,,,25,16292,,,,12,25166,,,,20,10583,,,,21,6661,,,,26,13940,,,,32,12414,,,,,,,,,,,,,,,,,,,,,,,,,,,,,,,,,,
Julio Grande,20-Jan-2020,17:41:22,2,42.000000,359,158,0,7,,,,,,,,,,,,,,15,10,9114,,,,16,6480,,,,20,19678,,,,21,32514,,,,26,5337,,,,29,8473,,,,27,3482,,,,,,,,,,,,,,,,,,,,,,,,,,,,,,,,,,,,,,,,,,,,
Julio Grande,20-Jan-2020,22:15:05,4,42.000000,361,,0,9,,,,,,,,,,,,,,15,31,15999,,,,14,29332,,,,27,21320,,,,10,22080,,,,26,23121,,,,1,14139,,,,22,20919,,,,8,4076,,,,23,21437,,,,,,,,,,,,,,,,,,,,,,,,,,,,,,,,,,
Julio Grande,21-Jan-2020,00:15:42,2,42.000000,362,,0,9,,,,,,,,,,,,,,15,23,21068,,,,3,21290,,,,4,5382,,,,16,26420,,,,26,24221,,,,18,15098,,,,31,6594,,,,7,25149,,,,22,10785,,,,,,,,,,,,,,,,,,,,,,,,,,,,,,,,,,
Julio Grande,21-Jan-2020,02:16:01,4,42.000000,363,,0,9,,,,,,,,,,,,,,15,7,29604,,,,23,15027,,,,8,4571,,,,22,24834,,,,3,992,,,,4,15881,,,,1,21021,,,,16,26895,,,,9,13146,,,,,,,,,,,,,,,,,,,,,,,,,,,,,,,,,,
Julio Grande,21-Jan-2020,04:37:34,4,42.000000,364,160,0,6,,,,,,,,,,,,,,15,7,2543,,,,9,28916,,,,30,9810,,,,17,14681,,,,23,12130,,,,8,18257,,,,,,,,,,,,,,,,,,,,,,,,,,,,,,,,,,,,,,,,,,,,,,,,,
Julio Grande,21-Jan-2020,07:40:56,4,42.000000,365,162,0,5,,,,,,,,,,,,,,15,6,26895,,,,7,27069,,,,17,28966,,,,30,17969,,,,28,11211,,,,,,,,,,,,,,,,,,,,,,,,,,,,,,,,,,,,,,,,,,,,,,,,,,,,,,
Julio Grande,21-Jan-2020,09:44:43,2,42.000000,366,,0,9,,,,,,,,,,,,,,15,19,18515,,,,30,14940,,,,17,14128,,,,13,21316,,,,5,29012,,,,15,25559,,,,6,9022,,,,2,3762,,,,28,21112,,,,,,,,,,,,,,,,,,,,,,,,,,,,,,,,,,
Julio Grande,21-Jan-2020,13:58:18,6,42.000000,368,162,0,8,,,,,,,,,,,,,,15,21,29316,,,,25,6684,,,,29,32704,,,,5,29841,,,,12,522,,,,20,16982,,,,24,4068,,,,15,28280,,,,,,,,,,,,,,,,,,,,,,,,,,,,,,,,,,,,,,,
Julio Grande,21-Jan-2020,15:59:25,6,42.000000,369,162,0,6,,,,,,,,,,,,,,15,15,16725,,,,21,26724,,,,29,7879,,,,26,7716,,,,10,8452,,,,31,6492,,,,,,,,,,,,,,,,,,,,,,,,,,,,,,,,,,,,,,,,,,,,,,,,,
Julio Grande,21-Jan-2020,18:01:14,4,42.000000,370,162,0,8,,,,,,,,,,,,,,15,29,681,,,,21,1748,,,,32,26129,,,,26,12977,,,,31,26166,,,,20,14907,,,,14,18518,,,,24,15597,,,,,,,,,,,,,,,,,,,,,,,,,,,,,,,,,,,,,,,
Julio Grande,21-Jan-2020,23:13:22,4,42.000000,372,165,0,5,,,,,,,,,,,,,,15,31,8193,,,,22,3574,,,,26,22007,,,,3,31300,,,,16,7259,,,,,,,,,,,,,,,,,,,,,,,,,,,,,,,,,,,,,,,,,,,,,,,,,,,,,,
Julio Grande,22-Jan-2020,02:14:47,4,42.000000,373,168,0,7,,,,,,,,,,,,,,15,23,31437,,,,4,32485,,,,3,11999,,,,22,29572,,,,9,31932,,,,16,30362,,,,7,9261,,,,,,,,,,,,,,,,,,,,,,,,,,,,,,,,,,,,,,,,,,,,
Julio Grande,22-Jan-2020,07:27:53,10,42.000000,374,175,0,5,,,,,,,,,,,,,,15,7,5869,,,,30,13104,,,,6,2154,,,,17,12411,,,,28,26484,,,,,,,,,,,,,,,,,,,,,,,,,,,,,,,,,,,,,,,,,,,,,,,,,,,,,,
Julio Grande,22-Jan-2020,09:31:01,4,42.000000,375,,0,9,,,,,,,,,,,,,,15,5,15630,,,,30,12556,,,,2,13943,,,,13,8252,,,,19,17805,,,,15,26497,,,,6,19433,,,,24,8570,,,,17,15579,,,,,,,,,,,,,,,,,,,,,,,,,,,,,,,,,,
Julio Grande,22-Jan-2020,11:34:22,8,42.000000,376,175,0,6,,,,,,,,,,,,,,15,12,1108,,,,5,18274,,,,2,23732,,,,15,10665,,,,6,16006,,,,25,18579,,,,,,,,,,,,,,,,,,,,,,,,,,,,,,,,,,,,,,,,,,,,,,,,,
Julio Grande,22-Jan-2020,13:34:15,8,42.000000,377,175,0,7,,,,,,,,,,,,,,15,24,5350,,,,15,19925,,,,29,16609,,,,21,13082,,,,20,10990,,,,25,27357,,,,12,15019,,,,,,,,,,,,,,,,,,,,,,,,,,,,,,,,,,,,,,,,,,,,
Julio Grande,22-Jan-2020,15:38:24,2,42.000000,378,,0,9,,,,,,,,,,,,,,15,12,19305,,,,29,13611,,,,10,719,,,,25,19469,,,,32,13486,,,,31,9692,,,,21,23269,,,,20,26835,,,,15,4077,,,,,,,,,,,,,,,,,,,,,,,,,,,,,,,,,,
Julio Grande,22-Jan-2020,18:03:52,2,42.000000,379,176,0,8,,,,,,,,,,,,,,15,10,3758,,,,27,26970,,,,20,25246,,,,29,5819,,,,21,30834,,,,32,1174,,,,16,21084,,,,31,29493,,,,,,,,,,,,,,,,,,,,,,,,,,,,,,,,,,,,,,,
Julio Grande,22-Jan-2020,20:10:38,4,42.000000,380,176,0,4,,,,,,,,,,,,,,15,8,25584,,,,32,29154,,,,10,32567,,,,16,9927,,,,,,,,,,,,,,,,,,,,,,,,,,,,,,,,,,,,,,,,,,,,,,,,,,,,,,,,,,,
Julio Grande,22-Jan-2020,22:23:36,2,42.000000,381,176,0,7,,,,,,,,,,,,,,15,31,15656,,,,14,12354,,,,22,2302,,,,26,12800,,,,27,12614,,,,18,29669,,,,1,16102,,,,,,,,,,,,,,,,,,,,,,,,,,,,,,,,,,,,,,,,,,,,
Julio Grande,23-Jan-2020,01:07:42,2,42.000000,382,178,0,8,,,,,,,,,,,,,,15,7,4182,,,,16,2929,,,,23,743,,,,9,25936,,,,3,5913,,,,22,8682,,,,4,3026,,,,1,12684,,,,,,,,,,,,,,,,,,,,,,,,,,,,,,,,,,,,,,,
Julio Grande,23-Jan-2020,03:12:57,2,42.000000,383,178,0,7,,,,,,,,,,,,,,15,7,32214,,,,9,12893,,,,23,25246,,,,3,12231,,,,4,3338,,,,8,5131,,,,22,1189,,,,,,,,,,,,,,,,,,,,,,,,,,,,,,,,,,,,,,,,,,,,
Julio Grande,23-Jan-2020,05:33:55,6,42.000000,384,,0,9,,,,,,,,,,,,,,15,7,509,,,,9,12149,,,,17,1587,,,,30,21162,,,,23,8458,,,,28,12849,,,,4,32700,,,,19,23284,,,,6,9428,,,,,,,,,,,,,,,,,,,,,,,,,,,,,,,,,,
Julio Grande,23-Jan-2020,09:49:53,4,42.000000,386,179,0,8,,,,,,,,,,,,,,15,5,20561,,,,15,23925,,,,13,26701,,,,29,15887,,,,30,5104,,,,24,11728,,,,19,10578,,,,2,31846,,,,,,,,,,,,,,,,,,,,,,,,,,,,,,,,,,,,,,,
Julio Grande,23-Jan-2020,12:27:59,2,42.000000,387,181,0,6,,,,,,,,,,,,,,15,12,443,,,,29,20363,,,,5,15626,,,,25,7265,,,,2,13358,,,,21,13669,,,,,,,,,,,,,,,,,,,,,,,,,,,,,,,,,,,,,,,,,,,,,,,,,
Julio Grande,23-Jan-2020,14:32:27,4,42.000000,388,181,0,6,,,,,,,,,,,,,,15,29,11000,,,,10,23624,,,,31,10731,,,,20,30636,,,,12,31706,,,,21,30967,,,,,,,,,,,,,,,,,,,,,,,,,,,,,,,,,,,,,,,,,,,,,,,,,
Julio Grande,23-Jan-2020,17:37:49,6,42.000000,389,184,0,7,,,,,,,,,,,,,,15,29,2392,,,,16,458,,,,21,19364,,,,26,16222,,,,20,12020,,,,27,25142,,,,10,9864,,,,,,,,,,,,,,,,,,,,,,,,,,,,,,,,,,,,,,,,,,,,
Julio Grande,23-Jan-2020,20:04:05,4,42.000000,390,185,0,6,,,,,,,,,,,,,,15,16,13537,,,,31,25314,,,,32,5687,,,,26,6464,,,,8,21896,,,,27,2145,,,,,,,,,,,,,,,,,,,,,,,,,,,,,,,,,,,,,,,,,,,,,,,,,
Julio Grande,23-Jan-2020,22:14:18,2,42.000000,391,,0,9,,,,,,,,,,,,,,15,31,22839,,,,1,24056,,,,14,22543,,,,27,20594,,,,22,15883,,,,26,1443,,,,18,12513,,,,16,21470,,,,8,15086,,,,,,,,,,,,,,,,,,,,,,,,,,,,,,,,,,
Julio Grande,24-Jan-2020,01:21:20,2,42.000000,392,,0,9,,,,,,,,,,,,,,15,4,23368,,,,7,1691,,,,23,22904,,,,3,8531,,,,1,2282,,,,8,11180,,,,9,23084,,,,11,13144,,,,22,992,,,,,,,,,,,,,,,,,,,,,,,,,,,,,,,,,,
Julio Grande,24-Jan-2020,04:30:00,2,42.000000,393,192,0,5,,,,,,,,,,,,,,15,23,32700,,,,7,29870,,,,4,25187,,,,9,27209,,,,3,19884,,,,,,,,,,,,,,,,,,,,,,,,,,,,,,,,,,,,,,,,,,,,,,,,,,,,,,
Julio Grande,24-Jan-2020,06:58:24,4,42.000000,394,193,0,8,,,,,,,,,,,,,,15,28,1703,,,,7,27146,,,,13,29780,,,,30,29686,,,,6,9456,,,,19,16149,,,,17,5366,,,,15,24046,,,,,,,,,,,,,,,,,,,,,,,,,,,,,,,,,,,,,,,
Julio Grande,24-Jan-2020,11:11:26,2,42.000000,396,193,0,7,,,,,,,,,,,,,,15,15,18565,,,,29,2602,,,,24,23311,,,,12,19012,,,,5,24658,,,,2,27231,,,,13,19546,,,,,,,,,,,,,,,,,,,,,,,,,,,,,,,,,,,,,,,,,,,,
Julio Grande,24-Jan-2020,13:15:16,8,42.000000,397,193,0,6,,,,,,,,,,,,,,15,5,12927,,,,29,22679,,,,21,12886,,,,24,20337,,,,20,14592,,,,25,10150,,,,,,,,,,,,,,,,,,,,,,,,,,,,,,,,,,,,,,,,,,,,,,,,,
Julio Grande,24-Jan-2020,15:53:52,2,42.000000,398,195,0,7,,,,,,,,,,,,,,15,15,24499,,,,10,7684,,,,25,5222,,,,12,2485,,,,29,3006,,,,32,20914,,,,20,2273,,,,,,,,,,,,,,,,,,,,,,,,,,,,,,,,,,,,,,,,,,,,
Julio Grande,24-Jan-2020,17:58:53,4,42.000000,399,195,0,8,,,,,,,,,,,,,,15,26,13996,,,,31,18340,,,,16,6462,,,,32,24120,,,,21,15874,,,,14,3718,,,,20,1629,,,,10,14278,,,,,,,,,,,,,,,,,,,,,,,,,,,,,,,,,,,,,,,
Julio Grande,24-Jan-2020,20:00:40,2,42.000000,400,195,0,8,,,,,,,,,,,,,,15,26,1274,,,,16,7973,,,,31,21754,,,,8,18618,,,,32,31322,,,,27,29896,,,,14,28280,,,,10,30579,,,,,,,,,,,,,,,,,,,,,,,,,,,,,,,,,,,,,,,
Julio Grande,24-Jan-2020,22:56:13,2,42.000000,401,197,0,8,,,,,,,,,,,,,,15,31,14780,,,,22,11198,,,,26,8110,,,,3,4725,,,,16,20878,,,,23,32454,,,,4,12361,,,,1,30447,,,,,,,,,,,,,,,,,,,,,,,,,,,,,,,,,,,,,,,
Julio Grande,25-Jan-2020,01:44:33,4,42.000000,402,199,0,4,,,,,,,,,,,,,,15,23,25870,,,,16,6436,,,,4,25770,,,,9,10156,,,,,,,,,,,,,,,,,,,,,,,,,,,,,,,,,,,,,,,,,,,,,,,,,,,,,,,,,,,
Julio Grande,25-Jan-2020,04:39:52,2,42.000000,403,202,0,7,,,,,,,,,,,,,,15,7,14180,,,,30,846,,,,23,24530,,,,9,15782,,,,5,14354,,,,4,18117,,,,11,16068,,,,,,,,,,,,,,,,,,,,,,,,,,,,,,,,,,,,,,,,,,,,
Julio Grande,25-Jan-2020,08:53:38,4,42.000000,405,202,0,8,,,,,,,,,,,,,,15,15,863,,,,13,31859,,,,5,4596,,,,17,26666,,,,19,20177,,,,2,21538,,,,24,11365,,,,12,31921,,,,,,,,,,,,,,,,,,,,,,,,,,,,,,,,,,,,,,,
Julio Grande,25-Jan-2020,10:57:46,2,42.000000,406,202,0,7,,,,,,,,,,,,,,15,15,6422,,,,29,9922,,,,5,19980,,,,12,3173,,,,13,19286,,,,24,23791,,,,2,28087,,,,,,,,,,,,,,,,,,,,,,,,,,,,,,,,,,,,,,,,,,,,
Julio Grande,25-Jan-2020,13:16:26,2,42.000000,407,203,0,5,,,,,,,,,,,,,,15,29,15632,,,,5,20073,,,,21,10056,,,,12,17710,,,,15,19322,,,,,,,,,,,,,,,,,,,,,,,,,,,,,,,,,,,,,,,,,,,,,,,,,,,,,,
Julio Grande,25-Jan-2020,15:36:14,6,42.000000,408,204,0,4,,,,,,,,,,,,,,15,29,9998,,,,15,4857,,,,25,5702,,,,21,5402,,,,,,,,,,,,,,,,,,,,,,,,,,,,,,,,,,,,,,,,,,,,,,,,,,,,,,,,,,,
Julio Grande,25-Jan-2020,17:56:45,4,42.000000,409,,0,9,,,,,,,,,,,,,,15,21,9357,,,,10,3366,,,,29,30756,,,,26,4913,,,,32,20580,,,,14,4459,,,,20,22708,,,,31,14329,,,,24,12505,,,,,,,,,,,,,,,,,,,,,,,,,,,,,,,,,,
Julio Grande,25-Jan-2020,20:02:31,4,42.000000,410,,0,9,,,,,,,,,,,,,,15,8,14102,,,,32,27842,,,,14,4014,,,,27,11874,,,,31,17232,,,,18,20809,,,,21,32219,,,,11,30970,,,,10,8209,,,,,,,,,,,,,,,,,,,,,,,,,,,,,,,,,,
Julio Grande,26-Jan-2020,00:18:10,2,42.000000,412,,0,9,,,,,,,,,,,,,,15,23,4266,,,,26,26434,,,,4,13825,,,,18,31204,,,,3,3802,,,,22,21004,,,,7,9849,,,,8,1907,,,,11,17333,,,,,,,,,,,,,,,,,,,,,,,,,,,,,,,,,,
Julio Grande,26-Jan-2020,07:57:50,8,42.000000,414,213,0,4,,,,,,,,,,,,,,15,15,15398,,,,17,16581,,,,30,6044,,,,28,11839,,,,,,,,,,,,,,,,,,,,,,,,,,,,,,,,,,,,,,,,,,,,,,,,,,,,,,,,,,,
Julio Grande,26-Jan-2020,10:05:03,2,42.000000,415,,0,9,,,,,,,,,,,,,,15,15,3061,,,,13,22230,,,,6,22652,,,,5,4564,,,,29,5002,,,,12,26529,,,,24,16216,,,,2,23137,,,,30,30967,,,,,,,,,,,,,,,,,,,,,,,,,,,,,,,,,,
Julio Grande,26-Jan-2020,12:12:08,6,42.000000,416,213,0,7,,,,,,,,,,,,,,15,15,27331,,,,21,5598,,,,29,21240,,,,2,28395,,,,24,22162,,,,25,28316,,,,12,25436,,,,,,,,,,,,,,,,,,,,,,,,,,,,,,,,,,,,,,,,,,,,
Julio Grande,26-Jan-2020,14:12:57,4,42.000000,417,213,0,7,,,,,,,,,,,,,,15,29,19094,,,,15,17015,,,,5,22437,,,,12,6790,,,,21,17557,,,,25,24040,,,,24,3890,,,,,,,,,,,,,,,,,,,,,,,,,,,,,,,,,,,,,,,,,,,,
Julio Grande,26-Jan-2020,16:55:13,4,42.000000,418,215,0,6,,,,,,,,,,,,,,15,20,14457,,,,10,9570,,,,29,18878,,,,26,10281,,,,21,25912,,,,16,2026,,,,,,,,,,,,,,,,,,,,,,,,,,,,,,,,,,,,,,,,,,,,,,,,,
Julio Grande,26-Jan-2020,18:55:47,4,42.000000,419,215,0,8,,,,,,,,,,,,,,15,10,23709,,,,21,32305,,,,31,29997,,,,27,5129,,,,8,17823,,,,20,15270,,,,32,15073,,,,29,16326,,,,,,,,,,,,,,,,,,,,,,,,,,,,,,,,,,,,,,,
Julio Grande,26-Jan-2020,21:02:29,10,42.000000,420,,0,9,,,,,,,,,,,,,,15,11,20395,,,,14,26931,,,,18,26938,,,,32,7486,,,,26,12875,,,,31,4393,,,,1,11198,,,,8,2473,,,,10,18144,,,,,,,,,,,,,,,,,,,,,,,,,,,,,,,,,,
Julio Grande,26-Jan-2020,23:33:53,6,42.000000,421,,0,9,,,,,,,,,,,,,,15,22,29072,,,,16,4960,,,,3,17981,,,,23,5617,,,,4,28816,,,,26,32138,,,,31,32138,,,,18,3846,,,,8,32458,,,,,,,,,,,,,,,,,,,,,,,,,,,,,,,,,,
Julio Grande,27-Jan-2020,02:53:29,6,42.000000,422,,0,9,,,,,,,,,,,,,,15,7,16752,,,,9,19388,,,,23,5348,,,,3,3414,,,,8,18490,,,,4,15600,,,,28,17654,,,,22,26875,,,,30,20737,,,,,,,,,,,,,,,,,,,,,,,,,,,,,,,,,,
Julio Grande,27-Jan-2020,04:58:53,2,42.000000,423,220,0,8,,,,,,,,,,,,,,15,7,11514,,,,9,26230,,,,30,17041,,,,23,16406,,,,17,15164,,,,4,10297,,,,19,27586,,,,5,13470,,,,,,,,,,,,,,,,,,,,,,,,,,,,,,,,,,,,,,,
Julio Grande,27-Jan-2020,07:02:28,2,42.000000,424,,0,9,,,,,,,,,,,,,,15,5,4230,,,,13,3550,,,,17,6828,,,,30,29452,,,,7,31278,,,,15,10616,,,,2,27731,,,,19,5404,,,,28,22423,,,,,,,,,,,,,,,,,,,,,,,,,,,,,,,,,,
Julio Grande,27-Jan-2020,09:34:06,2,42.000000,425,221,0,7,,,,,,,,,,,,,,15,15,32084,,,,5,30027,,,,13,622,,,,29,25904,,,,24,22767,,,,2,8222,,,,19,16999,,,,,,,,,,,,,,,,,,,,,,,,,,,,,,,,,,,,,,,,,,,,
Julio Grande,27-Jan-2020,11:37:04,2,42.000000,426,221,0,5,,,,,,,,,,,,,,15,5,16458,,,,15,4157,,,,13,29632,,,,24,4250,,,,29,21874,,,,,,,,,,,,,,,,,,,,,,,,,,,,,,,,,,,,,,,,,,,,,,,,,,,,,,
Julio Grande,27-Jan-2020,13:37:41,4,42.000000,427,221,0,6,,,,,,,,,,,,,,15,29,6962,,,,21,3498,,,,5,15578,,,,12,32136,,,,15,32696,,,,20,1734,,,,,,,,,,,,,,,,,,,,,,,,,,,,,,,,,,,,,,,,,,,,,,,,,
Julio Grande,27-Jan-2020,15:40:04,6,42.000000,428,221,0,6,,,,,,,,,,,,,,15,26,23412,,,,21,29988,,,,29,15902,,,,15,8706,,,,10,19792,,,,20,18632,,,,,,,,,,,,,,,,,,,,,,,,,,,,,,,,,,,,,,,,,,,,,,,,,
Julio Grande,27-Jan-2020,18:03:12,2,42.000000,429,222,0,7,,,,,,,,,,,,,,15,27,17037,,,,16,28294,,,,20,16718,,,,21,5475,,,,26,14420,,,,10,462,,,,14,19014,,,,,,,,,,,,,,,,,,,,,,,,,,,,,,,,,,,,,,,,,,,,
Julio Grande,27-Jan-2020,20:36:44,6,42.000000,430,223,0,8,,,,,,,,,,,,,,15,32,28005,,,,10,1306,,,,31,2291,,,,18,13966,,,,27,14746,,,,11,24097,,,,14,32406,,,,26,6074,,,,,,,,,,,,,,,,,,,,,,,,,,,,,,,,,,,,,,,
Julio Grande,28-Jan-2020,00:43:39,8,42.000000,432,,0,9,,,,,,,,,,,,,,15,7,19015,,,,23,19294,,,,18,23797,,,,4,21756,,,,11,21591,,,,9,8760,,,,1,10441,,,,3,20122,,,,8,8303,,,,,,,,,,,,,,,,,,,,,,,,,,,,,,,,,,
Julio Grande,28-Jan-2020,02:54:09,4,42.000000,433,,0,9,,,,,,,,,,,,,,15,9,6750,,,,7,21668,,,,23,17126,,,,8,28512,,,,4,28407,,,,22,16538,,,,3,30069,,,,30,31044,,,,1,4940,,,,,,,,,,,,,,,,,,,,,,,,,,,,,,,,,,
Julio Grande,28-Jan-2020,08:16:13,2,42.000000,435,227,0,8,,,,,,,,,,,,,,15,5,28451,,,,2,3203,,,,17,27678,,,,15,10100,,,,13,23714,,,,19,7049,,,,6,28346,,,,30,17153,,,,,,,,,,,,,,,,,,,,,,,,,,,,,,,,,,,,,,,
Julio Grande,28-Jan-2020,10:17:51,6,42.000000,436,227,0,5,,,,,,,,,,,,,,15,12,26410,,,,29,19280,,,,24,32275,,,,6,5586,,,,2,2072,,,,,,,,,,,,,,,,,,,,,,,,,,,,,,,,,,,,,,,,,,,,,,,,,,,,,,
Julio Grande,28-Jan-2020,13:22:41,10,42.000000,437,230,0,7,,,,,,,,,,,,,,15,29,29901,,,,5,23988,,,,21,30007,,,,25,29852,,,,15,28287,,,,20,30210,,,,12,11789,,,,,,,,,,,,,,,,,,,,,,,,,,,,,,,,,,,,,,,,,,,,
Julio Grande,28-Jan-2020,15:25:32,4,42.000000,438,230,0,6,,,,,,,,,,,,,,15,15,21675,,,,10,28741,,,,25,20208,,,,29,31608,,,,12,3671,,,,21,25249,,,,,,,,,,,,,,,,,,,,,,,,,,,,,,,,,,,,,,,,,,,,,,,,,
Julio Grande,28-Jan-2020,18:00:44,2,42.000000,439,232,0,6,,,,,,,,,,,,,,15,16,25832,,,,26,10188,,,,31,1550,,,,27,21484,,,,32,1503,,,,10,27665,,,,,,,,,,,,,,,,,,,,,,,,,,,,,,,,,,,,,,,,,,,,,,,,,
Julio Grande,28-Jan-2020,23:02:47,2,42.000000,441,,0,9,,,,,,,,,,,,,,15,26,20480,,,,31,2832,,,,22,16324,,,,7,24761,,,,16,25617,,,,3,18637,,,,1,8295,,,,11,30983,,,,23,12451,,,,,,,,,,,,,,,,,,,,,,,,,,,,,,,,,,
Julio Grande,29-Jan-2020,03:50:15,2,42.000000,443,237,0,6,,,,,,,,,,,,,,15,7,5623,,,,8,10282,,,,30,2575,,,,23,29660,,,,9,14515,,,,4,20402,,,,,,,,,,,,,,,,,,,,,,,,,,,,,,,,,,,,,,,,,,,,,,,,,
Julio Grande,29-Jan-2020,06:01:56,4,42.000000,444,237,0,7,,,,,,,,,,,,,,15,7,28220,,,,9,10342,,,,30,8137,,,,19,16531,,,,17,15754,,,,28,25117,,,,6,353,,,,,,,,,,,,,,,,,,,,,,,,,,,,,,,,,,,,,,,,,,,,
Julio Grande,29-Jan-2020,08:55:06,6,42.000000,445,,0,9,,,,,,,,,,,,,,15,5,1636,,,,15,21001,,,,30,28486,,,,6,19649,,,,2,22232,,,,19,4358,,,,13,16290,,,,12,25901,,,,24,4423,,,,,,,,,,,,,,,,,,,,,,,,,,,,,,,,,,
Julio Grande,29-Jan-2020,13:02:06,4,42.000000,447,239,0,6,,,,,,,,,,,,,,15,24,20364,,,,15,21697,,,,21,15402,,,,20,2816,,,,29,18600,,,,25,23419,,,,,,,,,,,,,,,,,,,,,,,,,,,,,,,,,,,,,,,,,,,,,,,,,
Julio Grande,29-Jan-2020,15:05:08,8,42.000000,448,239,0,6,,,,,,,,,,,,,,15,29,3918,,,,15,5824,,,,25,28189,,,,10,18917,,,,12,7730,,,,21,22004,,,,,,,,,,,,,,,,,,,,,,,,,,,,,,,,,,,,,,,,,,,,,,,,,
Julio Grande,29-Jan-2020,17:06:40,2,42.000000,449,239,0,8,,,,,,,,,,,,,,15,10,31216,,,,29,28182,,,,27,5828,,,,16,1208,,,,20,6254,,,,26,29445,,,,21,26405,,,,32,5508,,,,,,,,,,,,,,,,,,,,,,,,,,,,,,,,,,,,,,,
Julio Grande,29-Jan-2020,21:07:30,6,42.000000,451,239,0,5,,,,,,,,,,,,,,15,31,27302,,,,27,9095,,,,14,31776,,,,18,21530,,,,32,8210,,,,,,,,,,,,,,,,,,,,,,,,,,,,,,,,,,,,,,,,,,,,,,,,,,,,,,
Julio Grande,29-Jan-2020,23:57:53,2,42.000000,452,242,0,8,,,,,,,,,,,,,,15,23,25070,,,,16,25882,,,,4,2689,,,,26,25229,,,,18,31313,,,,3,14844,,,,1,20516,,,,11,11102,,,,,,,,,,,,,,,,,,,,,,,,,,,,,,,,,,,,,,,
Julio Grande,30-Jan-2020,02:03:21,8,42.000000,453,242,0,6,,,,,,,,,,,,,,15,3,13563,,,,7,28939,,,,23,19708,,,,22,20875,,,,9,8631,,,,4,22972,,,,,,,,,,,,,,,,,,,,,,,,,,,,,,,,,,,,,,,,,,,,,,,,,
Julio Grande,30-Jan-2020,04:09:27,2,42.000000,454,242,0,7,,,,,,,,,,,,,,15,7,28212,,,,9,28505,,,,30,8107,,,,23,24837,,,,4,18572,,,,17,13723,,,,5,31194,,,,,,,,,,,,,,,,,,,,,,,,,,,,,,,,,,,,,,,,,,,,
Julio Grande,30-Jan-2020,08:59:10,2,42.000000,456,244,0,8,,,,,,,,,,,,,,15,15,15913,,,,13,27745,,,,5,5984,,,,19,3634,,,,6,8109,,,,12,28930,,,,2,5060,,,,17,188,,,,,,,,,,,,,,,,,,,,,,,,,,,,,,,,,,,,,,,
Julio Grande,30-Jan-2020,13:21:38,4,42.000000,458,245,0,8,,,,,,,,,,,,,,15,15,4585,,,,24,12592,,,,29,9458,,,,12,10807,,,,20,28682,,,,21,8478,,,,25,17596,,,,5,2609,,,,,,,,,,,,,,,,,,,,,,,,,,,,,,,,,,,,,,,
Julio Grande,30-Jan-2020,17:45:52,6,42.000000,460,246,0,7,,,,,,,,,,,,,,15,21,2217,,,,20,24613,,,,10,7897,,,,29,20544,,,,32,26486,,,,31,21377,,,,14,32327,,,,,,,,,,,,,,,,,,,,,,,,,,,,,,,,,,,,,,,,,,,,
Julio Grande,30-Jan-2020,20:19:45,8,42.000000,461,248,0,8,,,,,,,,,,,,,,15,32,14324,,,,10,5225,,,,31,24,,,,26,6341,,,,27,25216,,,,21,18133,,,,14,13555,,,,4,8852,,,,,,,,,,,,,,,,,,,,,,,,,,,,,,,,,,,,,,,
Julio Grande,30-Jan-2020,23:47:41,2,42.000000,462,,0,9,,,,,,,,,,,,,,15,7,6489,,,,1,2533,,,,23,28434,,,,11,26720,,,,3,1707,,,,4,7772,,,,9,3062,,,,22,3963,,,,16,32560,,,,,,,,,,,,,,,,,,,,,,,,,,,,,,,,,,
Julio Grande,31-Jan-2020,02:03:45,4,42.000000,463,251,0,7,,,,,,,,,,,,,,15,7,17645,,,,3,29622,,,,23,16214,,,,30,11198,,,,9,10553,,,,28,11990,,,,1,12267,,,,,,,,,,,,,,,,,,,,,,,,,,,,,,,,,,,,,,,,,,,,
Julio Grande,31-Jan-2020,04:33:19,4,42.000000,464,252,0,4,,,,,,,,,,,,,,15,5,1906,,,,7,18106,,,,30,16723,,,,9,12078,,,,,,,,,,,,,,,,,,,,,,,,,,,,,,,,,,,,,,,,,,,,,,,,,,,,,,,,,,,
Julio Grande,31-Jan-2020,06:35:00,4,42.000000,465,252,0,5,,,,,,,,,,,,,,15,5,15507,,,,30,25381,,,,13,6101,,,,7,14222,,,,17,24762,,,,,,,,,,,,,,,,,,,,,,,,,,,,,,,,,,,,,,,,,,,,,,,,,,,,,,
Julio Grande,31-Jan-2020,09:10:50,6,42.000000,466,254,0,4,,,,,,,,,,,,,,15,15,6154,,,,19,10243,,,,24,30663,,,,6,15116,,,,,,,,,,,,,,,,,,,,,,,,,,,,,,,,,,,,,,,,,,,,,,,,,,,,,,,,,,,
Julio Grande,31-Jan-2020,11:37:42,2,42.000000,467,255,0,5,,,,,,,,,,,,,,15,5,24724,,,,29,24997,,,,2,21887,,,,12,26296,,,,25,13687,,,,,,,,,,,,,,,,,,,,,,,,,,,,,,,,,,,,,,,,,,,,,,,,,,,,,,
Julio Grande,31-Jan-2020,16:05:22,6,42.000000,469,256,0,8,,,,,,,,,,,,,,15,15,13048,,,,21,14430,,,,10,27573,,,,26,19378,,,,29,10745,,,,16,19795,,,,20,21231,,,,25,9471,,,,,,,,,,,,,,,,,,,,,,,,,,,,,,,,,,,,,,,
Julio Grande,31-Jan-2020,18:09:31,4,42.000000,470,256,0,7,,,,,,,,,,,,,,15,31,15136,,,,29,11322,,,,26,17967,,,,27,6316,,,,14,24466,,,,16,20248,,,,10,20898,,,,,,,,,,,,,,,,,,,,,,,,,,,,,,,,,,,,,,,,,,,,
Julio Grande,31-Jan-2020,20:44:56,4,42.000000,471,,0,9,,,,,,,,,,,,,,15,32,16376,,,,14,3216,,,,18,21167,,,,11,32325,,,,27,4319,,,,10,3194,,,,31,23861,,,,26,1939,,,,1,10924,,,,,,,,,,,,,,,,,,,,,,,,,,,,,,,,,,
Julio Grande,31-Jan-2020,23:19:57,4,42.000000,472,259,0,4,,,,,,,,,,,,,,15,3,20384,,,,26,7268,,,,22,24204,,,,7,17140,,,,,,,,,,,,,,,,,,,,,,,,,,,,,,,,,,,,,,,,,,,,,,,,,,,,,,,,,,,
Julio Grande,01-Feb-2020,01:41:21,2,42.000000,473,260,0,8,,,,,,,,,,,,,,15,23,9284,,,,8,30475,,,,4,10671,,,,9,14410,,,,7,8200,,,,16,7231,,,,1,6246,,,,11,13237,,,,,,,,,,,,,,,,,,,,,,,,,,,,,,,,,,,,,,,
Julio Grande,01-Feb-2020,03:41:06,8,42.000000,474,260,0,7,,,,,,,,,,,,,,15,7,21246,,,,8,21092,,,,17,16523,,,,30,20226,,,,23,10254,,,,9,2148,,,,4,1843,,,,,,,,,,,,,,,,,,,,,,,,,,,,,,,,,,,,,,,,,,,,
Julio Grande,01-Feb-2020,06:06:44,4,42.000000,475,,0,9,,,,,,,,,,,,,,15,7,3725,,,,30,8117,,,,28,4598,,,,9,22492,,,,13,23691,,,,17,7633,,,,6,21748,,,,5,1273,,,,1,11309,,,,,,,,,,,,,,,,,,,,,,,,,,,,,,,,,,
Julio Grande,01-Feb-2020,12:43:52,4,42.000000,478,262,0,5,,,,,,,,,,,,,,15,29,14163,,,,5,30243,,,,12,17970,,,,21,8328,,,,25,6464,,,,,,,,,,,,,,,,,,,,,,,,,,,,,,,,,,,,,,,,,,,,,,,,,,,,,,
Julio Grande,01-Feb-2020,14:52:25,8,42.000000,479,262,0,6,,,,,,,,,,,,,,15,15,20670,,,,29,17668,,,,21,3927,,,,12,25782,,,,26,7005,,,,25,10919,,,,,,,,,,,,,,,,,,,,,,,,,,,,,,,,,,,,,,,,,,,,,,,,,
Julio Grande,01-Feb-2020,17:38:17,6,42.000000,480,264,0,7,,,,,,,,,,,,,,15,21,23152,,,,29,6446,,,,20,11444,,,,26,5725,,,,32,15726,,,,10,27753,,,,27,16777,,,,,,,,,,,,,,,,,,,,,,,,,,,,,,,,,,,,,,,,,,,,
Julio Grande,01-Feb-2020,19:41:10,8,42.000000,481,,0,9,,,,,,,,,,,,,,15,27,5629,,,,8,25497,,,,10,32266,,,,11,19107,,,,32,1036,,,,18,10784,,,,14,22772,,,,16,10362,,,,26,11073,,,,,,,,,,,,,,,,,,,,,,,,,,,,,,,,,,
Julio Grande,01-Feb-2020,23:45:32,8,42.000000,483,,0,9,,,,,,,,,,,,,,15,23,10294,,,,3,176,,,,26,11274,,,,16,11236,,,,4,20444,,,,11,27115,,,,8,9390,,,,18,12623,,,,7,4596,,,,,,,,,,,,,,,,,,,,,,,,,,,,,,,,,,
Julio Grande,02-Feb-2020,02:30:13,6,42.000000,484,,0,9,,,,,,,,,,,,,,15,23,30482,,,,7,6878,,,,9,12732,,,,4,8373,,,,22,10586,,,,3,22512,,,,8,9572,,,,27,18538,,,,1,24822,,,,,,,,,,,,,,,,,,,,,,,,,,,,,,,,,,
Julio Grande,02-Feb-2020,05:09:25,8,42.000000,485,268,0,8,,,,,,,,,,,,,,15,7,11556,,,,9,17542,,,,30,14241,,,,28,3078,,,,23,23570,,,,19,26687,,,,17,27338,,,,6,8389,,,,,,,,,,,,,,,,,,,,,,,,,,,,,,,,,,,,,,,
Julio Grande,02-Feb-2020,08:37:43,6,42.000000,486,272,0,6,,,,,,,,,,,,,,15,15,26986,,,,13,23965,,,,12,29711,,,,19,13796,,,,17,12749,,,,24,5988,,,,,,,,,,,,,,,,,,,,,,,,,,,,,,,,,,,,,,,,,,,,,,,,,
Julio Grande,02-Feb-2020,10:42:16,2,42.000000,487,272,0,7,,,,,,,,,,,,,,15,15,8965,,,,12,3290,,,,2,2594,,,,5,834,,,,24,26340,,,,29,2652,,,,13,694,,,,,,,,,,,,,,,,,,,,,,,,,,,,,,,,,,,,,,,,,,,,
Julio Grande,02-Feb-2020,13:39:49,4,42.000000,488,275,0,8,,,,,,,,,,,,,,15,10,21160,,,,29,6299,,,,20,16393,,,,24,9612,,,,15,9108,,,,12,13653,,,,21,12133,,,,31,11497,,,,,,,,,,,,,,,,,,,,,,,,,,,,,,,,,,,,,,,
Julio Grande,02-Feb-2020,15:42:46,2,42.000000,489,275,0,6,,,,,,,,,,,,,,15,15,26105,,,,25,4854,,,,29,15876,,,,21,15711,,,,32,14310,,,,20,23819,,,,,,,,,,,,,,,,,,,,,,,,,,,,,,,,,,,,,,,,,,,,,,,,,
Julio Grande,02-Feb-2020,20:36:41,4,42.000000,491,278,0,8,,,,,,,,,,,,,,15,32,22482,,,,14,8841,,,,22,23458,,,,10,8876,,,,11,11557,,,,1,16424,,,,27,10127,,,,31,29822,,,,,,,,,,,,,,,,,,,,,,,,,,,,,,,,,,,,,,,
Julio Grande,02-Feb-2020,23:17:27,8,42.000000,492,,0,9,,,,,,,,,,,,,,15,18,5723,,,,23,4025,,,,26,17651,,,,3,22822,,,,4,21914,,,,11,2671,,,,31,15778,,,,22,19434,,,,16,9034,,,,,,,,,,,,,,,,,,,,,,,,,,,,,,,,,,
Julio Grande,03-Feb-2020,02:05:41,4,42.000000,493,282,0,8,,,,,,,,,,,,,,15,23,11655,,,,4,18039,,,,8,28875,,,,3,11452,,,,9,25322,,,,22,21708,,,,7,20949,,,,28,23060,,,,,,,,,,,,,,,,,,,,,,,,,,,,,,,,,,,,,,,
Julio Grande,03-Feb-2020,04:13:59,4,42.000000,494,282,0,4,,,,,,,,,,,,,,15,7,31256,,,,9,31163,,,,30,24822,,,,4,11992,,,,,,,,,,,,,,,,,,,,,,,,,,,,,,,,,,,,,,,,,,,,,,,,,,,,,,,,,,,
Julio Grande,03-Feb-2020,06:53:25,2,42.000000,495,284,0,5,,,,,,,,,,,,,,15,17,18902,,,,7,22074,,,,28,4407,,,,13,5557,,,,30,22772,,,,,,,,,,,,,,,,,,,,,,,,,,,,,,,,,,,,,,,,,,,,,,,,,,,,,,
Julio Grande,03-Feb-2020,08:57:54,2,42.000000,496,284,0,6,,,,,,,,,,,,,,15,12,21689,,,,19,25580,,,,15,19751,,,,24,8232,,,,30,22052,,,,2,11991,,,,,,,,,,,,,,,,,,,,,,,,,,,,,,,,,,,,,,,,,,,,,,,,,
Julio Grande,03-Feb-2020,10:59:53,4,42.000000,497,284,0,6,,,,,,,,,,,,,,15,5,14856,,,,12,22220,,,,29,27255,,,,2,20792,,,,25,21413,,,,24,15477,,,,,,,,,,,,,,,,,,,,,,,,,,,,,,,,,,,,,,,,,,,,,,,,,
Julio Grande,03-Feb-2020,13:51:28,2,42.000000,498,287,0,7,,,,,,,,,,,,,,15,29,3746,,,,21,19207,,,,15,18500,,,,12,8867,,,,5,2283,,,,31,28309,,,,25,25581,,,,,,,,,,,,,,,,,,,,,,,,,,,,,,,,,,,,,,,,,,,,
Julio Grande,03-Feb-2020,15:54:45,2,42.000000,499,,0,9,,,,,,,,,,,,,,15,32,8644,,,,25,6525,,,,31,2706,,,,10,31597,,,,26,25186,,,,20,21558,,,,15,11710,,,,29,14312,,,,21,19353,,,,,,,,,,,,,,,,,,,,,,,,,,,,,,,,,,
Julio Grande,03-Feb-2020,18:11:14,4,42.000000,500,288,0,8,,,,,,,,,,,,,,15,32,19326,,,,10,4192,,,,27,29600,,,,21,1646,,,,16,19812,,,,8,28617,,,,20,24153,,,,26,9363,,,,,,,,,,,,,,,,,,,,,,,,,,,,,,,,,,,,,,,
Julio Grande,03-Feb-2020,20:33:59,6,42.000000,501,289,0,7,,,,,,,,,,,,,,15,8,16067,,,,4,25490,,,,23,23850,,,,1,13868,,,,27,30458,,,,22,17490,,,,14,28078,,,,,,,,,,,,,,,,,,,,,,,,,,,,,,,,,,,,,,,,,,,,
Julio Grande,03-Feb-2020,23:27:47,2,42.000000,502,292,0,8,,,,,,,,,,,,,,15,3,20566,,,,16,29318,,,,23,24187,,,,26,13600,,,,22,28457,,,,4,4315,,,,11,26943,,,,18,21758,,,,,,,,,,,,,,,,,,,,,,,,,,,,,,,,,,,,,,,
Julio Grande,04-Feb-2020,01:41:34,4,42.000000,503,,0,9,,,,,,,,,,,,,,15,23,15626,,,,3,12455,,,,9,1554,,,,4,18540,,,,7,26790,,,,22,20728,,,,8,2956,,,,1,31302,,,,16,19412,,,,,,,,,,,,,,,,,,,,,,,,,,,,,,,,,,
Julio Grande,04-Feb-2020,03:48:56,6,42.000000,504,292,0,5,,,,,,,,,,,,,,15,7,21033,,,,9,21817,,,,23,17621,,,,30,664,,,,14,28804,,,,,,,,,,,,,,,,,,,,,,,,,,,,,,,,,,,,,,,,,,,,,,,,,,,,,,
Julio Grande,04-Feb-2020,06:42:05,2,42.000000,505,,0,9,,,,,,,,,,,,,,15,7,23764,,,,30,11134,,,,17,25391,,,,6,14586,,,,5,5708,,,,28,7642,,,,19,6747,,,,13,12308,,,,15,8,,,,,,,,,,,,,,,,,,,,,,,,,,,,,,,,,,
Julio Grande,04-Feb-2020,11:09:46,2,42.000000,507,296,0,8,,,,,,,,,,,,,,15,15,30562,,,,29,18152,,,,12,19592,,,,2,25842,,,,5,14525,,,,21,23944,,,,13,17968,,,,24,27554,,,,,,,,,,,,,,,,,,,,,,,,,,,,,,,,,,,,,,,
Julio Grande,04-Feb-2020,13:12:48,2,42.000000,508,296,0,5,,,,,,,,,,,,,,15,5,15882,,,,12,23284,,,,29,17448,,,,20,30724,,,,15,4938,,,,,,,,,,,,,,,,,,,,,,,,,,,,,,,,,,,,,,,,,,,,,,,,,,,,,,
Julio Grande,04-Feb-2020,15:16:33,2,42.000000,509,296,0,8,,,,,,,,,,,,,,15,21,25214,,,,29,18232,,,,20,997,,,,15,15727,,,,26,6723,,,,25,18048,,,,12,13280,,,,10,26712,,,,,,,,,,,,,,,,,,,,,,,,,,,,,,,,,,,,,,,
Julio Grande,04-Feb-2020,17:44:32,4,42.000000,510,297,0,7,,,,,,,,,,,,,,15,10,27432,,,,21,25804,,,,27,29963,,,,20,10261,,,,29,3259,,,,32,2599,,,,16,14059,,,,,,,,,,,,,,,,,,,,,,,,,,,,,,,,,,,,,,,,,,,,
Julio Grande,04-Feb-2020,19:45:05,6,42.000000,511,,0,9,,,,,,,,,,,,,,15,18,25248,,,,32,24443,,,,11,9837,,,,8,29112,,,,31,5365,,,,14,5778,,,,10,3141,,,,22,30188,,,,26,25714,,,,,,,,,,,,,,,,,,,,,,,,,,,,,,,,,,
Julio Grande,04-Feb-2020,21:49:37,2,42.000000,512,,0,9,,,,,,,,,,,,,,15,31,10062,,,,22,3942,,,,26,11943,,,,14,29430,,,,4,30205,,,,1,26648,,,,27,8196,,,,18,5157,,,,3,27872,,,,,,,,,,,,,,,,,,,,,,,,,,,,,,,,,,
Julio Grande,05-Feb-2020,00:17:11,4,42.000000,513,298,0,8,,,,,,,,,,,,,,15,23,14993,,,,4,16083,,,,1,16307,,,,16,11488,,,,9,4313,,,,3,23392,,,,18,22968,,,,8,2965,,,,,,,,,,,,,,,,,,,,,,,,,,,,,,,,,,,,,,,
Julio Grande,05-Feb-2020,02:52:13,4,42.000000,514,299,0,8,,,,,,,,,,,,,,15,7,11486,,,,30,18079,,,,9,22342,,,,3,32660,,,,23,4900,,,,8,1204,,,,11,4948,,,,4,23384,,,,,,,,,,,,,,,,,,,,,,,,,,,,,,,,,,,,,,,
Julio Grande,05-Feb-2020,05:03:26,2,42.000000,515,,0,9,,,,,,,,,,,,,,15,7,6994,,,,9,28271,,,,30,16056,,,,28,21717,,,,5,28308,,,,23,26952,,,,13,20010,,,,19,10119,,,,17,5791,,,,,,,,,,,,,,,,,,,,,,,,,,,,,,,,,,
Julio Grande,05-Feb-2020,14:08:45,4,42.000000,519,302,0,6,,,,,,,,,,,,,,15,15,26052,,,,21,27990,,,,29,24608,,,,10,230,,,,31,12262,,,,26,21676,,,,,,,,,,,,,,,,,,,,,,,,,,,,,,,,,,,,,,,,,,,,,,,,,
Julio Grande,05-Feb-2020,16:15:00,2,42.000000,520,302,0,7,,,,,,,,,,,,,,15,10,19732,,,,16,12989,,,,29,28049,,,,15,20344,,,,26,20229,,,,20,22945,,,,21,4792,,,,,,,,,,,,,,,,,,,,,,,,,,,,,,,,,,,,,,,,,,,,
Julio Grande,05-Feb-2020,18:57:07,4,42.000000,521,304,0,5,,,,,,,,,,,,,,15,31,6756,,,,10,31512,,,,32,28916,,,,21,21945,,,,20,3780,,,,,,,,,,,,,,,,,,,,,,,,,,,,,,,,,,,,,,,,,,,,,,,,,,,,,,
Julio Grande,05-Feb-2020,20:57:13,2,42.000000,522,,0,9,,,,,,,,,,,,,,15,18,16971,,,,11,7912,,,,1,2067,,,,14,5285,,,,22,156,,,,26,14618,,,,31,12072,,,,23,6882,,,,4,24849,,,,,,,,,,,,,,,,,,,,,,,,,,,,,,,,,,
Julio Grande,05-Feb-2020,23:06:54,6,42.000000,523,,0,9,,,,,,,,,,,,,,15,26,4580,,,,3,17134,,,,23,25581,,,,22,11439,,,,18,23230,,,,4,9862,,,,7,16139,,,,11,19885,,,,16,31072,,,,,,,,,,,,,,,,,,,,,,,,,,,,,,,,,,
Julio Grande,06-Feb-2020,01:25:38,8,42.000000,524,,0,9,,,,,,,,,,,,,,15,7,32084,,,,9,17170,,,,23,8231,,,,22,14770,,,,3,25464,,,,4,10012,,,,8,28784,,,,30,5604,,,,1,19467,,,,,,,,,,,,,,,,,,,,,,,,,,,,,,,,,,
Julio Grande,06-Feb-2020,04:53:04,2,42.000000,525,,0,9,,,,,,,,,,,,,,15,7,1775,,,,30,4301,,,,28,25836,,,,9,9165,,,,6,30614,,,,19,17040,,,,17,17791,,,,5,19078,,,,23,13428,,,,,,,,,,,,,,,,,,,,,,,,,,,,,,,,,,
Julio Grande,06-Feb-2020,06:55:04,2,42.000000,526,,0,9,,,,,,,,,,,,,,15,30,16331,,,,17,8299,,,,7,22935,,,,28,7372,,,,6,5168,,,,19,14200,,,,2,27886,,,,5,29875,,,,13,24964,,,,,,,,,,,,,,,,,,,,,,,,,,,,,,,,,,
Julio Grande,06-Feb-2020,08:55:57,2,42.000000,527,309,0,8,,,,,,,,,,,,,,15,15,3512,,,,12,25291,,,,13,31838,,,,19,13316,,,,24,6653,,,,29,5740,,,,2,17288,,,,5,8038,,,,,,,,,,,,,,,,,,,,,,,,,,,,,,,,,,,,,,,
Julio Grande,06-Feb-2020,17:35:54,2,42.000000,531,310,0,8,,,,,,,,,,,,,,15,31,16470,,,,26,19594,,,,16,13938,,,,10,27950,,,,27,28012,,,,29,4608,,,,32,2305,,,,14,22218,,,,,,,,,,,,,,,,,,,,,,,,,,,,,,,,,,,,,,,
Julio Grande,06-Feb-2020,22:51:03,8,42.000000,533,,0,9,,,,,,,,,,,,,,15,23,18580,,,,22,15384,,,,26,12182,,,,31,7851,,,,4,7240,,,,3,6351,,,,16,19365,,,,8,9939,,,,7,31781,,,,,,,,,,,,,,,,,,,,,,,,,,,,,,,,,,
Julio Grande,07-Feb-2020,01:08:00,6,42.000000,534,315,0,6,,,,,,,,,,,,,,15,23,31572,,,,8,19608,,,,4,31821,,,,22,29830,,,,16,5855,,,,1,29454,,,,,,,,,,,,,,,,,,,,,,,,,,,,,,,,,,,,,,,,,,,,,,,,,
Julio Grande,07-Feb-2020,03:13:46,12,42.000000,535,315,0,4,,,,,,,,,,,,,,15,17,6555,,,,3,11164,,,,4,5664,,,,23,13796,,,,,,,,,,,,,,,,,,,,,,,,,,,,,,,,,,,,,,,,,,,,,,,,,,,,,,,,,,,
Julio Grande,07-Feb-2020,05:17:22,4,42.000000,536,315,0,7,,,,,,,,,,,,,,15,5,12301,,,,30,17757,,,,7,15604,,,,13,26675,,,,28,25778,,,,17,24954,,,,19,17364,,,,,,,,,,,,,,,,,,,,,,,,,,,,,,,,,,,,,,,,,,,,
Julio Grande,07-Feb-2020,07:25:26,4,42.000000,537,315,0,7,,,,,,,,,,,,,,15,15,17504,,,,17,20160,,,,13,14785,,,,2,22100,,,,5,16985,,,,30,20210,,,,28,21209,,,,,,,,,,,,,,,,,,,,,,,,,,,,,,,,,,,,,,,,,,,,
Julio Grande,07-Feb-2020,09:47:32,2,42.000000,538,316,0,4,,,,,,,,,,,,,,15,15,5289,,,,5,2710,,,,13,7830,,,,12,460,,,,,,,,,,,,,,,,,,,,,,,,,,,,,,,,,,,,,,,,,,,,,,,,,,,,,,,,,,,
Julio Grande,07-Feb-2020,11:49:48,4,42.000000,539,316,0,6,,,,,,,,,,,,,,15,25,2697,,,,29,28437,,,,15,490,,,,12,14726,,,,5,22739,,,,2,16894,,,,,,,,,,,,,,,,,,,,,,,,,,,,,,,,,,,,,,,,,,,,,,,,,
Julio Grande,07-Feb-2020,13:54:29,2,42.000000,540,316,0,4,,,,,,,,,,,,,,15,29,14386,,,,12,20662,,,,21,29406,,,,15,27960,,,,,,,,,,,,,,,,,,,,,,,,,,,,,,,,,,,,,,,,,,,,,,,,,,,,,,,,,,,
Julio Grande,07-Feb-2020,16:12:36,2,42.000000,541,,0,9,,,,,,,,,,,,,,15,29,29150,,,,10,23372,,,,20,18109,,,,21,18023,,,,32,17501,,,,16,2634,,,,26,31470,,,,25,19762,,,,15,9122,,,,,,,,,,,,,,,,,,,,,,,,,,,,,,,,,,
Julio Grande,07-Feb-2020,18:36:25,2,42.000000,542,318,0,8,,,,,,,,,,,,,,15,31,240,,,,26,30688,,,,16,13057,,,,27,24535,,,,21,8664,,,,8,24904,,,,32,20771,,,,10,5782,,,,,,,,,,,,,,,,,,,,,,,,,,,,,,,,,,,,,,,
Julio Grande,07-Feb-2020,23:43:47,6,42.000000,544,,0,9,,,,,,,,,,,,,,15,23,10506,,,,4,14744,,,,18,922,,,,9,23831,,,,3,20496,,,,16,19077,,,,11,3633,,,,26,13886,,,,1,14957,,,,,,,,,,,,,,,,,,,,,,,,,,,,,,,,,,
Julio Grande,08-Feb-2020,02:01:04,6,42.000000,545,,0,9,,,,,,,,,,,,,,15,7,2094,,,,23,18808,,,,30,1727,,,,9,24518,,,,4,28515,,,,3,26908,,,,8,31359,,,,22,17645,,,,1,23216,,,,,,,,,,,,,,,,,,,,,,,,,,,,,,,,,,
Julio Grande,08-Feb-2020,04:06:35,8,42.000000,546,321,0,5,,,,,,,,,,,,,,15,7,22895,,,,9,12081,,,,23,4386,,,,30,25532,,,,17,15510,,,,,,,,,,,,,,,,,,,,,,,,,,,,,,,,,,,,,,,,,,,,,,,,,,,,,,
Julio Grande,08-Feb-2020,10:50:18,2,42.000000,549,322,0,6,,,,,,,,,,,,,,15,29,20738,,,,15,1715,,,,5,15120,,,,24,604,,,,13,24595,,,,21,17716,,,,,,,,,,,,,,,,,,,,,,,,,,,,,,,,,,,,,,,,,,,,,,,,,
Julio Grande,08-Feb-2020,13:06:35,4,42.000000,550,323,0,8,,,,,,,,,,,,,,15,15,17588,,,,12,13890,,,,24,13944,,,,21,24002,,,,20,5594,,,,10,30117,,,,25,21510,,,,29,6074,,,,,,,,,,,,,,,,,,,,,,,,,,,,,,,,,,,,,,,
Julio Grande,08-Feb-2020,15:12:20,2,42.000000,551,323,0,6,,,,,,,,,,,,,,15,10,12784,,,,32,11693,,,,25,12596,,,,26,7515,,,,29,32346,,,,15,26014,,,,,,,,,,,,,,,,,,,,,,,,,,,,,,,,,,,,,,,,,,,,,,,,,
Julio Grande,08-Feb-2020,22:25:02,2,42.000000,554,,0,9,,,,,,,,,,,,,,15,31,18699,,,,22,11366,,,,3,17940,,,,23,20729,,,,4,16828,,,,26,27843,,,,16,8292,,,,8,818,,,,1,21724,,,,,,,,,,,,,,,,,,,,,,,,,,,,,,,,,,
Julio Grande,09-Feb-2020,00:27:46,8,42.000000,555,,0,9,,,,,,,,,,,,,,15,23,26944,,,,16,4678,,,,1,23355,,,,4,25932,,,,3,12389,,,,8,14567,,,,27,27844,,,,9,28728,,,,22,5319,,,,,,,,,,,,,,,,,,,,,,,,,,,,,,,,,,
Julio Grande,09-Feb-2020,02:36:44,2,42.000000,556,327,0,7,,,,,,,,,,,,,,15,7,29163,,,,23,22930,,,,30,3595,,,,8,18178,,,,4,9177,,,,9,9164,,,,3,14101,,,,,,,,,,,,,,,,,,,,,,,,,,,,,,,,,,,,,,,,,,,,
Julio Grande,09-Feb-2020,04:51:23,4,42.000000,557,327,0,7,,,,,,,,,,,,,,15,7,1738,,,,28,9366,,,,30,15354,,,,5,25950,,,,9,11136,,,,13,844,,,,17,10424,,,,,,,,,,,,,,,,,,,,,,,,,,,,,,,,,,,,,,,,,,,,
Julio Grande,09-Feb-2020,08:54:57,2,42.000000,559,327,0,8,,,,,,,,,,,,,,15,5,29559,,,,13,5010,,,,15,29955,,,,30,31754,,,,2,31108,,,,29,31382,,,,19,12205,,,,6,10408,,,,,,,,,,,,,,,,,,,,,,,,,,,,,,,,,,,,,,,
Julio Grande,09-Feb-2020,10:59:43,6,42.000000,560,327,0,8,,,,,,,,,,,,,,15,12,18823,,,,29,22815,,,,5,21236,,,,2,22332,,,,25,9228,,,,21,212,,,,24,18422,,,,13,9530,,,,,,,,,,,,,,,,,,,,,,,,,,,,,,,,,,,,,,,
Julio Grande,09-Feb-2020,13:21:29,6,42.000000,561,328,0,6,,,,,,,,,,,,,,15,15,31707,,,,12,8438,,,,5,5513,,,,20,30433,,,,21,1739,,,,24,1989,,,,,,,,,,,,,,,,,,,,,,,,,,,,,,,,,,,,,,,,,,,,,,,,,
Julio Grande,09-Feb-2020,15:38:07,2,42.000000,562,329,0,8,,,,,,,,,,,,,,15,32,709,,,,10,23866,,,,26,27555,,,,21,17199,,,,25,1830,,,,31,28752,,,,20,30076,,,,14,31060,,,,,,,,,,,,,,,,,,,,,,,,,,,,,,,,,,,,,,,
Julio Grande,09-Feb-2020,17:41:17,8,42.000000,563,329,0,7,,,,,,,,,,,,,,15,27,25006,,,,10,26478,,,,20,11779,,,,8,19190,,,,21,16814,,,,32,2228,,,,31,23104,,,,,,,,,,,,,,,,,,,,,,,,,,,,,,,,,,,,,,,,,,,,
Julio Grande,09-Feb-2020,19:46:43,2,42.000000,564,,0,9,,,,,,,,,,,,,,15,11,9323,,,,18,17593,,,,10,25122,,,,8,8636,,,,14,14683,,,,22,30620,,,,31,31092,,,,32,9806,,,,1,30367,,,,,,,,,,,,,,,,,,,,,,,,,,,,,,,,,,
Julio Grande,09-Feb-2020,21:47:08,4,42.000000,565,,0,9,,,,,,,,,,,,,,15,8,28660,,,,11,10120,,,,31,25431,,,,22,29696,,,,1,15533,,,,27,7859,,,,23,23098,,,,4,3215,,,,3,20728,,,,,,,,,,,,,,,,,,,,,,,,,,,,,,,,,,
Julio Grande,10-Feb-2020,00:09:37,4,42.000000,566,330,0,8,,,,,,,,,,,,,,15,23,17526,,,,7,27127,,,,9,11193,,,,4,17070,,,,3,2338,,,,1,3170,,,,18,5861,,,,22,29846,,,,,,,,,,,,,,,,,,,,,,,,,,,,,,,,,,,,,,,
Julio Grande,10-Feb-2020,02:17:17,2,42.000000,567,330,0,7,,,,,,,,,,,,,,15,7,14988,,,,3,11913,,,,30,8095,,,,8,312,,,,9,16553,,,,4,12962,,,,23,30242,,,,,,,,,,,,,,,,,,,,,,,,,,,,,,,,,,,,,,,,,,,,
Julio Grande,10-Feb-2020,04:17:08,2,42.000000,568,,0,9,,,,,,,,,,,,,,15,7,31785,,,,30,16348,,,,9,23357,,,,23,17490,,,,17,23948,,,,5,30019,,,,28,14007,,,,4,13387,,,,19,9942,,,,,,,,,,,,,,,,,,,,,,,,,,,,,,,,,,
Julio Grande,10-Feb-2020,06:23:03,2,42.000000,569,330,0,8,,,,,,,,,,,,,,15,15,16171,,,,13,21413,,,,30,8551,,,,7,11169,,,,5,31534,,,,17,8810,,,,19,29976,,,,28,26260,,,,,,,,,,,,,,,,,,,,,,,,,,,,,,,,,,,,,,,
Julio Grande,10-Feb-2020,10:58:05,4,42.000000,571,332,0,6,,,,,,,,,,,,,,15,15,11301,,,,12,5981,,,,21,21875,,,,24,27796,,,,29,3742,,,,2,26002,,,,,,,,,,,,,,,,,,,,,,,,,,,,,,,,,,,,,,,,,,,,,,,,,
Julio Grande,10-Feb-2020,13:53:08,2,42.000000,572,335,0,6,,,,,,,,,,,,,,15,12,6114,,,,10,10344,,,,24,10516,,,,25,3844,,,,21,21844,,,,15,17336,,,,,,,,,,,,,,,,,,,,,,,,,,,,,,,,,,,,,,,,,,,,,,,,,
Julio Grande,10-Feb-2020,16:28:16,8,42.000000,573,337,0,6,,,,,,,,,,,,,,15,16,31332,,,,21,16620,,,,26,8462,,,,10,31004,,,,29,17840,,,,32,20852,,,,,,,,,,,,,,,,,,,,,,,,,,,,,,,,,,,,,,,,,,,,,,,,,
Julio Grande,10-Feb-2020,18:44:15,4,42.000000,574,,0,9,,,,,,,,,,,,,,15,32,13351,,,,8,31272,,,,31,30585,,,,27,21759,,,,10,29672,,,,21,6760,,,,11,20204,,,,18,13284,,,,26,31283,,,,,,,,,,,,,,,,,,,,,,,,,,,,,,,,,,
Julio Grande,10-Feb-2020,21:39:44,2,42.000000,575,341,0,8,,,,,,,,,,,,,,15,31,27866,,,,22,11442,,,,26,21789,,,,3,1862,,,,16,26368,,,,18,16761,,,,14,18650,,,,8,25048,,,,,,,,,,,,,,,,,,,,,,,,,,,,,,,,,,,,,,,
Julio Grande,10-Feb-2020,23:40:17,4,42.000000,576,,0,9,,,,,,,,,,,,,,15,16,24056,,,,23,31043,,,,3,23821,,,,18,21236,,,,1,8355,,,,4,730,,,,7,22201,,,,22,14204,,,,26,5142,,,,,,,,,,,,,,,,,,,,,,,,,,,,,,,,,,
Julio Grande,11-Feb-2020,01:47:32,4,42.000000,577,341,0,7,,,,,,,,,,,,,,15,7,1614,,,,23,16587,,,,9,19390,,,,4,26067,,,,8,29274,,,,30,32425,,,,3,28857,,,,,,,,,,,,,,,,,,,,,,,,,,,,,,,,,,,,,,,,,,,,
Julio Grande,11-Feb-2020,04:06:02,2,42.000000,578,342,0,6,,,,,,,,,,,,,,15,7,28090,,,,9,744,,,,28,15887,,,,17,29875,,,,5,16141,,,,30,6772,,,,,,,,,,,,,,,,,,,,,,,,,,,,,,,,,,,,,,,,,,,,,,,,,
Julio Grande,11-Feb-2020,08:32:24,6,42.000000,580,343,0,6,,,,,,,,,,,,,,15,15,14307,,,,5,11859,,,,29,7930,,,,13,15226,,,,24,3684,,,,2,21584,,,,,,,,,,,,,,,,,,,,,,,,,,,,,,,,,,,,,,,,,,,,,,,,,
Julio Grande,11-Feb-2020,11:21:23,2,42.000000,581,345,0,7,,,,,,,,,,,,,,15,29,6401,,,,21,3439,,,,15,11184,,,,12,5768,,,,24,3960,,,,25,5802,,,,2,13606,,,,,,,,,,,,,,,,,,,,,,,,,,,,,,,,,,,,,,,,,,,,
Julio Grande,11-Feb-2020,13:57:17,2,42.000000,582,347,0,8,,,,,,,,,,,,,,15,10,3510,,,,12,5037,,,,21,20035,,,,29,7283,,,,25,21390,,,,20,17571,,,,31,2810,,,,24,28327,,,,,,,,,,,,,,,,,,,,,,,,,,,,,,,,,,,,,,,
Julio Grande,11-Feb-2020,16:13:58,2,42.000000,583,348,0,7,,,,,,,,,,,,,,15,10,5625,,,,26,3580,,,,31,10037,,,,14,13054,,,,16,8060,,,,21,1893,,,,29,1014,,,,,,,,,,,,,,,,,,,,,,,,,,,,,,,,,,,,,,,,,,,,
Julio Grande,11-Feb-2020,23:20:19,4,42.000000,586,,0,9,,,,,,,,,,,,,,15,26,7095,,,,16,32164,,,,7,10209,,,,22,1448,,,,8,5475,,,,11,18266,,,,1,3888,,,,18,28110,,,,23,12886,,,,,,,,,,,,,,,,,,,,,,,,,,,,,,,,,,
Julio Grande,12-Feb-2020,01:33:40,2,42.000000,587,351,0,8,,,,,,,,,,,,,,15,7,4647,,,,3,18280,,,,9,22798,,,,23,3739,,,,8,18945,,,,22,20016,,,,30,23438,,,,4,11075,,,,,,,,,,,,,,,,,,,,,,,,,,,,,,,,,,,,,,,
Julio Grande,12-Feb-2020,04:42:12,2,42.000000,588,354,0,4,,,,,,,,,,,,,,15,7,30512,,,,9,31305,,,,30,14740,,,,28,298,,,,,,,,,,,,,,,,,,,,,,,,,,,,,,,,,,,,,,,,,,,,,,,,,,,,,,,,,,,
Julio Grande,12-Feb-2020,06:43:37,4,42.000000,589,,0,9,,,,,,,,,,,,,,15,15,9136,,,,17,32725,,,,30,10886,,,,7,26760,,,,13,8432,,,,28,19976,,,,19,19970,,,,2,11786,,,,6,836,,,,,,,,,,,,,,,,,,,,,,,,,,,,,,,,,,
Julio Grande,12-Feb-2020,08:47:00,4,42.000000,590,354,0,8,,,,,,,,,,,,,,15,15,26008,,,,5,4479,,,,13,26058,,,,29,6701,,,,12,19850,,,,2,956,,,,24,2508,,,,30,14432,,,,,,,,,,,,,,,,,,,,,,,,,,,,,,,,,,,,,,,
Julio Grande,12-Feb-2020,11:05:27,2,42.000000,591,355,0,5,,,,,,,,,,,,,,15,29,25581,,,,2,17019,,,,25,15044,,,,12,419,,,,5,17558,,,,,,,,,,,,,,,,,,,,,,,,,,,,,,,,,,,,,,,,,,,,,,,,,,,,,,
Julio Grande,12-Feb-2020,15:09:11,4,42.000000,593,355,0,7,,,,,,,,,,,,,,15,25,21269,,,,32,23432,,,,10,13276,,,,21,32067,,,,31,17780,,,,15,18050,,,,26,25408,,,,,,,,,,,,,,,,,,,,,,,,,,,,,,,,,,,,,,,,,,,,
Julio Grande,12-Feb-2020,19:29:55,4,42.000000,595,356,0,7,,,,,,,,,,,,,,15,11,25483,,,,18,20728,,,,14,15086,,,,8,29082,,,,31,15472,,,,27,30782,,,,10,15219,,,,,,,,,,,,,,,,,,,,,,,,,,,,,,,,,,,,,,,,,,,,
Julio Grande,12-Feb-2020,23:53:11,4,42.000000,597,356,0,4,,,,,,,,,,,,,,15,23,4590,,,,4,4242,,,,16,10618,,,,9,27929,,,,,,,,,,,,,,,,,,,,,,,,,,,,,,,,,,,,,,,,,,,,,,,,,,,,,,,,,,,
Julio Grande,13-Feb-2020,02:19:15,2,42.000000,598,,0,9,,,,,,,,,,,,,,15,7,23377,,,,8,12046,,,,9,153,,,,3,11010,,,,4,3108,,,,17,6890,,,,11,1689,,,,23,16807,,,,30,29460,,,,,,,,,,,,,,,,,,,,,,,,,,,,,,,,,,
Julio Grande,13-Feb-2020,04:19:18,6,42.000000,599,357,0,8,,,,,,,,,,,,,,15,7,21287,,,,28,19636,,,,30,18610,,,,5,3087,,,,9,12581,,,,17,23846,,,,23,19486,,,,4,14517,,,,,,,,,,,,,,,,,,,,,,,,,,,,,,,,,,,,,,,
Julio Grande,13-Feb-2020,06:30:47,8,42.000000,600,357,0,8,,,,,,,,,,,,,,15,15,3901,,,,30,32348,,,,13,15962,,,,17,12261,,,,7,31180,,,,5,12867,,,,19,23373,,,,28,17765,,,,,,,,,,,,,,,,,,,,,,,,,,,,,,,,,,,,,,,
Julio Grande,13-Feb-2020,08:32:04,4,42.000000,601,357,0,5,,,,,,,,,,,,,,15,12,28497,,,,24,23107,,,,15,30357,,,,6,21878,,,,19,28097,,,,,,,,,,,,,,,,,,,,,,,,,,,,,,,,,,,,,,,,,,,,,,,,,,,,,,
Julio Grande,13-Feb-2020,10:55:20,10,42.000000,602,358,0,8,,,,,,,,,,,,,,15,15,24790,,,,12,12221,,,,21,2201,,,,29,18996,,,,24,25530,,,,13,25180,,,,2,2305,,,,25,19036,,,,,,,,,,,,,,,,,,,,,,,,,,,,,,,,,,,,,,,
Julio Grande,13-Feb-2020,12:59:11,4,42.000000,603,358,0,8,,,,,,,,,,,,,,15,15,19605,,,,24,6850,,,,10,15850,,,,12,14963,,,,21,24950,,,,5,19841,,,,13,3037,,,,20,6570,,,,,,,,,,,,,,,,,,,,,,,,,,,,,,,,,,,,,,,
Julio Grande,13-Feb-2020,17:01:49,2,42.000000,605,358,0,7,,,,,,,,,,,,,,15,27,19184,,,,21,4968,,,,10,18478,,,,20,211,,,,32,11898,,,,16,27596,,,,29,4824,,,,,,,,,,,,,,,,,,,,,,,,,,,,,,,,,,,,,,,,,,,,
Julio Grande,13-Feb-2020,19:05:31,4,42.000000,606,,0,9,,,,,,,,,,,,,,15,32,12538,,,,27,18592,,,,8,5190,,,,11,11188,,,,18,26089,,,,4,18758,,,,14,21484,,,,16,27401,,,,31,11536,,,,,,,,,,,,,,,,,,,,,,,,,,,,,,,,,,
Julio Grande,14-Feb-2020,00:20:05,2,42.000000,608,,0,9,,,,,,,,,,,,,,15,23,387,,,,16,27159,,,,4,31853,,,,8,20492,,,,3,9797,,,,1,9441,,,,11,7522,,,,18,10758,,,,27,24699,,,,,,,,,,,,,,,,,,,,,,,,,,,,,,,,,,
Julio Grande,14-Feb-2020,02:28:33,2,42.000000,609,362,0,7,,,,,,,,,,,,,,15,3,11492,,,,4,20319,,,,8,18417,,,,7,1323,,,,23,30876,,,,17,10294,,,,9,11404,,,,,,,,,,,,,,,,,,,,,,,,,,,,,,,,,,,,,,,,,,,,
Julio Grande,14-Feb-2020,05:09:03,6,42.000000,610,364,0,5,,,,,,,,,,,,,,15,13,20084,,,,30,16121,,,,28,26570,,,,17,19352,,,,9,27949,,,,,,,,,,,,,,,,,,,,,,,,,,,,,,,,,,,,,,,,,,,,,,,,,,,,,,
Julio Grande,14-Feb-2020,07:15:08,2,42.000000,611,364,0,8,,,,,,,,,,,,,,15,19,5398,,,,30,27651,,,,17,18841,,,,13,11337,,,,2,27247,,,,15,15637,,,,6,29072,,,,28,4864,,,,,,,,,,,,,,,,,,,,,,,,,,,,,,,,,,,,,,,
Julio Grande,14-Feb-2020,09:15:23,4,42.000000,612,364,0,7,,,,,,,,,,,,,,15,15,19230,,,,13,26644,,,,12,32622,,,,24,10840,,,,5,6671,,,,2,18933,,,,6,10666,,,,,,,,,,,,,,,,,,,,,,,,,,,,,,,,,,,,,,,,,,,,
Julio Grande,14-Feb-2020,11:36:38,2,42.000000,613,365,0,8,,,,,,,,,,,,,,15,15,11544,,,,12,7849,,,,24,16934,,,,21,23605,,,,20,23655,,,,29,7093,,,,25,31141,,,,5,29620,,,,,,,,,,,,,,,,,,,,,,,,,,,,,,,,,,,,,,,
Julio Grande,14-Feb-2020,13:37:08,2,42.000000,614,365,0,6,,,,,,,,,,,,,,15,10,29623,,,,12,23997,,,,15,2420,,,,29,12773,,,,25,21129,,,,24,27727,,,,,,,,,,,,,,,,,,,,,,,,,,,,,,,,,,,,,,,,,,,,,,,,,
Julio Grande,14-Feb-2020,20:02:58,6,42.000000,617,,0,9,,,,,,,,,,,,,,15,18,15844,,,,11,18873,,,,23,29260,,,,22,20703,,,,1,16682,,,,8,9127,,,,14,18737,,,,4,21888,,,,31,22123,,,,,,,,,,,,,,,,,,,,,,,,,,,,,,,,,,
Julio Grande,15-Feb-2020,05:26:07,2,42.000000,621,369,0,8,,,,,,,,,,,,,,15,30,9420,,,,7,11532,,,,28,20828,,,,13,5330,,,,19,30029,,,,6,14262,,,,17,21410,,,,2,32196,,,,,,,,,,,,,,,,,,,,,,,,,,,,,,,,,,,,,,,
Julio Grande,15-Feb-2020,08:24:39,4,42.000000,622,,0,9,,,,,,,,,,,,,,15,15,15452,,,,13,430,,,,2,6417,,,,19,11259,,,,5,646,,,,6,6133,,,,24,11770,,,,12,14925,,,,29,1348,,,,,,,,,,,,,,,,,,,,,,,,,,,,,,,,,,
Julio Grande,15-Feb-2020,10:27:40,2,42.000000,623,372,0,4,,,,,,,,,,,,,,15,5,20865,,,,15,2718,,,,13,19855,,,,24,30353,,,,,,,,,,,,,,,,,,,,,,,,,,,,,,,,,,,,,,,,,,,,,,,,,,,,,,,,,,,
Julio Grande,15-Feb-2020,12:31:48,2,42.000000,624,372,0,8,,,,,,,,,,,,,,15,5,19469,,,,29,13300,,,,15,29864,,,,12,9074,,,,24,13955,,,,25,30572,,,,20,3350,,,,10,19044,,,,,,,,,,,,,,,,,,,,,,,,,,,,,,,,,,,,,,,
Julio Grande,15-Feb-2020,14:32:59,4,42.000000,625,372,0,7,,,,,,,,,,,,,,15,10,7214,,,,25,22685,,,,32,8970,,,,20,10742,,,,21,5295,,,,26,20686,,,,29,30696,,,,,,,,,,,,,,,,,,,,,,,,,,,,,,,,,,,,,,,,,,,,
Julio Grande,15-Feb-2020,16:33:38,2,42.000000,626,,0,9,,,,,,,,,,,,,,15,31,4541,,,,10,19466,,,,26,23872,,,,14,9268,,,,27,27939,,,,21,30191,,,,29,7348,,,,16,20755,,,,32,15208,,,,,,,,,,,,,,,,,,,,,,,,,,,,,,,,,,
Julio Grande,15-Feb-2020,18:51:27,2,42.000000,627,373,0,4,,,,,,,,,,,,,,15,8,27570,,,,32,29898,,,,11,25616,,,,16,27125,,,,,,,,,,,,,,,,,,,,,,,,,,,,,,,,,,,,,,,,,,,,,,,,,,,,,,,,,,,
Julio Grande,16-Feb-2020,01:44:18,4,42.000000,630,376,0,6,,,,,,,,,,,,,,15,8,15968,,,,4,23994,,,,23,10311,,,,7,3989,,,,22,30908,,,,3,22105,,,,,,,,,,,,,,,,,,,,,,,,,,,,,,,,,,,,,,,,,,,,,,,,,
Julio Grande,16-Feb-2020,04:25:31,4,42.000000,631,378,0,6,,,,,,,,,,,,,,15,7,12196,,,,30,28621,,,,9,15686,,,,23,3369,,,,28,15098,,,,19,4342,,,,,,,,,,,,,,,,,,,,,,,,,,,,,,,,,,,,,,,,,,,,,,,,,
Julio Grande,16-Feb-2020,06:26:40,6,42.000000,632,378,0,8,,,,,,,,,,,,,,15,15,13491,,,,19,26613,,,,13,13170,,,,30,16412,,,,17,6974,,,,7,791,,,,6,4355,,,,28,25975,,,,,,,,,,,,,,,,,,,,,,,,,,,,,,,,,,,,,,,
Julio Grande,16-Feb-2020,08:29:11,4,42.000000,633,378,0,5,,,,,,,,,,,,,,15,13,5698,,,,5,10718,,,,2,8440,,,,15,3275,,,,24,5952,,,,,,,,,,,,,,,,,,,,,,,,,,,,,,,,,,,,,,,,,,,,,,,,,,,,,,
Julio Grande,16-Feb-2020,10:29:10,4,42.000000,634,378,0,7,,,,,,,,,,,,,,15,24,30723,,,,21,7336,,,,2,5394,,,,12,22214,,,,25,14255,,,,15,8859,,,,29,156,,,,,,,,,,,,,,,,,,,,,,,,,,,,,,,,,,,,,,,,,,,,
Julio Grande,16-Feb-2020,14:31:22,4,42.000000,636,378,0,8,,,,,,,,,,,,,,15,10,2721,,,,32,10888,,,,26,19794,,,,21,31002,,,,25,6204,,,,20,32398,,,,31,27091,,,,29,25061,,,,,,,,,,,,,,,,,,,,,,,,,,,,,,,,,,,,,,,
Julio Grande,16-Feb-2020,16:33:04,2,42.000000,637,378,0,7,,,,,,,,,,,,,,15,10,8181,,,,27,6137,,,,16,17381,,,,20,23878,,,,32,16396,,,,21,26313,,,,29,23156,,,,,,,,,,,,,,,,,,,,,,,,,,,,,,,,,,,,,,,,,,,,
Julio Grande,16-Feb-2020,21:37:13,2,42.000000,639,381,0,6,,,,,,,,,,,,,,15,31,18856,,,,22,10854,,,,26,527,,,,16,26995,,,,11,23251,,,,18,21339,,,,,,,,,,,,,,,,,,,,,,,,,,,,,,,,,,,,,,,,,,,,,,,,,
Julio Grande,17-Feb-2020,02:18:02,4,42.000000,640,,0,9,,,,,,,,,,,,,,15,9,20322,,,,23,3050,,,,4,25922,,,,8,21836,,,,7,6562,,,,17,23457,,,,30,24920,,,,3,9839,,,,28,24289,,,,,,,,,,,,,,,,,,,,,,,,,,,,,,,,,,
Julio Grande,17-Feb-2020,05:04:01,2,42.000000,641,391,0,6,,,,,,,,,,,,,,15,17,21768,,,,7,16445,,,,30,24523,,,,9,144,,,,28,12530,,,,13,16452,,,,,,,,,,,,,,,,,,,,,,,,,,,,,,,,,,,,,,,,,,,,,,,,,
Julio Grande,17-Feb-2020,10:12:43,2,42.000000,643,394,0,5,,,,,,,,,,,,,,15,24,25388,,,,12,32336,,,,2,31689,,,,15,26177,,,,21,11351,,,,,,,,,,,,,,,,,,,,,,,,,,,,,,,,,,,,,,,,,,,,,,,,,,,,,,
Julio Grande,17-Feb-2020,12:19:00,2,42.000000,644,394,0,8,,,,,,,,,,,,,,15,20,29800,,,,10,7591,,,,29,15117,,,,24,3220,,,,15,2717,,,,5,12176,,,,25,32196,,,,21,12721,,,,,,,,,,,,,,,,,,,,,,,,,,,,,,,,,,,,,,,
Julio Grande,17-Feb-2020,14:20:26,4,42.000000,645,394,0,6,,,,,,,,,,,,,,15,10,10028,,,,21,13360,,,,26,18937,,,,15,7238,,,,29,2506,,,,20,25202,,,,,,,,,,,,,,,,,,,,,,,,,,,,,,,,,,,,,,,,,,,,,,,,,
Julio Grande,17-Feb-2020,20:37:18,2,42.000000,648,,0,9,,,,,,,,,,,,,,15,22,5041,,,,1,13976,,,,31,18170,,,,23,7700,,,,18,22926,,,,4,7321,,,,11,29106,,,,14,1361,,,,26,9676,,,,,,,,,,,,,,,,,,,,,,,,,,,,,,,,,,
Julio Grande,17-Feb-2020,22:55:12,2,42.000000,649,,0,9,,,,,,,,,,,,,,15,23,2687,,,,3,30439,,,,4,7735,,,,18,19158,,,,22,23568,,,,16,22891,,,,9,10232,,,,11,2573,,,,26,30108,,,,,,,,,,,,,,,,,,,,,,,,,,,,,,,,,,
Julio Grande,18-Feb-2020,03:05:05,2,42.000000,651,396,0,8,,,,,,,,,,,,,,15,7,12787,,,,30,812,,,,23,15164,,,,9,17728,,,,17,23280,,,,4,13317,,,,5,30644,,,,19,27569,,,,,,,,,,,,,,,,,,,,,,,,,,,,,,,,,,,,,,,
Julio Grande,18-Feb-2020,05:10:37,2,42.000000,652,396,0,7,,,,,,,,,,,,,,15,13,16607,,,,28,16946,,,,17,12929,,,,7,3726,,,,5,4448,,,,30,28821,,,,19,17569,,,,,,,,,,,,,,,,,,,,,,,,,,,,,,,,,,,,,,,,,,,,
Julio Grande,18-Feb-2020,07:21:02,4,42.000000,653,396,0,6,,,,,,,,,,,,,,15,19,15680,,,,13,5618,,,,5,25299,,,,2,22148,,,,17,17369,,,,15,20727,,,,,,,,,,,,,,,,,,,,,,,,,,,,,,,,,,,,,,,,,,,,,,,,,
Julio Grande,18-Feb-2020,12:18:52,2,42.000000,655,399,0,6,,,,,,,,,,,,,,15,15,23307,,,,24,9777,,,,21,614,,,,20,28421,,,,29,6301,,,,12,4478,,,,,,,,,,,,,,,,,,,,,,,,,,,,,,,,,,,,,,,,,,,,,,,,,
Julio Grande,18-Feb-2020,14:24:17,2,42.000000,656,399,0,6,,,,,,,,,,,,,,15,21,10692,,,,15,19033,,,,26,2608,,,,10,15980,,,,20,10055,,,,29,5138,,,,,,,,,,,,,,,,,,,,,,,,,,,,,,,,,,,,,,,,,,,,,,,,,
Julio Grande,18-Feb-2020,16:28:18,2,42.000000,657,399,0,5,,,,,,,,,,,,,,15,27,29730,,,,10,10338,,,,16,26666,,,,21,2746,,,,32,30214,,,,,,,,,,,,,,,,,,,,,,,,,,,,,,,,,,,,,,,,,,,,,,,,,,,,,,
Julio Grande,18-Feb-2020,18:52:47,4,42.000000,658,400,0,5,,,,,,,,,,,,,,15,27,4094,,,,32,13406,,,,8,8530,,,,18,20918,,,,11,20605,,,,,,,,,,,,,,,,,,,,,,,,,,,,,,,,,,,,,,,,,,,,,,,,,,,,,,
Julio Grande,19-Feb-2020,01:47:06,2,42.000000,661,402,0,5,,,,,,,,,,,,,,15,7,12136,,,,30,11265,,,,23,548,,,,9,32398,,,,4,18165,,,,,,,,,,,,,,,,,,,,,,,,,,,,,,,,,,,,,,,,,,,,,,,,,,,,,,
Julio Grande,19-Feb-2020,04:00:13,2,42.000000,662,402,0,6,,,,,,,,,,,,,,15,30,5886,,,,28,26671,,,,4,8678,,,,7,3370,,,,23,12822,,,,17,20637,,,,,,,,,,,,,,,,,,,,,,,,,,,,,,,,,,,,,,,,,,,,,,,,,
Julio Grande,19-Feb-2020,11:46:12,2,42.000000,665,407,0,6,,,,,,,,,,,,,,15,25,11008,,,,29,16459,,,,21,23405,,,,12,9006,,,,5,31306,,,,15,16889,,,,,,,,,,,,,,,,,,,,,,,,,,,,,,,,,,,,,,,,,,,,,,,,,
