DeployID,Ptt,DepthSensor,Source,Instr,Count,Start,End,What,Number,Shape,DepthMin,DepthMax,DurationMin,DurationMax,Number,Shape,DepthMin,DepthMax,DurationMin,DurationMax,Number,Shape,DepthMin,DepthMax,DurationMin,DurationMax,Shallow,Deep
162661,162661,,Transmission,Mk10,1,12:28:00 30-Jul-2016,15:49:50 30-Jul-2016,Message,10,,,,12100.000000,12120.000000,,,,,,,,,,,,,,
162661,162661,,Transmission,Mk10,1,12:28:00 30-Jul-2016,13:55:10 30-Jul-2016,Surface,,,,,5229,5231,,,,,,,,,,,,,5230,0
162661,162661,,Transmission,Mk10,1,13:55:10 30-Jul-2016,14:08:30 30-Jul-2016,Dive,1,Square,4.5,4.5,799,801,,,,,,,,,,,,,,
162661,162661,,Transmission,Mk10,1,14:08:30 30-Jul-2016,14:08:40 30-Jul-2016,Surface,,,,,9,11,,,,,,,,,,,,,10,0
162661,162661,,Transmission,Mk10,1,14:08:40 30-Jul-2016,14:11:00 30-Jul-2016,Dive,1,Square,3.0,3.0,139,141,,,,,,,,,,,,,,
162661,162661,,Transmission,Mk10,1,14:11:00 30-Jul-2016,14:11:10 30-Jul-2016,Surface,,,,,9,11,,,,,,,,,,,,,10,0
162661,162661,,Transmission,Mk10,1,14:11:10 30-Jul-2016,14:15:00 30-Jul-2016,Dive,1,Square,2.5,2.5,229,231,,,,,,,,,,,,,,
162661,162661,,Transmission,Mk10,1,14:15:00 30-Jul-2016,14:15:10 30-Jul-2016,Surface,,,,,9,11,,,,,,,,,,,,,10,0
162661,162661,,Transmission,Mk10,1,14:15:10 30-Jul-2016,14:31:00 30-Jul-2016,Dive,1,Square,4.0,4.0,949,951,,,,,,,,,,,,,,
162661,162661,,Transmission,Mk10,1,14:31:00 30-Jul-2016,14:31:10 30-Jul-2016,Surface,,,,,9,11,,,,,,,,,,,,,10,0
162661,162661,,Transmission,Mk10,1,14:31:10 30-Jul-2016,15:49:50 30-Jul-2016,Dive,1,Square,10.5,10.5,4719,4721,,,,,,,,,,,,,,
162661,162661,,Transmission,Mk10,1,15:50:00 30-Jul-2016,17:11:50 30-Jul-2016,Message,10,,,,4900.000000,4920.000000,,,,,,,,,,,,,,
162661,162661,,Transmission,Mk10,1,15:50:00 30-Jul-2016,15:50:10 30-Jul-2016,Surface,,,,,9,11,,,,,,,,,,,,,10,0
162661,162661,,Transmission,Mk10,1,15:50:10 30-Jul-2016,16:17:00 30-Jul-2016,Dive,1,Square,14.5,14.5,1609,1611,,,,,,,,,,,,,,
162661,162661,,Transmission,Mk10,1,16:17:00 30-Jul-2016,16:17:10 30-Jul-2016,Surface,,,,,9,11,,,,,,,,,,,,,10,0
162661,162661,,Transmission,Mk10,1,16:17:10 30-Jul-2016,16:29:10 30-Jul-2016,Dive,1,Square,15.0,15.0,719,721,,,,,,,,,,,,,,
162661,162661,,Transmission,Mk10,1,16:29:10 30-Jul-2016,16:29:30 30-Jul-2016,Surface,,,,,19,21,,,,,,,,,,,,,20,0
162661,162661,,Transmission,Mk10,1,16:29:30 30-Jul-2016,16:43:40 30-Jul-2016,Dive,1,Square,16.0,16.0,849,851,,,,,,,,,,,,,,
162661,162661,,Transmission,Mk10,1,16:43:40 30-Jul-2016,16:44:10 30-Jul-2016,Surface,,,,,29,31,,,,,,,,,,,,,20,10
162661,162661,,Transmission,Mk10,1,16:44:10 30-Jul-2016,16:57:10 30-Jul-2016,Dive,1,Square,17.0,17.0,779,781,,,,,,,,,,,,,,
162661,162661,,Transmission,Mk10,1,16:57:10 30-Jul-2016,16:57:40 30-Jul-2016,Surface,,,,,29,31,,,,,,,,,,,,,20,10
162661,162661,,Transmission,Mk10,1,16:57:40 30-Jul-2016,17:11:50 30-Jul-2016,Dive,1,Square,17.0,17.0,849,851,,,,,,,,,,,,,,
162661,162661,,Transmission,Mk10,1,17:12:00 30-Jul-2016,18:25:20 30-Jul-2016,Message,10,,,,4390.000000,4410.000000,,,,,,,,,,,,,,
162661,162661,,Transmission,Mk10,1,17:12:00 30-Jul-2016,17:12:10 30-Jul-2016,Surface,,,,,9,11,,,,,,,,,,,,,10,0
162661,162661,,Transmission,Mk10,1,17:12:10 30-Jul-2016,17:26:10 30-Jul-2016,Dive,1,Square,17.0,17.0,839,841,,,,,,,,,,,,,,
162661,162661,,Transmission,Mk10,1,17:26:10 30-Jul-2016,17:26:50 30-Jul-2016,Surface,,,,,39,41,,,,,,,,,,,,,31,9
162661,162661,,Transmission,Mk10,1,17:26:50 30-Jul-2016,17:53:30 30-Jul-2016,Dive,1,Square,17.5,17.5,1599,1601,,,,,,,,,,,,,,
162661,162661,,Transmission,Mk10,1,17:53:30 30-Jul-2016,17:53:40 30-Jul-2016,Surface,,,,,9,11,,,,,,,,,,,,,10,0
162661,162661,,Transmission,Mk10,1,17:53:40 30-Jul-2016,17:59:30 30-Jul-2016,Dive,1,U,5.0,5.0,349,351,,,,,,,,,,,,,,
162661,162661,,Transmission,Mk10,1,17:59:30 30-Jul-2016,17:59:40 30-Jul-2016,Surface,,,,,9,11,,,,,,,,,,,,,10,0
162661,162661,,Transmission,Mk10,1,17:59:40 30-Jul-2016,18:10:50 30-Jul-2016,Dive,1,Square,17.5,17.5,669,671,,,,,,,,,,,,,,
162661,162661,,Transmission,Mk10,1,18:10:50 30-Jul-2016,18:11:00 30-Jul-2016,Surface,,,,,9,11,,,,,,,,,,,,,10,0
162661,162661,,Transmission,Mk10,1,18:11:00 30-Jul-2016,18:25:20 30-Jul-2016,Dive,1,Square,18.0,18.0,859,861,,,,,,,,,,,,,,
162661,162661,,Transmission,Mk10,1,21:05:00 30-Jul-2016,22:54:00 30-Jul-2016,Message,10,,,,6530.000000,6550.000000,,,,,,,,,,,,,,
162661,162661,,Transmission,Mk10,1,21:05:00 30-Jul-2016,21:05:20 30-Jul-2016,Surface,,,,,19,21,,,,,,,,,,,,,20,0
162661,162661,,Transmission,Mk10,1,21:05:20 30-Jul-2016,21:24:40 30-Jul-2016,Dive,1,Square,17.5,17.5,1159,1161,,,,,,,,,,,,,,
162661,162661,,Transmission,Mk10,1,21:24:40 30-Jul-2016,21:25:20 30-Jul-2016,Surface,,,,,39,41,,,,,,,,,,,,,31,9
162661,162661,,Transmission,Mk10,1,21:25:20 30-Jul-2016,21:52:50 30-Jul-2016,Dive,1,Square,17.5,17.5,1649,1651,,,,,,,,,,,,,,
162661,162661,,Transmission,Mk10,1,21:52:50 30-Jul-2016,21:53:30 30-Jul-2016,Surface,,,,,39,41,,,,,,,,,,,,,31,9
162661,162661,,Transmission,Mk10,1,21:53:30 30-Jul-2016,22:14:30 30-Jul-2016,Dive,1,Square,17.5,17.5,1259,1261,,,,,,,,,,,,,,
162661,162661,,Transmission,Mk10,1,22:14:30 30-Jul-2016,22:15:10 30-Jul-2016,Surface,,,,,39,41,,,,,,,,,,,,,31,9
162661,162661,,Transmission,Mk10,1,22:15:10 30-Jul-2016,22:35:10 30-Jul-2016,Dive,1,Square,18.0,18.0,1199,1201,,,,,,,,,,,,,,
162661,162661,,Transmission,Mk10,1,22:35:10 30-Jul-2016,22:35:30 30-Jul-2016,Surface,,,,,19,21,,,,,,,,,,,,,20,0
162661,162661,,Transmission,Mk10,1,22:35:30 30-Jul-2016,22:54:00 30-Jul-2016,Dive,1,Square,18.0,18.0,1109,1111,,,,,,,,,,,,,,
162661,162661,,Transmission,Mk10,2,03:16:00 31-Jul-2016,05:41:10 31-Jul-2016,Message,9,,,,8701.000000,8719.000000,,,,,,,,,,,,,,
162661,162661,,Transmission,Mk10,2,03:16:00 31-Jul-2016,03:17:30 31-Jul-2016,Surface,,,,,89,91,,,,,,,,,,,,,61,29
162661,162661,,Transmission,Mk10,2,03:17:30 31-Jul-2016,03:58:30 31-Jul-2016,Dive,1,Square,18.0,18.0,2459,2461,,,,,,,,,,,,,,
162661,162661,,Transmission,Mk10,2,03:58:30 31-Jul-2016,04:00:00 31-Jul-2016,Surface,,,,,89,91,,,,,,,,,,,,,73,17
162661,162661,,Transmission,Mk10,2,04:00:00 31-Jul-2016,04:35:00 31-Jul-2016,Dive,1,Square,18.0,18.0,2099,2101,,,,,,,,,,,,,,
162661,162661,,Transmission,Mk10,2,04:35:00 31-Jul-2016,04:36:20 31-Jul-2016,Surface,,,,,79,81,,,,,,,,,,,,,80,0
162661,162661,,Transmission,Mk10,2,04:36:20 31-Jul-2016,05:02:50 31-Jul-2016,Dive,1,Square,18.0,18.0,1589,1591,,,,,,,,,,,,,,
162661,162661,,Transmission,Mk10,2,05:02:50 31-Jul-2016,05:04:00 31-Jul-2016,Surface,,,,,69,71,,,,,,,,,,,,,52,18
162661,162661,,Transmission,Mk10,2,05:04:00 31-Jul-2016,05:40:20 31-Jul-2016,Dive,1,Square,18.0,18.0,2179,2181,,,,,,,,,,,,,,
162661,162661,,Transmission,Mk10,2,05:40:20 31-Jul-2016,05:41:10 31-Jul-2016,Surface,,,,,49,51,,,,,,,,,,,,,50,0
162661,162661,,Transmission,Mk10,1,14:38:00 31-Jul-2016,17:25:40 31-Jul-2016,Message,10,,,,10050.000000,10070.000000,,,,,,,,,,,,,,
162661,162661,,Transmission,Mk10,1,14:38:00 31-Jul-2016,14:38:10 31-Jul-2016,Surface,,,,,9,11,,,,,,,,,,,,,10,0
162661,162661,,Transmission,Mk10,1,14:38:10 31-Jul-2016,14:58:40 31-Jul-2016,Dive,1,Square,23.0,23.0,1229,1231,,,,,,,,,,,,,,
162661,162661,,Transmission,Mk10,1,14:58:40 31-Jul-2016,14:58:50 31-Jul-2016,Surface,,,,,9,11,,,,,,,,,,,,,10,0
162661,162661,,Transmission,Mk10,1,14:58:50 31-Jul-2016,15:46:20 31-Jul-2016,Dive,1,Square,23.5,23.5,2849,2851,,,,,,,,,,,,,,
162661,162661,,Transmission,Mk10,1,15:46:20 31-Jul-2016,15:46:40 31-Jul-2016,Surface,,,,,19,21,,,,,,,,,,,,,20,0
162661,162661,,Transmission,Mk10,1,15:46:40 31-Jul-2016,16:09:20 31-Jul-2016,Dive,1,Square,23.0,23.0,1359,1361,,,,,,,,,,,,,,
162661,162661,,Transmission,Mk10,1,16:09:20 31-Jul-2016,16:09:40 31-Jul-2016,Surface,,,,,19,21,,,,,,,,,,,,,20,0
162661,162661,,Transmission,Mk10,1,16:09:40 31-Jul-2016,16:29:00 31-Jul-2016,Dive,1,Square,23.0,23.0,1159,1161,,,,,,,,,,,,,,
162661,162661,,Transmission,Mk10,1,16:29:00 31-Jul-2016,16:29:30 31-Jul-2016,Surface,,,,,29,31,,,,,,,,,,,,,30,0
162661,162661,,Transmission,Mk10,1,16:29:30 31-Jul-2016,17:25:40 31-Jul-2016,Dive,1,Square,23.0,23.0,3369,3371,,,,,,,,,,,,,,
162661,162661,,Transmission,Mk10,1,17:25:00 31-Jul-2016,18:54:40 31-Jul-2016,Message,10,,,,5370.000000,5390.000000,,,,,,,,,,,,,,
162661,162661,,Transmission,Mk10,1,17:25:00 31-Jul-2016,17:25:10 31-Jul-2016,Surface,,,,,9,11,,,,,,,,,,,,,10,0
162661,162661,,Transmission,Mk10,1,17:25:10 31-Jul-2016,17:43:30 31-Jul-2016,Dive,1,Square,22.5,22.5,1099,1101,,,,,,,,,,,,,,
162661,162661,,Transmission,Mk10,1,17:43:30 31-Jul-2016,17:44:00 31-Jul-2016,Surface,,,,,29,31,,,,,,,,,,,,,30,0
162661,162661,,Transmission,Mk10,1,17:44:00 31-Jul-2016,18:02:40 31-Jul-2016,Dive,1,Square,22.5,22.5,1119,1121,,,,,,,,,,,,,,
162661,162661,,Transmission,Mk10,1,18:02:40 31-Jul-2016,18:03:20 31-Jul-2016,Surface,,,,,39,41,,,,,,,,,,,,,31,9
162661,162661,,Transmission,Mk10,1,18:03:20 31-Jul-2016,18:19:20 31-Jul-2016,Dive,1,Square,22.5,22.5,959,961,,,,,,,,,,,,,,
162661,162661,,Transmission,Mk10,1,18:19:20 31-Jul-2016,18:19:30 31-Jul-2016,Surface,,,,,9,11,,,,,,,,,,,,,10,0
162661,162661,,Transmission,Mk10,1,18:19:30 31-Jul-2016,18:33:20 31-Jul-2016,Dive,1,Square,22.5,22.5,829,831,,,,,,,,,,,,,,
162661,162661,,Transmission,Mk10,1,18:33:20 31-Jul-2016,18:33:30 31-Jul-2016,Surface,,,,,9,11,,,,,,,,,,,,,10,0
162661,162661,,Transmission,Mk10,1,18:33:30 31-Jul-2016,18:54:40 31-Jul-2016,Dive,1,Square,22.5,22.5,1269,1271,,,,,,,,,,,,,,
162661,162661,,Transmission,Mk10,1,18:55:00 31-Jul-2016,20:59:30 31-Jul-2016,Message,10,,,,7460.000000,7480.000000,,,,,,,,,,,,,,
162661,162661,,Transmission,Mk10,1,18:55:00 31-Jul-2016,18:55:10 31-Jul-2016,Surface,,,,,9,11,,,,,,,,,,,,,10,0
162661,162661,,Transmission,Mk10,1,18:55:10 31-Jul-2016,19:15:40 31-Jul-2016,Dive,1,Square,22.5,22.5,1229,1231,,,,,,,,,,,,,,
162661,162661,,Transmission,Mk10,1,19:15:40 31-Jul-2016,19:16:30 31-Jul-2016,Surface,,,,,49,51,,,,,,,,,,,,,21,29
162661,162661,,Transmission,Mk10,1,19:16:30 31-Jul-2016,19:28:20 31-Jul-2016,Dive,1,Square,22.0,22.0,709,711,,,,,,,,,,,,,,
162661,162661,,Transmission,Mk10,1,19:28:20 31-Jul-2016,19:28:30 31-Jul-2016,Surface,,,,,9,11,,,,,,,,,,,,,10,0
162661,162661,,Transmission,Mk10,1,19:28:30 31-Jul-2016,20:10:30 31-Jul-2016,Dive,1,Square,21.5,21.5,2519,2521,,,,,,,,,,,,,,
162661,162661,,Transmission,Mk10,1,20:10:30 31-Jul-2016,20:11:00 31-Jul-2016,Surface,,,,,29,31,,,,,,,,,,,,,30,0
162661,162661,,Transmission,Mk10,1,20:11:00 31-Jul-2016,20:38:50 31-Jul-2016,Dive,1,Square,19.0,19.0,1669,1671,,,,,,,,,,,,,,
162661,162661,,Transmission,Mk10,1,20:38:50 31-Jul-2016,20:39:50 31-Jul-2016,Surface,,,,,59,61,,,,,,,,,,,,,31,29
162661,162661,,Transmission,Mk10,1,20:39:50 31-Jul-2016,20:59:30 31-Jul-2016,Dive,1,Square,17.0,17.0,1179,1181,,,,,,,,,,,,,,
162661,162661,,Transmission,Mk10,3,20:59:00 31-Jul-2016,22:29:30 31-Jul-2016,Message,10,,,,5420.000000,5440.000000,,,,,,,,,,,,,,
162661,162661,,Transmission,Mk10,3,20:59:00 31-Jul-2016,20:59:40 31-Jul-2016,Surface,,,,,39,41,,,,,,,,,,,,,40,0
162661,162661,,Transmission,Mk10,3,20:59:40 31-Jul-2016,21:18:40 31-Jul-2016,Dive,1,Square,18.0,18.0,1139,1141,,,,,,,,,,,,,,
162661,162661,,Transmission,Mk10,3,21:18:40 31-Jul-2016,21:18:50 31-Jul-2016,Surface,,,,,9,11,,,,,,,,,,,,,10,0
162661,162661,,Transmission,Mk10,3,21:18:50 31-Jul-2016,21:43:30 31-Jul-2016,Dive,1,Square,18.0,18.0,1479,1481,,,,,,,,,,,,,,
162661,162661,,Transmission,Mk10,3,21:43:30 31-Jul-2016,21:44:10 31-Jul-2016,Surface,,,,,39,41,,,,,,,,,,,,,31,9
162661,162661,,Transmission,Mk10,3,21:44:10 31-Jul-2016,22:06:30 31-Jul-2016,Dive,1,Square,18.0,18.0,1339,1341,,,,,,,,,,,,,,
162661,162661,,Transmission,Mk10,3,22:06:30 31-Jul-2016,22:06:40 31-Jul-2016,Surface,,,,,9,11,,,,,,,,,,,,,10,0
162661,162661,,Transmission,Mk10,3,22:06:40 31-Jul-2016,22:10:20 31-Jul-2016,Dive,1,Square,18.0,18.0,219,221,,,,,,,,,,,,,,
162661,162661,,Transmission,Mk10,3,22:10:20 31-Jul-2016,22:11:10 31-Jul-2016,Surface,,,,,49,51,,,,,,,,,,,,,40,10
162661,162661,,Transmission,Mk10,3,22:11:10 31-Jul-2016,22:29:30 31-Jul-2016,Dive,1,Square,18.5,18.5,1099,1101,,,,,,,,,,,,,,
162661,162661,,Transmission,Mk10,2,06:48:00 01-Aug-2016,09:58:10 01-Aug-2016,Message,9,,,,11401.000000,11419.000000,,,,,,,,,,,,,,
162661,162661,,Transmission,Mk10,2,06:48:00 01-Aug-2016,06:49:40 01-Aug-2016,Surface,,,,,99,101,,,,,,,,,,,,,52,48
162661,162661,,Transmission,Mk10,2,06:49:40 01-Aug-2016,07:33:30 01-Aug-2016,Dive,1,Square,18.5,18.5,2629,2631,,,,,,,,,,,,,,
162661,162661,,Transmission,Mk10,2,07:33:30 01-Aug-2016,07:35:30 01-Aug-2016,Surface,,,,,119,121,,,,,,,,,,,,,93,27
162661,162661,,Transmission,Mk10,2,07:35:30 01-Aug-2016,08:21:00 01-Aug-2016,Dive,1,Square,18.5,18.5,2729,2731,,,,,,,,,,,,,,
162661,162661,,Transmission,Mk10,2,08:21:00 01-Aug-2016,08:22:10 01-Aug-2016,Surface,,,,,69,71,,,,,,,,,,,,,41,29
162661,162661,,Transmission,Mk10,2,08:22:10 01-Aug-2016,09:08:10 01-Aug-2016,Dive,1,Square,18.5,18.5,2759,2761,,,,,,,,,,,,,,
162661,162661,,Transmission,Mk10,2,09:08:10 01-Aug-2016,09:09:40 01-Aug-2016,Surface,,,,,89,91,,,,,,,,,,,,,52,38
162661,162661,,Transmission,Mk10,2,09:09:40 01-Aug-2016,09:56:40 01-Aug-2016,Dive,1,Square,18.5,18.5,2819,2821,,,,,,,,,,,,,,
162661,162661,,Transmission,Mk10,2,09:56:40 01-Aug-2016,09:58:10 01-Aug-2016,Surface,,,,,89,91,,,,,,,,,,,,,61,29
162661,162661,,Transmission,Mk10,1,19:03:00 01-Aug-2016,21:37:20 01-Aug-2016,Message,10,,,,9250.000000,9270.000000,,,,,,,,,,,,,,
162661,162661,,Transmission,Mk10,1,19:03:00 01-Aug-2016,20:05:00 01-Aug-2016,Dive,1,Square,18.0,18.0,3719,3721,,,,,,,,,,,,,,
162661,162661,,Transmission,Mk10,1,20:05:00 01-Aug-2016,20:05:30 01-Aug-2016,Surface,,,,,29,31,,,,,,,,,,,,,20,10
162661,162661,,Transmission,Mk10,1,20:05:30 01-Aug-2016,20:30:00 01-Aug-2016,Dive,1,Square,18.0,18.0,1469,1471,,,,,,,,,,,,,,
162661,162661,,Transmission,Mk10,1,20:30:00 01-Aug-2016,20:30:40 01-Aug-2016,Surface,,,,,39,41,,,,,,,,,,,,,21,19
162661,162661,,Transmission,Mk10,1,20:30:40 01-Aug-2016,20:56:10 01-Aug-2016,Dive,1,Square,18.0,18.0,1529,1531,,,,,,,,,,,,,,
162661,162661,,Transmission,Mk10,1,20:56:10 01-Aug-2016,20:56:20 01-Aug-2016,Surface,,,,,9,11,,,,,,,,,,,,,10,0
162661,162661,,Transmission,Mk10,1,20:56:20 01-Aug-2016,21:16:00 01-Aug-2016,Dive,1,Square,18.0,18.0,1179,1181,,,,,,,,,,,,,,
162661,162661,,Transmission,Mk10,1,21:16:00 01-Aug-2016,21:16:10 01-Aug-2016,Surface,,,,,9,11,,,,,,,,,,,,,10,0
162661,162661,,Transmission,Mk10,1,21:16:10 01-Aug-2016,21:37:10 01-Aug-2016,Dive,1,Square,18.0,18.0,1259,1261,,,,,,,,,,,,,,
162661,162661,,Transmission,Mk10,1,21:37:10 01-Aug-2016,21:37:20 01-Aug-2016,Surface,,,,,9,11,,,,,,,,,,,,,10,0
162661,162661,,Transmission,Mk10,1,11:43:00 02-Aug-2016,14:03:00 02-Aug-2016,Message,10,,,,8390.000000,8410.000000,,,,,,,,,,,,,,
162661,162661,,Transmission,Mk10,1,11:43:00 02-Aug-2016,11:43:40 02-Aug-2016,Surface,,,,,39,41,,,,,,,,,,,,,21,19
162661,162661,,Transmission,Mk10,1,11:43:40 02-Aug-2016,12:23:40 02-Aug-2016,Dive,1,Square,18.0,18.0,2399,2401,,,,,,,,,,,,,,
162661,162661,,Transmission,Mk10,1,12:23:40 02-Aug-2016,12:23:50 02-Aug-2016,Surface,,,,,9,11,,,,,,,,,,,,,10,0
162661,162661,,Transmission,Mk10,1,12:23:50 02-Aug-2016,12:53:50 02-Aug-2016,Dive,1,Square,18.5,18.5,1799,1801,,,,,,,,,,,,,,
162661,162661,,Transmission,Mk10,1,12:53:50 02-Aug-2016,12:54:00 02-Aug-2016,Surface,,,,,9,11,,,,,,,,,,,,,10,0
162661,162661,,Transmission,Mk10,1,12:54:00 02-Aug-2016,12:54:30 02-Aug-2016,Dive,1,Unknown,3.0,3.0,29,31,,,,,,,,,,,,,,
162661,162661,,Transmission,Mk10,1,12:54:30 02-Aug-2016,12:54:40 02-Aug-2016,Surface,,,,,9,11,,,,,,,,,,,,,10,0
162661,162661,,Transmission,Mk10,1,12:54:40 02-Aug-2016,14:00:00 02-Aug-2016,Dive,1,Square,19.5,19.5,3919,3921,,,,,,,,,,,,,,
162661,162661,,Transmission,Mk10,1,14:00:00 02-Aug-2016,14:00:20 02-Aug-2016,Surface,,,,,19,21,,,,,,,,,,,,,20,0
162661,162661,,Transmission,Mk10,1,14:00:20 02-Aug-2016,14:03:00 02-Aug-2016,Dive,1,Square,19.0,19.0,159,161,,,,,,,,,,,,,,
162661,162661,,Transmission,Mk10,1,18:01:00 02-Aug-2016,20:16:40 02-Aug-2016,Message,10,,,,8130.000000,8150.000000,,,,,,,,,,,,,,
162661,162661,,Transmission,Mk10,1,18:01:00 02-Aug-2016,18:01:40 02-Aug-2016,Surface,,,,,39,41,,,,,,,,,,,,,40,0
162661,162661,,Transmission,Mk10,1,18:01:40 02-Aug-2016,18:28:10 02-Aug-2016,Dive,1,Square,19.5,19.5,1589,1591,,,,,,,,,,,,,,
162661,162661,,Transmission,Mk10,1,18:28:10 02-Aug-2016,18:28:20 02-Aug-2016,Surface,,,,,9,11,,,,,,,,,,,,,10,0
162661,162661,,Transmission,Mk10,1,18:28:20 02-Aug-2016,18:53:00 02-Aug-2016,Dive,1,Square,19.0,19.0,1479,1481,,,,,,,,,,,,,,
162661,162661,,Transmission,Mk10,1,18:53:00 02-Aug-2016,18:53:10 02-Aug-2016,Surface,,,,,9,11,,,,,,,,,,,,,10,0
162661,162661,,Transmission,Mk10,1,18:53:10 02-Aug-2016,19:17:40 02-Aug-2016,Dive,1,Square,19.0,19.0,1469,1471,,,,,,,,,,,,,,
162661,162661,,Transmission,Mk10,1,19:17:40 02-Aug-2016,19:18:50 02-Aug-2016,Surface,,,,,69,71,,,,,,,,,,,,,32,38
162661,162661,,Transmission,Mk10,1,19:18:50 02-Aug-2016,20:01:20 02-Aug-2016,Dive,1,Square,18.0,18.0,2549,2551,,,,,,,,,,,,,,
162661,162661,,Transmission,Mk10,1,20:01:20 02-Aug-2016,20:01:30 02-Aug-2016,Surface,,,,,9,11,,,,,,,,,,,,,10,0
162661,162661,,Transmission,Mk10,1,20:01:30 02-Aug-2016,20:16:40 02-Aug-2016,Dive,1,Square,17.5,17.5,909,911,,,,,,,,,,,,,,
162661,162661,,Transmission,Mk10,1,11:54:00 04-Aug-2016,15:17:40 04-Aug-2016,Message,10,,,,12210.000000,12230.000000,,,,,,,,,,,,,,
162661,162661,,Transmission,Mk10,1,11:54:00 04-Aug-2016,11:55:40 04-Aug-2016,Surface,,,,,99,101,,,,,,,,,,,,,23,77
162661,162661,,Transmission,Mk10,1,11:55:40 04-Aug-2016,13:40:30 04-Aug-2016,Dive,1,Square,15.5,15.5,6289,6291,,,,,,,,,,,,,,
162661,162661,,Transmission,Mk10,1,13:40:30 04-Aug-2016,13:40:40 04-Aug-2016,Surface,,,,,9,11,,,,,,,,,,,,,10,0
162661,162661,,Transmission,Mk10,1,13:40:40 04-Aug-2016,13:52:40 04-Aug-2016,Dive,1,U,6.0,6.0,719,721,,,,,,,,,,,,,,
162661,162661,,Transmission,Mk10,1,13:52:40 04-Aug-2016,13:52:50 04-Aug-2016,Surface,,,,,9,11,,,,,,,,,,,,,10,0
162661,162661,,Transmission,Mk10,1,13:52:50 04-Aug-2016,14:39:10 04-Aug-2016,Dive,1,Square,17.0,17.0,2779,2781,,,,,,,,,,,,,,
162661,162661,,Transmission,Mk10,1,14:39:10 04-Aug-2016,14:39:20 04-Aug-2016,Surface,,,,,9,11,,,,,,,,,,,,,10,0
162661,162661,,Transmission,Mk10,1,14:39:20 04-Aug-2016,15:17:00 04-Aug-2016,Dive,1,Square,16.5,16.5,2259,2261,,,,,,,,,,,,,,
162661,162661,,Transmission,Mk10,1,15:17:00 04-Aug-2016,15:17:10 04-Aug-2016,Surface,,,,,9,11,,,,,,,,,,,,,10,0
162661,162661,,Transmission,Mk10,1,15:17:10 04-Aug-2016,15:17:40 04-Aug-2016,Dive,1,Unknown,2.0,2.0,29,31,,,,,,,,,,,,,,
162661,162661,,Transmission,Mk10,1,11:02:00 05-Aug-2016,14:26:20 05-Aug-2016,Message,10,,,,12250.000000,12270.000000,,,,,,,,,,,,,,
162661,162661,,Transmission,Mk10,1,11:02:00 05-Aug-2016,11:02:10 05-Aug-2016,Surface,,,,,9,11,,,,,,,,,,,,,10,0
162661,162661,,Transmission,Mk10,1,11:02:10 05-Aug-2016,11:26:10 05-Aug-2016,Dive,1,Square,15.0,15.0,1439,1441,,,,,,,,,,,,,,
162661,162661,,Transmission,Mk10,1,11:26:10 05-Aug-2016,11:26:20 05-Aug-2016,Surface,,,,,9,11,,,,,,,,,,,,,10,0
162661,162661,,Transmission,Mk10,1,11:26:20 05-Aug-2016,11:52:30 05-Aug-2016,Dive,1,Square,17.0,17.0,1569,1571,,,,,,,,,,,,,,
162661,162661,,Transmission,Mk10,1,11:52:30 05-Aug-2016,11:52:40 05-Aug-2016,Surface,,,,,9,11,,,,,,,,,,,,,10,0
162661,162661,,Transmission,Mk10,1,11:52:40 05-Aug-2016,12:02:00 05-Aug-2016,Dive,1,Square,17.0,17.0,559,561,,,,,,,,,,,,,,
162661,162661,,Transmission,Mk10,1,12:02:00 05-Aug-2016,12:02:10 05-Aug-2016,Surface,,,,,9,11,,,,,,,,,,,,,10,0
162661,162661,,Transmission,Mk10,1,12:02:10 05-Aug-2016,13:14:10 05-Aug-2016,Dive,1,U,39.5,40.0,4319,4321,,,,,,,,,,,,,,
162661,162661,,Transmission,Mk10,1,13:14:10 05-Aug-2016,13:14:20 05-Aug-2016,Surface,,,,,9,11,,,,,,,,,,,,,10,0
162661,162661,,Transmission,Mk10,1,13:14:20 05-Aug-2016,14:26:20 05-Aug-2016,Dive,1,Square,35.5,36.0,4319,4321,,,,,,,,,,,,,,
162661,162661,,Transmission,Mk10,2,14:37:00 06-Aug-2016,17:39:40 06-Aug-2016,Message,10,,,,10950.000000,10970.000000,,,,,,,,,,,,,,
162661,162661,,Transmission,Mk10,2,14:37:00 06-Aug-2016,14:37:20 06-Aug-2016,Surface,,,,,19,21,,,,,,,,,,,,,20,0
162661,162661,,Transmission,Mk10,2,14:37:20 06-Aug-2016,15:21:40 06-Aug-2016,Dive,1,Square,9.5,9.5,2659,2661,,,,,,,,,,,,,,
162661,162661,,Transmission,Mk10,2,15:21:40 06-Aug-2016,15:21:50 06-Aug-2016,Surface,,,,,9,11,,,,,,,,,,,,,10,0
162661,162661,,Transmission,Mk10,2,15:21:50 06-Aug-2016,15:24:20 06-Aug-2016,Dive,1,U,13.5,13.5,149,151,,,,,,,,,,,,,,
162661,162661,,Transmission,Mk10,2,15:24:20 06-Aug-2016,15:24:30 06-Aug-2016,Surface,,,,,9,11,,,,,,,,,,,,,10,0
162661,162661,,Transmission,Mk10,2,15:24:30 06-Aug-2016,15:45:00 06-Aug-2016,Dive,1,V,16.5,16.5,1229,1231,,,,,,,,,,,,,,
162661,162661,,Transmission,Mk10,2,15:45:00 06-Aug-2016,15:45:30 06-Aug-2016,Surface,,,,,29,31,,,,,,,,,,,,,30,0
162661,162661,,Transmission,Mk10,2,15:45:30 06-Aug-2016,17:10:40 06-Aug-2016,Dive,1,Square,33.5,34.0,5109,5111,,,,,,,,,,,,,,
162661,162661,,Transmission,Mk10,2,17:10:40 06-Aug-2016,17:11:20 06-Aug-2016,Surface,,,,,39,41,,,,,,,,,,,,,21,19
162661,162661,,Transmission,Mk10,2,17:11:20 06-Aug-2016,17:39:40 06-Aug-2016,Dive,1,Square,29.5,30.0,1699,1701,,,,,,,,,,,,,,
162661,162661,,Transmission,Mk10,1,18:07:00 09-Aug-2016,19:19:00 09-Aug-2016,Message,10,,,,4310.000000,4330.000000,,,,,,,,,,,,,,
162661,162661,,Transmission,Mk10,1,18:07:00 09-Aug-2016,18:51:30 09-Aug-2016,Dive,1,Square,4.5,4.5,2669,2671,,,,,,,,,,,,,,
162661,162661,,Transmission,Mk10,1,18:51:30 09-Aug-2016,18:51:40 09-Aug-2016,Surface,,,,,9,11,,,,,,,,,,,,,10,0
162661,162661,,Transmission,Mk10,1,18:51:40 09-Aug-2016,19:03:20 09-Aug-2016,Dive,1,Square,4.5,4.5,699,701,,,,,,,,,,,,,,
162661,162661,,Transmission,Mk10,1,19:03:20 09-Aug-2016,19:03:30 09-Aug-2016,Surface,,,,,9,11,,,,,,,,,,,,,10,0
162661,162661,,Transmission,Mk10,1,19:03:30 09-Aug-2016,19:10:50 09-Aug-2016,Dive,1,Square,4.5,4.5,439,441,,,,,,,,,,,,,,
162661,162661,,Transmission,Mk10,1,19:10:50 09-Aug-2016,19:11:00 09-Aug-2016,Surface,,,,,9,11,,,,,,,,,,,,,10,0
162661,162661,,Transmission,Mk10,1,19:11:00 09-Aug-2016,19:17:20 09-Aug-2016,Dive,1,Square,4.5,4.5,379,381,,,,,,,,,,,,,,
162661,162661,,Transmission,Mk10,1,19:17:20 09-Aug-2016,19:17:30 09-Aug-2016,Surface,,,,,9,11,,,,,,,,,,,,,10,0
162661,162661,,Transmission,Mk10,1,19:17:30 09-Aug-2016,19:18:50 09-Aug-2016,Dive,1,Square,3.5,3.5,79,81,,,,,,,,,,,,,,
162661,162661,,Transmission,Mk10,1,19:18:50 09-Aug-2016,19:19:00 09-Aug-2016,Surface,,,,,9,11,,,,,,,,,,,,,10,0
162661,162661,,Transmission,Mk10,1,15:40:00 10-Aug-2016,17:53:10 10-Aug-2016,Message,10,,,,7980.000000,8000.000000,,,,,,,,,,,,,,
162661,162661,,Transmission,Mk10,1,15:40:00 10-Aug-2016,15:57:00 10-Aug-2016,Dive,1,Square,4.5,4.5,1019,1021,,,,,,,,,,,,,,
162661,162661,,Transmission,Mk10,1,15:57:00 10-Aug-2016,15:57:10 10-Aug-2016,Surface,,,,,9,11,,,,,,,,,,,,,10,0
162661,162661,,Transmission,Mk10,1,15:57:10 10-Aug-2016,16:02:40 10-Aug-2016,Dive,1,Square,4.0,4.0,329,331,,,,,,,,,,,,,,
162661,162661,,Transmission,Mk10,1,16:02:40 10-Aug-2016,16:02:50 10-Aug-2016,Surface,,,,,9,11,,,,,,,,,,,,,10,0
162661,162661,,Transmission,Mk10,1,16:02:50 10-Aug-2016,16:37:20 10-Aug-2016,Dive,1,Square,4.5,4.5,2069,2071,,,,,,,,,,,,,,
162661,162661,,Transmission,Mk10,1,16:37:20 10-Aug-2016,16:37:40 10-Aug-2016,Surface,,,,,19,21,,,,,,,,,,,,,20,0
162661,162661,,Transmission,Mk10,1,16:37:40 10-Aug-2016,17:15:20 10-Aug-2016,Dive,1,Square,4.5,4.5,2259,2261,,,,,,,,,,,,,,
162661,162661,,Transmission,Mk10,1,17:15:20 10-Aug-2016,17:15:30 10-Aug-2016,Surface,,,,,9,11,,,,,,,,,,,,,10,0
162661,162661,,Transmission,Mk10,1,17:15:30 10-Aug-2016,17:53:00 10-Aug-2016,Dive,1,Square,4.5,4.5,2249,2251,,,,,,,,,,,,,,
162661,162661,,Transmission,Mk10,1,17:53:00 10-Aug-2016,17:53:10 10-Aug-2016,Surface,,,,,9,11,,,,,,,,,,,,,10,0
162661,162661,,Transmission,Mk10,1,04:32:00 11-Aug-2016,07:19:40 11-Aug-2016,Message,9,,,,10051.000000,10069.000000,,,,,,,,,,,,,,
162661,162661,,Transmission,Mk10,1,04:32:00 11-Aug-2016,05:08:40 11-Aug-2016,Dive,1,Square,14.0,14.0,2199,2201,,,,,,,,,,,,,,
162661,162661,,Transmission,Mk10,1,05:08:40 11-Aug-2016,05:11:20 11-Aug-2016,Surface,,,,,159,161,,,,,,,,,,,,,83,77
162661,162661,,Transmission,Mk10,1,05:11:20 11-Aug-2016,05:48:40 11-Aug-2016,Dive,1,Square,13.0,13.0,2239,2241,,,,,,,,,,,,,,
162661,162661,,Transmission,Mk10,1,05:48:40 11-Aug-2016,05:48:50 11-Aug-2016,Surface,,,,,9,11,,,,,,,,,,,,,10,0
162661,162661,,Transmission,Mk10,1,05:48:50 11-Aug-2016,06:28:50 11-Aug-2016,Dive,1,Square,14.0,14.0,2399,2401,,,,,,,,,,,,,,
162661,162661,,Transmission,Mk10,1,06:28:50 11-Aug-2016,06:29:50 11-Aug-2016,Surface,,,,,59,61,,,,,,,,,,,,,31,29
162661,162661,,Transmission,Mk10,1,06:29:50 11-Aug-2016,07:00:00 11-Aug-2016,Dive,1,Square,16.0,16.0,1809,1811,,,,,,,,,,,,,,
162661,162661,,Transmission,Mk10,1,07:00:00 11-Aug-2016,07:01:40 11-Aug-2016,Surface,,,,,99,101,,,,,,,,,,,,,81,19
162661,162661,,Transmission,Mk10,1,07:01:40 11-Aug-2016,07:19:40 11-Aug-2016,Dive,1,U,19.5,19.5,1079,1081,,,,,,,,,,,,,,
162661,162661,,Transmission,Mk10,2,11:37:00 11-Aug-2016,14:33:10 11-Aug-2016,Message,10,,,,10560.000000,10580.000000,,,,,,,,,,,,,,
162661,162661,,Transmission,Mk10,2,11:37:00 11-Aug-2016,11:37:10 11-Aug-2016,Surface,,,,,9,11,,,,,,,,,,,,,10,0
162661,162661,,Transmission,Mk10,2,11:37:10 11-Aug-2016,12:06:20 11-Aug-2016,Dive,1,Square,6.5,6.5,1749,1751,,,,,,,,,,,,,,
162661,162661,,Transmission,Mk10,2,12:06:20 11-Aug-2016,12:06:30 11-Aug-2016,Surface,,,,,9,11,,,,,,,,,,,,,10,0
162661,162661,,Transmission,Mk10,2,12:06:30 11-Aug-2016,12:19:00 11-Aug-2016,Dive,1,Square,6.5,6.5,749,751,,,,,,,,,,,,,,
162661,162661,,Transmission,Mk10,2,12:19:00 11-Aug-2016,12:19:10 11-Aug-2016,Surface,,,,,9,11,,,,,,,,,,,,,10,0
162661,162661,,Transmission,Mk10,2,12:19:10 11-Aug-2016,13:37:50 11-Aug-2016,Dive,1,U,6.5,6.5,4719,4721,,,,,,,,,,,,,,
162661,162661,,Transmission,Mk10,2,13:37:50 11-Aug-2016,13:38:00 11-Aug-2016,Surface,,,,,9,11,,,,,,,,,,,,,10,0
162661,162661,,Transmission,Mk10,2,13:38:00 11-Aug-2016,14:07:20 11-Aug-2016,Dive,1,Square,5.0,5.0,1759,1761,,,,,,,,,,,,,,
162661,162661,,Transmission,Mk10,2,14:07:20 11-Aug-2016,14:07:30 11-Aug-2016,Surface,,,,,9,11,,,,,,,,,,,,,10,0
162661,162661,,Transmission,Mk10,2,14:07:30 11-Aug-2016,14:33:10 11-Aug-2016,Dive,1,Square,4.5,4.5,1539,1541,,,,,,,,,,,,,,
162661,162661,,Transmission,Mk10,1,04:59:00 14-Aug-2016,09:20:00 14-Aug-2016,Message,9,,,,15651.000000,15669.000000,,,,,,,,,,,,,,
162661,162661,,Transmission,Mk10,1,04:59:00 14-Aug-2016,06:42:50 14-Aug-2016,Dive,1,Square,4.5,4.5,6229,6231,,,,,,,,,,,,,,
162661,162661,,Transmission,Mk10,1,06:42:50 14-Aug-2016,06:43:00 14-Aug-2016,Surface,,,,,9,11,,,,,,,,,,,,,10,0
162661,162661,,Transmission,Mk10,1,06:43:00 14-Aug-2016,06:57:40 14-Aug-2016,Dive,1,Square,4.0,4.0,879,881,,,,,,,,,,,,,,
162661,162661,,Transmission,Mk10,1,06:57:40 14-Aug-2016,06:57:50 14-Aug-2016,Surface,,,,,9,11,,,,,,,,,,,,,10,0
162661,162661,,Transmission,Mk10,1,06:57:50 14-Aug-2016,07:46:50 14-Aug-2016,Dive,1,Square,4.0,4.0,2939,2941,,,,,,,,,,,,,,
162661,162661,,Transmission,Mk10,1,07:46:50 14-Aug-2016,07:47:00 14-Aug-2016,Surface,,,,,9,11,,,,,,,,,,,,,10,0
162661,162661,,Transmission,Mk10,1,07:47:00 14-Aug-2016,08:01:50 14-Aug-2016,Dive,1,Square,4.5,4.5,889,891,,,,,,,,,,,,,,
162661,162661,,Transmission,Mk10,1,08:01:50 14-Aug-2016,08:02:00 14-Aug-2016,Surface,,,,,9,11,,,,,,,,,,,,,10,0
162661,162661,,Transmission,Mk10,1,08:02:00 14-Aug-2016,09:20:00 14-Aug-2016,Dive,1,Square,4.5,4.5,4679,4681,,,,,,,,,,,,,,
162661,162661,,Transmission,Mk10,1,03:04:00 15-Aug-2016,05:52:50 15-Aug-2016,Message,9,,,,10121.000000,10139.000000,,,,,,,,,,,,,,
162661,162661,,Transmission,Mk10,1,03:04:00 15-Aug-2016,03:05:40 15-Aug-2016,Surface,,,,,99,101,,,,,,,,,,,,,71,29
162661,162661,,Transmission,Mk10,1,03:05:40 15-Aug-2016,03:43:30 15-Aug-2016,Dive,1,Square,18.5,18.5,2269,2271,,,,,,,,,,,,,,
162661,162661,,Transmission,Mk10,1,03:43:30 15-Aug-2016,03:46:20 15-Aug-2016,Surface,,,,,169,171,,,,,,,,,,,,,104,66
162661,162661,,Transmission,Mk10,1,03:46:20 15-Aug-2016,04:26:00 15-Aug-2016,Dive,1,Square,19.5,19.5,2379,2381,,,,,,,,,,,,,,
162661,162661,,Transmission,Mk10,1,04:26:00 15-Aug-2016,04:29:20 15-Aug-2016,Surface,,,,,199,201,,,,,,,,,,,,,71,129
162661,162661,,Transmission,Mk10,1,04:29:20 15-Aug-2016,05:09:30 15-Aug-2016,Dive,1,Square,18.5,18.5,2409,2411,,,,,,,,,,,,,,
162661,162661,,Transmission,Mk10,1,05:09:30 15-Aug-2016,05:11:40 15-Aug-2016,Surface,,,,,129,131,,,,,,,,,,,,,63,67
162661,162661,,Transmission,Mk10,1,05:11:40 15-Aug-2016,05:52:10 15-Aug-2016,Dive,1,Square,18.5,18.5,2429,2431,,,,,,,,,,,,,,
162661,162661,,Transmission,Mk10,1,05:52:10 15-Aug-2016,05:52:50 15-Aug-2016,Surface,,,,,39,41,,,,,,,,,,,,,31,9
162661,162661,,Transmission,Mk10,1,05:52:00 15-Aug-2016,09:13:50 15-Aug-2016,Message,9,,,,12101.000000,12119.000000,,,,,,,,,,,,,,
162661,162661,,Transmission,Mk10,1,05:52:00 15-Aug-2016,06:32:10 15-Aug-2016,Dive,1,Square,19.5,19.5,2409,2411,,,,,,,,,,,,,,
162661,162661,,Transmission,Mk10,1,06:32:10 15-Aug-2016,06:34:20 15-Aug-2016,Surface,,,,,129,131,,,,,,,,,,,,,34,96
162661,162661,,Transmission,Mk10,1,06:34:20 15-Aug-2016,07:19:00 15-Aug-2016,Dive,1,Square,19.5,19.5,2679,2681,,,,,,,,,,,,,,
162661,162661,,Transmission,Mk10,1,07:19:00 15-Aug-2016,07:19:10 15-Aug-2016,Surface,,,,,9,11,,,,,,,,,,,,,10,0
162661,162661,,Transmission,Mk10,1,07:19:10 15-Aug-2016,07:51:20 15-Aug-2016,Dive,1,Square,19.5,19.5,1929,1931,,,,,,,,,,,,,,
162661,162661,,Transmission,Mk10,1,07:51:20 15-Aug-2016,07:52:00 15-Aug-2016,Surface,,,,,39,41,,,,,,,,,,,,,31,9
162661,162661,,Transmission,Mk10,1,07:52:00 15-Aug-2016,08:37:10 15-Aug-2016,Dive,1,Square,18.5,18.5,2709,2711,,,,,,,,,,,,,,
162661,162661,,Transmission,Mk10,1,08:37:10 15-Aug-2016,08:37:20 15-Aug-2016,Surface,,,,,9,11,,,,,,,,,,,,,10,0
162661,162661,,Transmission,Mk10,1,08:37:20 15-Aug-2016,09:13:50 15-Aug-2016,Dive,1,Square,17.5,17.5,2189,2191,,,,,,,,,,,,,,
162661,162661,,Transmission,Mk10,1,02:01:00 18-Aug-2016,04:31:10 18-Aug-2016,Message,9,,,,9001.000000,9019.000000,,,,,,,,,,,,,,
162661,162661,,Transmission,Mk10,1,02:01:00 18-Aug-2016,02:03:20 18-Aug-2016,Surface,,,,,139,141,,,,,,,,,,,,,63,77
162661,162661,,Transmission,Mk10,1,02:03:20 18-Aug-2016,02:38:10 18-Aug-2016,Dive,1,Square,19.5,19.5,2089,2091,,,,,,,,,,,,,,
162661,162661,,Transmission,Mk10,1,02:38:10 18-Aug-2016,02:40:20 18-Aug-2016,Surface,,,,,129,131,,,,,,,,,,,,,84,46
162661,162661,,Transmission,Mk10,1,02:40:20 18-Aug-2016,03:14:40 18-Aug-2016,Dive,1,Square,19.0,19.0,2059,2061,,,,,,,,,,,,,,
162661,162661,,Transmission,Mk10,1,03:14:40 18-Aug-2016,03:14:50 18-Aug-2016,Surface,,,,,9,11,,,,,,,,,,,,,10,0
162661,162661,,Transmission,Mk10,1,03:14:50 18-Aug-2016,03:48:30 18-Aug-2016,Dive,1,Square,19.5,19.5,2019,2021,,,,,,,,,,,,,,
162661,162661,,Transmission,Mk10,1,03:48:30 18-Aug-2016,03:50:50 18-Aug-2016,Surface,,,,,139,141,,,,,,,,,,,,,104,36
162661,162661,,Transmission,Mk10,1,03:50:50 18-Aug-2016,04:28:00 18-Aug-2016,Dive,1,Square,20.0,20.0,2229,2231,,,,,,,,,,,,,,
162661,162661,,Transmission,Mk10,1,04:28:00 18-Aug-2016,04:31:10 18-Aug-2016,Surface,,,,,189,191,,,,,,,,,,,,,104,86
162661,162661,,Transmission,Mk10,1,20:29:00 18-Aug-2016,23:29:00 18-Aug-2016,Message,10,,,,10790.000000,10810.000000,,,,,,,,,,,,,,
162661,162661,,Transmission,Mk10,1,20:29:00 18-Aug-2016,20:29:10 18-Aug-2016,Surface,,,,,9,11,,,,,,,,,,,,,10,0
162661,162661,,Transmission,Mk10,1,20:29:10 18-Aug-2016,20:39:10 18-Aug-2016,Dive,1,Square,4.5,4.5,599,601,,,,,,,,,,,,,,
162661,162661,,Transmission,Mk10,1,20:39:10 18-Aug-2016,20:39:20 18-Aug-2016,Surface,,,,,9,11,,,,,,,,,,,,,10,0
162661,162661,,Transmission,Mk10,1,20:39:20 18-Aug-2016,20:46:50 18-Aug-2016,Dive,1,Square,5.0,5.0,449,451,,,,,,,,,,,,,,
162661,162661,,Transmission,Mk10,1,20:46:50 18-Aug-2016,20:47:00 18-Aug-2016,Surface,,,,,9,11,,,,,,,,,,,,,10,0
162661,162661,,Transmission,Mk10,1,20:47:00 18-Aug-2016,20:54:30 18-Aug-2016,Dive,1,Square,4.5,4.5,449,451,,,,,,,,,,,,,,
162661,162661,,Transmission,Mk10,1,20:54:30 18-Aug-2016,20:54:50 18-Aug-2016,Surface,,,,,19,21,,,,,,,,,,,,,20,0
162661,162661,,Transmission,Mk10,1,20:54:50 18-Aug-2016,22:45:50 18-Aug-2016,Dive,1,Square,6.0,6.0,6659,6661,,,,,,,,,,,,,,
162661,162661,,Transmission,Mk10,1,22:45:50 18-Aug-2016,22:46:00 18-Aug-2016,Surface,,,,,9,11,,,,,,,,,,,,,10,0
162661,162661,,Transmission,Mk10,1,22:46:00 18-Aug-2016,23:29:00 18-Aug-2016,Dive,1,Square,7.5,7.5,2579,2581,,,,,,,,,,,,,,
162661,162661,,Transmission,Mk10,1,00:59:00 20-Aug-2016,03:12:50 20-Aug-2016,Message,10,,,,8020.000000,8040.000000,,,,,,,,,,,,,,
162661,162661,,Transmission,Mk10,1,00:59:00 20-Aug-2016,01:09:10 20-Aug-2016,Dive,1,Square,18.5,18.5,609,611,,,,,,,,,,,,,,
162661,162661,,Transmission,Mk10,1,01:09:10 20-Aug-2016,01:09:50 20-Aug-2016,Surface,,,,,39,41,,,,,,,,,,,,,31,9
162661,162661,,Transmission,Mk10,1,01:09:50 20-Aug-2016,01:45:20 20-Aug-2016,Dive,1,Square,20.0,20.0,2129,2131,,,,,,,,,,,,,,
162661,162661,,Transmission,Mk10,1,01:45:20 20-Aug-2016,01:46:40 20-Aug-2016,Surface,,,,,79,81,,,,,,,,,,,,,41,39
162661,162661,,Transmission,Mk10,1,01:46:40 20-Aug-2016,01:48:20 20-Aug-2016,Dive,1,U,18.0,18.0,99,101,,,,,,,,,,,,,,
162661,162661,,Transmission,Mk10,1,01:48:20 20-Aug-2016,01:49:50 20-Aug-2016,Surface,,,,,89,91,,,,,,,,,,,,,61,29
162661,162661,,Transmission,Mk10,1,01:49:50 20-Aug-2016,02:31:20 20-Aug-2016,Dive,1,Square,19.5,19.5,2489,2491,,,,,,,,,,,,,,
162661,162661,,Transmission,Mk10,1,02:31:20 20-Aug-2016,02:33:50 20-Aug-2016,Surface,,,,,149,151,,,,,,,,,,,,,102,48
162661,162661,,Transmission,Mk10,1,02:33:50 20-Aug-2016,03:11:00 20-Aug-2016,Dive,1,Square,19.5,19.5,2229,2231,,,,,,,,,,,,,,
162661,162661,,Transmission,Mk10,1,03:11:00 20-Aug-2016,03:12:50 20-Aug-2016,Surface,,,,,109,111,,,,,,,,,,,,,32,78
162661,162661,,Transmission,Mk10,1,14:29:00 20-Aug-2016,18:38:50 20-Aug-2016,Message,9,,,,14981.000000,14999.000000,,,,,,,,,,,,,,
162661,162661,,Transmission,Mk10,1,14:29:00 20-Aug-2016,15:07:10 20-Aug-2016,Dive,1,Square,5.0,5.0,2289,2291,,,,,,,,,,,,,,
162661,162661,,Transmission,Mk10,1,15:07:10 20-Aug-2016,15:07:30 20-Aug-2016,Surface,,,,,19,21,,,,,,,,,,,,,20,0
162661,162661,,Transmission,Mk10,1,15:07:30 20-Aug-2016,16:19:20 20-Aug-2016,Dive,1,Square,4.5,4.5,4309,4311,,,,,,,,,,,,,,
162661,162661,,Transmission,Mk10,1,16:19:20 20-Aug-2016,16:19:30 20-Aug-2016,Surface,,,,,9,11,,,,,,,,,,,,,10,0
162661,162661,,Transmission,Mk10,1,16:19:30 20-Aug-2016,17:06:50 20-Aug-2016,Dive,1,Square,4.5,4.5,2839,2841,,,,,,,,,,,,,,
162661,162661,,Transmission,Mk10,1,17:06:50 20-Aug-2016,17:07:00 20-Aug-2016,Surface,,,,,9,11,,,,,,,,,,,,,10,0
162661,162661,,Transmission,Mk10,1,17:07:00 20-Aug-2016,18:08:00 20-Aug-2016,Dive,1,Square,5.0,5.0,3659,3661,,,,,,,,,,,,,,
162661,162661,,Transmission,Mk10,1,18:08:00 20-Aug-2016,18:08:10 20-Aug-2016,Surface,,,,,9,11,,,,,,,,,,,,,10,0
162661,162661,,Transmission,Mk10,1,18:08:10 20-Aug-2016,18:38:50 20-Aug-2016,Dive,1,Square,4.5,4.5,1839,1841,,,,,,,,,,,,,,
162661,162661,,Transmission,Mk10,1,05:49:00 21-Aug-2016,08:09:40 21-Aug-2016,Message,10,,,,8430.000000,8450.000000,,,,,,,,,,,,,,
162661,162661,,Transmission,Mk10,1,05:49:00 21-Aug-2016,05:49:10 21-Aug-2016,Surface,,,,,9,11,,,,,,,,,,,,,10,0
162661,162661,,Transmission,Mk10,1,05:49:10 21-Aug-2016,06:31:00 21-Aug-2016,Dive,1,Square,16.0,16.0,2509,2511,,,,,,,,,,,,,,
162661,162661,,Transmission,Mk10,1,06:31:00 21-Aug-2016,06:31:10 21-Aug-2016,Surface,,,,,9,11,,,,,,,,,,,,,10,0
162661,162661,,Transmission,Mk10,1,06:31:10 21-Aug-2016,06:34:10 21-Aug-2016,Dive,1,V,1.5,1.5,179,181,,,,,,,,,,,,,,
162661,162661,,Transmission,Mk10,1,06:34:10 21-Aug-2016,06:34:30 21-Aug-2016,Surface,,,,,19,21,,,,,,,,,,,,,20,0
162661,162661,,Transmission,Mk10,1,06:34:30 21-Aug-2016,06:56:30 21-Aug-2016,Dive,1,Square,15.0,15.0,1319,1321,,,,,,,,,,,,,,
162661,162661,,Transmission,Mk10,1,06:56:30 21-Aug-2016,06:58:40 21-Aug-2016,Surface,,,,,129,131,,,,,,,,,,,,,113,17
162661,162661,,Transmission,Mk10,1,06:58:40 21-Aug-2016,07:32:40 21-Aug-2016,Dive,1,Square,13.5,13.5,2039,2041,,,,,,,,,,,,,,
162661,162661,,Transmission,Mk10,1,07:32:40 21-Aug-2016,07:34:30 21-Aug-2016,Surface,,,,,109,111,,,,,,,,,,,,,43,67
162661,162661,,Transmission,Mk10,1,07:34:30 21-Aug-2016,08:09:40 21-Aug-2016,Dive,1,Square,15.0,15.0,2109,2111,,,,,,,,,,,,,,
162661,162661,,Transmission,Mk10,1,08:09:00 21-Aug-2016,10:58:20 21-Aug-2016,Message,10,,,,10150.000000,10170.000000,,,,,,,,,,,,,,
162661,162661,,Transmission,Mk10,1,08:09:00 21-Aug-2016,08:10:40 21-Aug-2016,Surface,,,,,99,101,,,,,,,,,,,,,52,48
162661,162661,,Transmission,Mk10,1,08:10:40 21-Aug-2016,08:42:30 21-Aug-2016,Dive,1,Square,14.5,14.5,1909,1911,,,,,,,,,,,,,,
162661,162661,,Transmission,Mk10,1,08:42:30 21-Aug-2016,08:43:50 21-Aug-2016,Surface,,,,,79,81,,,,,,,,,,,,,62,18
162661,162661,,Transmission,Mk10,1,08:43:50 21-Aug-2016,09:15:00 21-Aug-2016,Dive,1,Square,14.5,14.5,1869,1871,,,,,,,,,,,,,,
162661,162661,,Transmission,Mk10,1,09:15:00 21-Aug-2016,09:17:00 21-Aug-2016,Surface,,,,,119,121,,,,,,,,,,,,,62,58
162661,162661,,Transmission,Mk10,1,09:17:00 21-Aug-2016,09:52:30 21-Aug-2016,Dive,1,Square,13.5,13.5,2129,2131,,,,,,,,,,,,,,
162661,162661,,Transmission,Mk10,1,09:52:30 21-Aug-2016,09:54:30 21-Aug-2016,Surface,,,,,119,121,,,,,,,,,,,,,43,77
162661,162661,,Transmission,Mk10,1,09:54:30 21-Aug-2016,10:26:20 21-Aug-2016,Dive,1,Square,13.5,13.5,1909,1911,,,,,,,,,,,,,,
162661,162661,,Transmission,Mk10,1,10:26:20 21-Aug-2016,10:27:20 21-Aug-2016,Surface,,,,,59,61,,,,,,,,,,,,,21,39
162661,162661,,Transmission,Mk10,1,10:27:20 21-Aug-2016,10:58:20 21-Aug-2016,Dive,1,Square,13.5,13.5,1859,1861,,,,,,,,,,,,,,
162661,162661,,Transmission,Mk10,1,16:28:00 21-Aug-2016,19:46:20 21-Aug-2016,Message,10,,,,11890.000000,11910.000000,,,,,,,,,,,,,,
162661,162661,,Transmission,Mk10,1,16:28:00 21-Aug-2016,16:37:10 21-Aug-2016,Dive,1,Square,4.5,4.5,549,551,,,,,,,,,,,,,,
162661,162661,,Transmission,Mk10,1,16:37:10 21-Aug-2016,16:37:20 21-Aug-2016,Surface,,,,,9,11,,,,,,,,,,,,,10,0
162661,162661,,Transmission,Mk10,1,16:37:20 21-Aug-2016,17:07:40 21-Aug-2016,Dive,1,Square,4.5,4.5,1819,1821,,,,,,,,,,,,,,
162661,162661,,Transmission,Mk10,1,17:07:40 21-Aug-2016,17:07:50 21-Aug-2016,Surface,,,,,9,11,,,,,,,,,,,,,10,0
162661,162661,,Transmission,Mk10,1,17:07:50 21-Aug-2016,17:12:10 21-Aug-2016,Dive,1,Square,4.5,4.5,259,261,,,,,,,,,,,,,,
162661,162661,,Transmission,Mk10,1,17:12:10 21-Aug-2016,17:12:30 21-Aug-2016,Surface,,,,,19,21,,,,,,,,,,,,,20,0
162661,162661,,Transmission,Mk10,1,17:12:30 21-Aug-2016,19:23:40 21-Aug-2016,Dive,1,Square,5.0,5.0,7869,7871,,,,,,,,,,,,,,
162661,162661,,Transmission,Mk10,1,19:23:40 21-Aug-2016,19:23:50 21-Aug-2016,Surface,,,,,9,11,,,,,,,,,,,,,10,0
162661,162661,,Transmission,Mk10,1,19:23:50 21-Aug-2016,19:46:10 21-Aug-2016,Dive,1,Square,5.0,5.0,1339,1341,,,,,,,,,,,,,,
162661,162661,,Transmission,Mk10,1,19:46:10 21-Aug-2016,19:46:20 21-Aug-2016,Surface,,,,,9,11,,,,,,,,,,,,,10,0
162661,162661,,Transmission,Mk10,1,18:04:00 22-Aug-2016,21:21:00 22-Aug-2016,Message,10,,,,11810.000000,11830.000000,,,,,,,,,,,,,,
162661,162661,,Transmission,Mk10,1,18:04:00 22-Aug-2016,18:04:10 22-Aug-2016,Surface,,,,,9,11,,,,,,,,,,,,,10,0
162661,162661,,Transmission,Mk10,1,18:04:10 22-Aug-2016,18:12:20 22-Aug-2016,Dive,1,Square,4.5,4.5,489,491,,,,,,,,,,,,,,
162661,162661,,Transmission,Mk10,1,18:12:20 22-Aug-2016,18:12:30 22-Aug-2016,Surface,,,,,9,11,,,,,,,,,,,,,10,0
162661,162661,,Transmission,Mk10,1,18:12:30 22-Aug-2016,18:45:40 22-Aug-2016,Dive,1,Square,4.5,4.5,1989,1991,,,,,,,,,,,,,,
162661,162661,,Transmission,Mk10,1,18:45:40 22-Aug-2016,18:45:50 22-Aug-2016,Surface,,,,,9,11,,,,,,,,,,,,,10,0
162661,162661,,Transmission,Mk10,1,18:45:50 22-Aug-2016,19:16:20 22-Aug-2016,Dive,1,Square,4.5,4.5,1829,1831,,,,,,,,,,,,,,
162661,162661,,Transmission,Mk10,1,19:16:20 22-Aug-2016,19:16:30 22-Aug-2016,Surface,,,,,9,11,,,,,,,,,,,,,10,0
162661,162661,,Transmission,Mk10,1,19:16:30 22-Aug-2016,21:03:10 22-Aug-2016,Dive,1,Square,5.0,5.0,6399,6401,,,,,,,,,,,,,,
162661,162661,,Transmission,Mk10,1,21:03:10 22-Aug-2016,21:03:20 22-Aug-2016,Surface,,,,,9,11,,,,,,,,,,,,,10,0
162661,162661,,Transmission,Mk10,1,21:03:20 22-Aug-2016,21:21:00 22-Aug-2016,Dive,1,Square,4.5,4.5,1059,1061,,,,,,,,,,,,,,
162661,162661,,Transmission,Mk10,1,21:14:00 24-Aug-2016,00:02:40 25-Aug-2016,Message,10,,,,10110.000000,10130.000000,,,,,,,,,,,,,,
162661,162661,,Transmission,Mk10,1,21:14:00 24-Aug-2016,22:59:30 24-Aug-2016,Dive,1,Square,3.5,3.5,6329,6331,,,,,,,,,,,,,,
162661,162661,,Transmission,Mk10,1,22:59:30 24-Aug-2016,22:59:40 24-Aug-2016,Surface,,,,,9,11,,,,,,,,,,,,,10,0
162661,162661,,Transmission,Mk10,1,22:59:40 24-Aug-2016,23:06:20 24-Aug-2016,Dive,1,Square,3.0,3.0,399,401,,,,,,,,,,,,,,
162661,162661,,Transmission,Mk10,1,23:06:20 24-Aug-2016,23:06:30 24-Aug-2016,Surface,,,,,9,11,,,,,,,,,,,,,10,0
162661,162661,,Transmission,Mk10,1,23:06:30 24-Aug-2016,23:30:10 24-Aug-2016,Dive,1,Square,3.5,3.5,1419,1421,,,,,,,,,,,,,,
162661,162661,,Transmission,Mk10,1,23:30:10 24-Aug-2016,23:30:30 24-Aug-2016,Surface,,,,,19,21,,,,,,,,,,,,,20,0
162661,162661,,Transmission,Mk10,1,23:30:30 24-Aug-2016,23:45:30 24-Aug-2016,Dive,1,Square,3.5,3.5,899,901,,,,,,,,,,,,,,
162661,162661,,Transmission,Mk10,1,23:45:30 24-Aug-2016,23:45:40 24-Aug-2016,Surface,,,,,9,11,,,,,,,,,,,,,10,0
162661,162661,,Transmission,Mk10,1,23:45:40 24-Aug-2016,00:02:10 25-Aug-2016,Dive,1,Square,3.0,3.0,989,991,,,,,,,,,,,,,,
162661,162661,,Transmission,Mk10,1,00:02:10 25-Aug-2016,00:02:40 25-Aug-2016,Surface,,,,,29,31,,,,,,,,,,,,,20,10
162661,162661,,Transmission,Mk10,1,15:11:00 25-Aug-2016,19:48:40 25-Aug-2016,Message,10,,,,16650.000000,16670.000000,,,,,,,,,,,,,,
162661,162661,,Transmission,Mk10,1,15:11:00 25-Aug-2016,16:32:50 25-Aug-2016,Dive,1,Square,3.5,3.5,4909,4911,,,,,,,,,,,,,,
162661,162661,,Transmission,Mk10,1,16:32:50 25-Aug-2016,16:33:00 25-Aug-2016,Surface,,,,,9,11,,,,,,,,,,,,,10,0
162661,162661,,Transmission,Mk10,1,16:33:00 25-Aug-2016,16:37:40 25-Aug-2016,Dive,1,Square,3.5,3.5,279,281,,,,,,,,,,,,,,
162661,162661,,Transmission,Mk10,1,16:37:40 25-Aug-2016,16:37:50 25-Aug-2016,Surface,,,,,9,11,,,,,,,,,,,,,10,0
162661,162661,,Transmission,Mk10,1,16:37:50 25-Aug-2016,17:30:20 25-Aug-2016,Dive,1,Square,3.5,3.5,3149,3151,,,,,,,,,,,,,,
162661,162661,,Transmission,Mk10,1,17:30:20 25-Aug-2016,17:30:30 25-Aug-2016,Surface,,,,,9,11,,,,,,,,,,,,,10,0
162661,162661,,Transmission,Mk10,1,17:30:30 25-Aug-2016,19:40:00 25-Aug-2016,Dive,1,V,8.5,8.5,7769,7771,,,,,,,,,,,,,,
162661,162661,,Transmission,Mk10,1,19:40:00 25-Aug-2016,19:40:10 25-Aug-2016,Surface,,,,,9,11,,,,,,,,,,,,,10,0
162661,162661,,Transmission,Mk10,1,19:40:10 25-Aug-2016,19:48:30 25-Aug-2016,Dive,1,Square,11.5,11.5,499,501,,,,,,,,,,,,,,
162661,162661,,Transmission,Mk10,1,19:48:30 25-Aug-2016,19:48:40 25-Aug-2016,Surface,,,,,9,11,,,,,,,,,,,,,10,0
162661,162661,,Transmission,Mk10,1,19:49:00 25-Aug-2016,20:56:30 25-Aug-2016,Message,10,,,,4040.000000,4060.000000,,,,,,,,,,,,,,
162661,162661,,Transmission,Mk10,1,19:49:00 25-Aug-2016,20:01:40 25-Aug-2016,Dive,1,Square,16.0,16.0,759,761,,,,,,,,,,,,,,
162661,162661,,Transmission,Mk10,1,20:01:40 25-Aug-2016,20:02:20 25-Aug-2016,Surface,,,,,39,41,,,,,,,,,,,,,40,0
162661,162661,,Transmission,Mk10,1,20:02:20 25-Aug-2016,20:13:20 25-Aug-2016,Dive,1,Square,19.0,19.0,659,661,,,,,,,,,,,,,,
162661,162661,,Transmission,Mk10,1,20:13:20 25-Aug-2016,20:14:00 25-Aug-2016,Surface,,,,,39,41,,,,,,,,,,,,,40,0
162661,162661,,Transmission,Mk10,1,20:14:00 25-Aug-2016,20:25:40 25-Aug-2016,Dive,1,Square,19.5,19.5,699,701,,,,,,,,,,,,,,
162661,162661,,Transmission,Mk10,1,20:25:40 25-Aug-2016,20:26:00 25-Aug-2016,Surface,,,,,19,21,,,,,,,,,,,,,20,0
162661,162661,,Transmission,Mk10,1,20:26:00 25-Aug-2016,20:42:10 25-Aug-2016,Dive,1,Square,18.5,18.5,969,971,,,,,,,,,,,,,,
162661,162661,,Transmission,Mk10,1,20:42:10 25-Aug-2016,20:43:30 25-Aug-2016,Surface,,,,,79,81,,,,,,,,,,,,,62,18
162661,162661,,Transmission,Mk10,1,20:43:30 25-Aug-2016,20:56:20 25-Aug-2016,Dive,1,Square,18.5,18.5,769,771,,,,,,,,,,,,,,
162661,162661,,Transmission,Mk10,1,20:56:20 25-Aug-2016,20:56:30 25-Aug-2016,Surface,,,,,9,11,,,,,,,,,,,,,10,0
162661,162661,,Transmission,Mk10,1,06:02:00 27-Aug-2016,08:40:40 27-Aug-2016,Message,10,,,,9510.000000,9530.000000,,,,,,,,,,,,,,
162661,162661,,Transmission,Mk10,1,06:02:00 27-Aug-2016,06:40:30 27-Aug-2016,Dive,1,Square,19.5,19.5,2309,2311,,,,,,,,,,,,,,
162661,162661,,Transmission,Mk10,1,06:40:30 27-Aug-2016,06:43:40 27-Aug-2016,Surface,,,,,189,191,,,,,,,,,,,,,104,86
162661,162661,,Transmission,Mk10,1,06:43:40 27-Aug-2016,07:29:10 27-Aug-2016,Dive,1,Square,17.5,17.5,2729,2731,,,,,,,,,,,,,,
162661,162661,,Transmission,Mk10,1,07:29:10 27-Aug-2016,07:29:30 27-Aug-2016,Surface,,,,,19,21,,,,,,,,,,,,,20,0
162661,162661,,Transmission,Mk10,1,07:29:30 27-Aug-2016,07:50:00 27-Aug-2016,Dive,1,Square,18.5,18.5,1229,1231,,,,,,,,,,,,,,
162661,162661,,Transmission,Mk10,1,07:50:00 27-Aug-2016,07:52:00 27-Aug-2016,Surface,,,,,119,121,,,,,,,,,,,,,112,8
162661,162661,,Transmission,Mk10,1,07:52:00 27-Aug-2016,08:36:10 27-Aug-2016,Dive,1,Square,19.5,19.5,2649,2651,,,,,,,,,,,,,,
162661,162661,,Transmission,Mk10,1,08:36:10 27-Aug-2016,08:36:20 27-Aug-2016,Surface,,,,,9,11,,,,,,,,,,,,,10,0
162661,162661,,Transmission,Mk10,1,08:36:20 27-Aug-2016,08:38:30 27-Aug-2016,Dive,1,V,3.0,3.0,129,131,,,,,,,,,,,,,,
162661,162661,,Transmission,Mk10,1,08:38:30 27-Aug-2016,08:40:40 27-Aug-2016,Surface,,,,,129,131,,,,,,,,,,,,,63,67
162661,162661,,Transmission,Mk10,1,12:02:00 27-Aug-2016,15:23:00 27-Aug-2016,Message,9,,,,12051.000000,12069.000000,,,,,,,,,,,,,,
162661,162661,,Transmission,Mk10,1,12:02:00 27-Aug-2016,12:02:10 27-Aug-2016,Surface,,,,,9,11,,,,,,,,,,,,,10,0
162661,162661,,Transmission,Mk10,1,12:02:10 27-Aug-2016,12:15:40 27-Aug-2016,Dive,1,Square,6.0,6.0,809,811,,,,,,,,,,,,,,
162661,162661,,Transmission,Mk10,1,12:15:40 27-Aug-2016,12:15:50 27-Aug-2016,Surface,,,,,9,11,,,,,,,,,,,,,10,0
162661,162661,,Transmission,Mk10,1,12:15:50 27-Aug-2016,13:18:50 27-Aug-2016,Dive,1,Square,6.5,6.5,3779,3781,,,,,,,,,,,,,,
162661,162661,,Transmission,Mk10,1,13:18:50 27-Aug-2016,13:19:00 27-Aug-2016,Surface,,,,,9,11,,,,,,,,,,,,,10,0
162661,162661,,Transmission,Mk10,1,13:19:00 27-Aug-2016,14:13:00 27-Aug-2016,Dive,1,Square,5.0,5.0,3239,3241,,,,,,,,,,,,,,
162661,162661,,Transmission,Mk10,1,14:13:00 27-Aug-2016,14:13:10 27-Aug-2016,Surface,,,,,9,11,,,,,,,,,,,,,10,0
162661,162661,,Transmission,Mk10,1,14:13:10 27-Aug-2016,15:22:50 27-Aug-2016,Dive,1,Square,5.5,5.5,4179,4181,,,,,,,,,,,,,,
162661,162661,,Transmission,Mk10,1,15:22:50 27-Aug-2016,15:23:00 27-Aug-2016,Surface,,,,,9,11,,,,,,,,,,,,,10,0
162661,162661,,Transmission,Mk10,2,03:14:00 28-Aug-2016,05:32:50 28-Aug-2016,Message,9,,,,8321.000000,8339.000000,,,,,,,,,,,,,,
162661,162661,,Transmission,Mk10,2,03:14:00 28-Aug-2016,03:15:50 28-Aug-2016,Surface,,,,,109,111,,,,,,,,,,,,,53,57
162661,162661,,Transmission,Mk10,2,03:15:50 28-Aug-2016,03:54:30 28-Aug-2016,Dive,1,Square,13.5,13.5,2319,2321,,,,,,,,,,,,,,
162661,162661,,Transmission,Mk10,2,03:54:30 28-Aug-2016,03:55:40 28-Aug-2016,Surface,,,,,69,71,,,,,,,,,,,,,41,29
162661,162661,,Transmission,Mk10,2,03:55:40 28-Aug-2016,04:33:50 28-Aug-2016,Dive,1,Square,13.0,13.0,2289,2291,,,,,,,,,,,,,,
162661,162661,,Transmission,Mk10,2,04:33:50 28-Aug-2016,04:35:30 28-Aug-2016,Surface,,,,,99,101,,,,,,,,,,,,,52,48
162661,162661,,Transmission,Mk10,2,04:35:30 28-Aug-2016,05:07:50 28-Aug-2016,Dive,1,Square,13.5,13.5,1939,1941,,,,,,,,,,,,,,
162661,162661,,Transmission,Mk10,2,05:07:50 28-Aug-2016,05:09:30 28-Aug-2016,Surface,,,,,99,101,,,,,,,,,,,,,61,39
162661,162661,,Transmission,Mk10,2,05:09:30 28-Aug-2016,05:32:10 28-Aug-2016,Dive,1,Square,18.0,18.0,1359,1361,,,,,,,,,,,,,,
162661,162661,,Transmission,Mk10,2,05:32:10 28-Aug-2016,05:32:50 28-Aug-2016,Surface,,,,,39,41,,,,,,,,,,,,,31,9
162661,162661,,Transmission,Mk10,1,09:46:00 28-Aug-2016,12:33:40 28-Aug-2016,Message,9,,,,10051.000000,10069.000000,,,,,,,,,,,,,,
162661,162661,,Transmission,Mk10,1,09:46:00 28-Aug-2016,09:46:10 28-Aug-2016,Surface,,,,,9,11,,,,,,,,,,,,,10,0
162661,162661,,Transmission,Mk10,1,09:46:10 28-Aug-2016,11:03:20 28-Aug-2016,Dive,1,Square,16.0,16.0,4629,4631,,,,,,,,,,,,,,
162661,162661,,Transmission,Mk10,1,11:03:20 28-Aug-2016,11:03:30 28-Aug-2016,Surface,,,,,9,11,,,,,,,,,,,,,10,0
162661,162661,,Transmission,Mk10,1,11:03:30 28-Aug-2016,11:47:40 28-Aug-2016,Dive,1,V,12.5,12.5,2649,2651,,,,,,,,,,,,,,
162661,162661,,Transmission,Mk10,1,11:47:40 28-Aug-2016,11:47:50 28-Aug-2016,Surface,,,,,9,11,,,,,,,,,,,,,10,0
162661,162661,,Transmission,Mk10,1,11:47:50 28-Aug-2016,12:10:50 28-Aug-2016,Dive,1,Square,6.0,6.0,1379,1381,,,,,,,,,,,,,,
162661,162661,,Transmission,Mk10,1,12:10:50 28-Aug-2016,12:11:00 28-Aug-2016,Surface,,,,,9,11,,,,,,,,,,,,,10,0
162661,162661,,Transmission,Mk10,1,12:11:00 28-Aug-2016,12:33:30 28-Aug-2016,Dive,1,U,5.0,5.0,1349,1351,,,,,,,,,,,,,,
162661,162661,,Transmission,Mk10,1,12:33:30 28-Aug-2016,12:33:40 28-Aug-2016,Surface,,,,,9,11,,,,,,,,,,,,,10,0
162661,162661,,Transmission,Mk10,1,12:33:00 28-Aug-2016,15:33:40 28-Aug-2016,Message,10,,,,10830.000000,10850.000000,,,,,,,,,,,,,,
162661,162661,,Transmission,Mk10,1,12:33:00 28-Aug-2016,13:28:40 28-Aug-2016,Dive,1,Square,4.5,4.5,3339,3341,,,,,,,,,,,,,,
162661,162661,,Transmission,Mk10,1,13:28:40 28-Aug-2016,13:31:20 28-Aug-2016,Surface,,,,,159,161,,,,,,,,,,,,,52,108
162661,162661,,Transmission,Mk10,1,13:31:20 28-Aug-2016,13:43:00 28-Aug-2016,Dive,1,Square,5.0,5.0,699,701,,,,,,,,,,,,,,
162661,162661,,Transmission,Mk10,1,13:43:00 28-Aug-2016,13:43:30 28-Aug-2016,Surface,,,,,29,31,,,,,,,,,,,,,30,0
162661,162661,,Transmission,Mk10,1,13:43:30 28-Aug-2016,14:07:30 28-Aug-2016,Dive,1,Square,5.0,5.0,1439,1441,,,,,,,,,,,,,,
162661,162661,,Transmission,Mk10,1,14:07:30 28-Aug-2016,14:07:40 28-Aug-2016,Surface,,,,,9,11,,,,,,,,,,,,,10,0
162661,162661,,Transmission,Mk10,1,14:07:40 28-Aug-2016,15:00:10 28-Aug-2016,Dive,1,Square,5.0,5.0,3149,3151,,,,,,,,,,,,,,
162661,162661,,Transmission,Mk10,1,15:00:10 28-Aug-2016,15:00:20 28-Aug-2016,Surface,,,,,9,11,,,,,,,,,,,,,10,0
162661,162661,,Transmission,Mk10,1,15:00:20 28-Aug-2016,15:33:30 28-Aug-2016,Dive,1,Square,4.5,4.5,1989,1991,,,,,,,,,,,,,,
162661,162661,,Transmission,Mk10,1,15:33:30 28-Aug-2016,15:33:40 28-Aug-2016,Surface,,,,,9,11,,,,,,,,,,,,,10,0
162661,162661,,Transmission,Mk10,1,03:39:00 02-Sep-2016,07:21:50 02-Sep-2016,Message,9,,,,13361.000000,13379.000000,,,,,,,,,,,,,,
162661,162661,,Transmission,Mk10,1,03:39:00 02-Sep-2016,04:02:00 02-Sep-2016,Dive,1,Square,18.5,18.5,1379,1381,,,,,,,,,,,,,,
162661,162661,,Transmission,Mk10,1,04:02:00 02-Sep-2016,04:04:30 02-Sep-2016,Surface,,,,,149,151,,,,,,,,,,,,,82,68
162661,162661,,Transmission,Mk10,1,04:04:30 02-Sep-2016,04:49:50 02-Sep-2016,Dive,1,Square,19.0,19.0,2719,2721,,,,,,,,,,,,,,
162661,162661,,Transmission,Mk10,1,04:49:50 02-Sep-2016,04:52:30 02-Sep-2016,Surface,,,,,159,161,,,,,,,,,,,,,93,67
162661,162661,,Transmission,Mk10,1,04:52:30 02-Sep-2016,05:39:10 02-Sep-2016,Dive,1,Square,18.5,18.5,2799,2801,,,,,,,,,,,,,,
162661,162661,,Transmission,Mk10,1,05:39:10 02-Sep-2016,05:42:00 02-Sep-2016,Surface,,,,,169,171,,,,,,,,,,,,,93,77
162661,162661,,Transmission,Mk10,1,05:42:00 02-Sep-2016,06:29:50 02-Sep-2016,Dive,1,Square,18.0,18.0,2869,2871,,,,,,,,,,,,,,
162661,162661,,Transmission,Mk10,1,06:29:50 02-Sep-2016,06:32:50 02-Sep-2016,Surface,,,,,179,181,,,,,,,,,,,,,93,87
162661,162661,,Transmission,Mk10,1,06:32:50 02-Sep-2016,07:21:50 02-Sep-2016,Dive,1,Square,18.0,18.0,2939,2941,,,,,,,,,,,,,,
162661,162661,,Transmission,Mk10,1,14:33:00 02-Sep-2016,15:27:30 02-Sep-2016,Message,10,,,,3260.000000,3280.000000,,,,,,,,,,,,,,
162661,162661,,Transmission,Mk10,1,14:33:00 02-Sep-2016,14:33:10 02-Sep-2016,Surface,,,,,9,11,,,,,,,,,,,,,10,0
162661,162661,,Transmission,Mk10,1,14:33:10 02-Sep-2016,14:43:20 02-Sep-2016,Dive,1,Square,5.0,5.0,609,611,,,,,,,,,,,,,,
162661,162661,,Transmission,Mk10,1,14:43:20 02-Sep-2016,14:43:30 02-Sep-2016,Surface,,,,,9,11,,,,,,,,,,,,,10,0
162661,162661,,Transmission,Mk10,1,14:43:30 02-Sep-2016,14:54:30 02-Sep-2016,Dive,1,Square,5.0,5.0,659,661,,,,,,,,,,,,,,
162661,162661,,Transmission,Mk10,1,14:54:30 02-Sep-2016,14:54:40 02-Sep-2016,Surface,,,,,9,11,,,,,,,,,,,,,10,0
162661,162661,,Transmission,Mk10,1,14:54:40 02-Sep-2016,15:04:40 02-Sep-2016,Dive,1,Square,5.0,5.0,599,601,,,,,,,,,,,,,,
162661,162661,,Transmission,Mk10,1,15:04:40 02-Sep-2016,15:04:50 02-Sep-2016,Surface,,,,,9,11,,,,,,,,,,,,,10,0
162661,162661,,Transmission,Mk10,1,15:04:50 02-Sep-2016,15:16:10 02-Sep-2016,Dive,1,Square,5.0,5.0,679,681,,,,,,,,,,,,,,
162661,162661,,Transmission,Mk10,1,15:16:10 02-Sep-2016,15:16:20 02-Sep-2016,Surface,,,,,9,11,,,,,,,,,,,,,10,0
162661,162661,,Transmission,Mk10,1,15:16:20 02-Sep-2016,15:27:30 02-Sep-2016,Dive,1,Square,5.0,5.0,669,671,,,,,,,,,,,,,,
162661,162661,,Transmission,Mk10,1,02:12:00 04-Sep-2016,05:32:00 04-Sep-2016,Message,9,,,,11991.000000,12009.000000,,,,,,,,,,,,,,
162661,162661,,Transmission,Mk10,1,02:12:00 04-Sep-2016,02:48:50 04-Sep-2016,Dive,1,Square,19.5,19.5,2209,2211,,,,,,,,,,,,,,
162661,162661,,Transmission,Mk10,1,02:48:50 04-Sep-2016,02:50:20 04-Sep-2016,Surface,,,,,89,91,,,,,,,,,,,,,73,17
162661,162661,,Transmission,Mk10,1,02:50:20 04-Sep-2016,03:29:00 04-Sep-2016,Dive,1,Square,19.5,19.5,2319,2321,,,,,,,,,,,,,,
162661,162661,,Transmission,Mk10,1,03:29:00 04-Sep-2016,03:30:30 04-Sep-2016,Surface,,,,,89,91,,,,,,,,,,,,,61,29
162661,162661,,Transmission,Mk10,1,03:30:30 04-Sep-2016,04:03:10 04-Sep-2016,Dive,1,Square,19.5,19.5,1959,1961,,,,,,,,,,,,,,
162661,162661,,Transmission,Mk10,1,04:03:10 04-Sep-2016,04:05:30 04-Sep-2016,Surface,,,,,139,141,,,,,,,,,,,,,90,50
162661,162661,,Transmission,Mk10,1,04:05:30 04-Sep-2016,04:49:30 04-Sep-2016,Dive,1,Square,19.5,19.5,2639,2641,,,,,,,,,,,,,,
162661,162661,,Transmission,Mk10,1,04:49:30 04-Sep-2016,04:50:40 04-Sep-2016,Surface,,,,,69,71,,,,,,,,,,,,,41,29
162661,162661,,Transmission,Mk10,1,04:50:40 04-Sep-2016,05:32:00 04-Sep-2016,Dive,1,Square,20.5,20.5,2479,2481,,,,,,,,,,,,,,
162661,162661,,Transmission,Mk10,1,19:51:00 04-Sep-2016,20:36:20 04-Sep-2016,Message,10,,,,2710.000000,2730.000000,,,,,,,,,,,,,,
162661,162661,,Transmission,Mk10,1,19:51:00 04-Sep-2016,19:51:10 04-Sep-2016,Surface,,,,,9,11,,,,,,,,,,,,,10,0
162661,162661,,Transmission,Mk10,1,19:51:10 04-Sep-2016,20:02:00 04-Sep-2016,Dive,1,Square,5.0,5.0,649,651,,,,,,,,,,,,,,
162661,162661,,Transmission,Mk10,1,20:02:00 04-Sep-2016,20:02:10 04-Sep-2016,Surface,,,,,9,11,,,,,,,,,,,,,10,0
162661,162661,,Transmission,Mk10,1,20:02:10 04-Sep-2016,20:10:00 04-Sep-2016,Dive,1,Square,5.0,5.0,469,471,,,,,,,,,,,,,,
162661,162661,,Transmission,Mk10,1,20:10:00 04-Sep-2016,20:10:10 04-Sep-2016,Surface,,,,,9,11,,,,,,,,,,,,,10,0
162661,162661,,Transmission,Mk10,1,20:10:10 04-Sep-2016,20:16:20 04-Sep-2016,Dive,1,Square,5.0,5.0,369,371,,,,,,,,,,,,,,
162661,162661,,Transmission,Mk10,1,20:16:20 04-Sep-2016,20:16:30 04-Sep-2016,Surface,,,,,9,11,,,,,,,,,,,,,10,0
162661,162661,,Transmission,Mk10,1,20:16:30 04-Sep-2016,20:27:40 04-Sep-2016,Dive,1,Square,5.0,5.0,669,671,,,,,,,,,,,,,,
162661,162661,,Transmission,Mk10,1,20:27:40 04-Sep-2016,20:27:50 04-Sep-2016,Surface,,,,,9,11,,,,,,,,,,,,,10,0
162661,162661,,Transmission,Mk10,1,20:27:50 04-Sep-2016,20:36:20 04-Sep-2016,Dive,1,Square,5.0,5.0,509,511,,,,,,,,,,,,,,
162661,162661,,Transmission,Mk10,1,20:36:00 04-Sep-2016,23:58:10 04-Sep-2016,Message,10,,,,12120.000000,12140.000000,,,,,,,,,,,,,,
162661,162661,,Transmission,Mk10,1,20:36:00 04-Sep-2016,20:36:10 04-Sep-2016,Surface,,,,,9,11,,,,,,,,,,,,,10,0
162661,162661,,Transmission,Mk10,1,20:36:10 04-Sep-2016,20:56:30 04-Sep-2016,Dive,1,Square,5.0,5.0,1219,1221,,,,,,,,,,,,,,
162661,162661,,Transmission,Mk10,1,20:56:30 04-Sep-2016,20:56:40 04-Sep-2016,Surface,,,,,9,11,,,,,,,,,,,,,10,0
162661,162661,,Transmission,Mk10,1,20:56:40 04-Sep-2016,21:27:30 04-Sep-2016,Dive,1,Square,5.0,5.0,1849,1851,,,,,,,,,,,,,,
162661,162661,,Transmission,Mk10,1,21:27:30 04-Sep-2016,21:27:40 04-Sep-2016,Surface,,,,,9,11,,,,,,,,,,,,,10,0
162661,162661,,Transmission,Mk10,1,21:27:40 04-Sep-2016,23:14:20 04-Sep-2016,Dive,1,V,12.0,12.0,6399,6401,,,,,,,,,,,,,,
162661,162661,,Transmission,Mk10,1,23:14:20 04-Sep-2016,23:14:30 04-Sep-2016,Surface,,,,,9,11,,,,,,,,,,,,,10,0
162661,162661,,Transmission,Mk10,1,23:14:30 04-Sep-2016,23:32:40 04-Sep-2016,Dive,1,Square,18.0,18.0,1089,1091,,,,,,,,,,,,,,
162661,162661,,Transmission,Mk10,1,23:32:40 04-Sep-2016,23:34:30 04-Sep-2016,Surface,,,,,109,111,,,,,,,,,,,,,53,57
162661,162661,,Transmission,Mk10,1,23:34:30 04-Sep-2016,23:58:10 04-Sep-2016,Dive,1,Square,18.5,18.5,1419,1421,,,,,,,,,,,,,,
162661,162661,,Transmission,Mk10,2,01:06:00 06-Sep-2016,03:49:40 06-Sep-2016,Message,10,,,,9810.000000,9830.000000,,,,,,,,,,,,,,
162661,162661,,Transmission,Mk10,2,01:06:00 06-Sep-2016,01:06:10 06-Sep-2016,Surface,,,,,9,11,,,,,,,,,,,,,10,0
162661,162661,,Transmission,Mk10,2,01:06:10 06-Sep-2016,01:35:50 06-Sep-2016,Dive,1,Square,12.0,12.0,1779,1781,,,,,,,,,,,,,,
162661,162661,,Transmission,Mk10,2,01:35:50 06-Sep-2016,01:37:40 06-Sep-2016,Surface,,,,,109,111,,,,,,,,,,,,,32,78
162661,162661,,Transmission,Mk10,2,01:37:40 06-Sep-2016,02:08:20 06-Sep-2016,Dive,1,Square,12.0,12.0,1839,1841,,,,,,,,,,,,,,
162661,162661,,Transmission,Mk10,2,02:08:20 06-Sep-2016,02:10:50 06-Sep-2016,Surface,,,,,149,151,,,,,,,,,,,,,34,116
162661,162661,,Transmission,Mk10,2,02:10:50 06-Sep-2016,02:46:50 06-Sep-2016,Dive,1,Square,13.0,13.0,2159,2161,,,,,,,,,,,,,,
162661,162661,,Transmission,Mk10,2,02:46:50 06-Sep-2016,02:48:00 06-Sep-2016,Surface,,,,,69,71,,,,,,,,,,,,,32,38
162661,162661,,Transmission,Mk10,2,02:48:00 06-Sep-2016,03:13:20 06-Sep-2016,Dive,1,Square,15.5,15.5,1519,1521,,,,,,,,,,,,,,
162661,162661,,Transmission,Mk10,2,03:13:20 06-Sep-2016,03:13:50 06-Sep-2016,Surface,,,,,29,31,,,,,,,,,,,,,20,10
162661,162661,,Transmission,Mk10,2,03:13:50 06-Sep-2016,03:49:40 06-Sep-2016,Dive,1,Square,19.5,19.5,2149,2151,,,,,,,,,,,,,,
162661,162661,,Transmission,Mk10,1,18:17:00 06-Sep-2016,23:57:40 06-Sep-2016,Message,10,,,,20430.000000,20450.000000,,,,,,,,,,,,,,
162661,162661,,Transmission,Mk10,1,18:17:00 06-Sep-2016,18:17:10 06-Sep-2016,Surface,,,,,9,11,,,,,,,,,,,,,10,0
162661,162661,,Transmission,Mk10,1,18:17:10 06-Sep-2016,18:27:20 06-Sep-2016,Dive,1,Square,4.5,4.5,609,611,,,,,,,,,,,,,,
162661,162661,,Transmission,Mk10,1,18:27:20 06-Sep-2016,18:27:30 06-Sep-2016,Surface,,,,,9,11,,,,,,,,,,,,,10,0
162661,162661,,Transmission,Mk10,1,18:27:30 06-Sep-2016,18:50:30 06-Sep-2016,Dive,1,Square,5.0,5.0,1379,1381,,,,,,,,,,,,,,
162661,162661,,Transmission,Mk10,1,18:50:30 06-Sep-2016,18:50:40 06-Sep-2016,Surface,,,,,9,11,,,,,,,,,,,,,10,0
162661,162661,,Transmission,Mk10,1,18:50:40 06-Sep-2016,19:33:20 06-Sep-2016,Dive,1,Square,4.5,4.5,2559,2561,,,,,,,,,,,,,,
162661,162661,,Transmission,Mk10,1,19:33:20 06-Sep-2016,19:33:30 06-Sep-2016,Surface,,,,,9,11,,,,,,,,,,,,,10,0
162661,162661,,Transmission,Mk10,1,19:33:30 06-Sep-2016,23:41:20 06-Sep-2016,Dive,1,V,11.5,11.5,14869,14871,,,,,,,,,,,,,,
162661,162661,,Transmission,Mk10,1,23:41:20 06-Sep-2016,23:41:40 06-Sep-2016,Surface,,,,,19,21,,,,,,,,,,,,,20,0
162661,162661,,Transmission,Mk10,1,23:41:40 06-Sep-2016,23:57:40 06-Sep-2016,Dive,1,Square,13.5,13.5,959,961,,,,,,,,,,,,,,
162661,162661,,Transmission,Mk10,1,23:57:00 06-Sep-2016,02:48:50 07-Sep-2016,Message,10,,,,10300.000000,10320.000000,,,,,,,,,,,,,,
162661,162661,,Transmission,Mk10,1,23:57:00 06-Sep-2016,23:57:30 06-Sep-2016,Surface,,,,,29,31,,,,,,,,,,,,,20,10
162661,162661,,Transmission,Mk10,1,23:57:30 06-Sep-2016,00:21:30 07-Sep-2016,Dive,1,Square,18.5,18.5,1439,1441,,,,,,,,,,,,,,
162661,162661,,Transmission,Mk10,1,00:21:30 07-Sep-2016,00:23:20 07-Sep-2016,Surface,,,,,109,111,,,,,,,,,,,,,71,39
162661,162661,,Transmission,Mk10,1,00:23:20 07-Sep-2016,00:53:50 07-Sep-2016,Dive,1,Square,18.0,18.0,1829,1831,,,,,,,,,,,,,,
162661,162661,,Transmission,Mk10,1,00:53:50 07-Sep-2016,00:54:50 07-Sep-2016,Surface,,,,,59,61,,,,,,,,,,,,,31,29
162661,162661,,Transmission,Mk10,1,00:54:50 07-Sep-2016,01:36:40 07-Sep-2016,Dive,1,Square,19.0,19.0,2509,2511,,,,,,,,,,,,,,
162661,162661,,Transmission,Mk10,1,01:36:40 07-Sep-2016,01:38:20 07-Sep-2016,Surface,,,,,99,101,,,,,,,,,,,,,61,39
162661,162661,,Transmission,Mk10,1,01:38:20 07-Sep-2016,02:09:50 07-Sep-2016,Dive,1,Square,19.0,19.0,1889,1891,,,,,,,,,,,,,,
162661,162661,,Transmission,Mk10,1,02:09:50 07-Sep-2016,02:12:40 07-Sep-2016,Surface,,,,,169,171,,,,,,,,,,,,,93,77
162661,162661,,Transmission,Mk10,1,02:12:40 07-Sep-2016,02:48:50 07-Sep-2016,Dive,1,Square,19.0,19.0,2169,2171,,,,,,,,,,,,,,
162661,162661,,Transmission,Mk10,1,00:41:00 08-Sep-2016,05:01:10 08-Sep-2016,Message,10,,,,15600.000000,15620.000000,,,,,,,,,,,,,,
162661,162661,,Transmission,Mk10,1,00:41:00 08-Sep-2016,01:08:10 08-Sep-2016,Dive,1,Square,4.5,4.5,1629,1631,,,,,,,,,,,,,,
162661,162661,,Transmission,Mk10,1,01:08:10 08-Sep-2016,01:08:20 08-Sep-2016,Surface,,,,,9,11,,,,,,,,,,,,,10,0
162661,162661,,Transmission,Mk10,1,01:08:20 08-Sep-2016,01:44:00 08-Sep-2016,Dive,1,Square,4.0,4.0,2139,2141,,,,,,,,,,,,,,
162661,162661,,Transmission,Mk10,1,01:44:00 08-Sep-2016,01:44:10 08-Sep-2016,Surface,,,,,9,11,,,,,,,,,,,,,10,0
162661,162661,,Transmission,Mk10,1,01:44:10 08-Sep-2016,02:46:00 08-Sep-2016,Dive,1,Square,4.0,4.0,3709,3711,,,,,,,,,,,,,,
162661,162661,,Transmission,Mk10,1,02:46:00 08-Sep-2016,02:46:10 08-Sep-2016,Surface,,,,,9,11,,,,,,,,,,,,,10,0
162661,162661,,Transmission,Mk10,1,02:46:10 08-Sep-2016,04:57:50 08-Sep-2016,Dive,1,Square,4.0,4.0,7899,7901,,,,,,,,,,,,,,
162661,162661,,Transmission,Mk10,1,04:57:50 08-Sep-2016,04:58:00 08-Sep-2016,Surface,,,,,9,11,,,,,,,,,,,,,10,0
162661,162661,,Transmission,Mk10,1,04:58:00 08-Sep-2016,05:01:00 08-Sep-2016,Dive,1,Square,3.5,3.5,179,181,,,,,,,,,,,,,,
162661,162661,,Transmission,Mk10,1,05:01:00 08-Sep-2016,05:01:10 08-Sep-2016,Surface,,,,,9,11,,,,,,,,,,,,,10,0
162661,162661,,Transmission,Mk10,1,06:48:00 08-Sep-2016,08:41:10 08-Sep-2016,Message,10,,,,6780.000000,6800.000000,,,,,,,,,,,,,,
162661,162661,,Transmission,Mk10,1,06:48:00 08-Sep-2016,07:15:00 08-Sep-2016,Dive,1,Square,3.0,3.0,1619,1621,,,,,,,,,,,,,,
162661,162661,,Transmission,Mk10,1,07:15:00 08-Sep-2016,07:15:50 08-Sep-2016,Surface,,,,,49,51,,,,,,,,,,,,,31,19
162661,162661,,Transmission,Mk10,1,07:15:50 08-Sep-2016,07:28:50 08-Sep-2016,Dive,1,Square,3.0,3.0,779,781,,,,,,,,,,,,,,
162661,162661,,Transmission,Mk10,1,07:28:50 08-Sep-2016,07:29:00 08-Sep-2016,Surface,,,,,9,11,,,,,,,,,,,,,10,0
162661,162661,,Transmission,Mk10,1,07:29:00 08-Sep-2016,07:39:10 08-Sep-2016,Dive,1,Square,3.0,3.0,609,611,,,,,,,,,,,,,,
162661,162661,,Transmission,Mk10,1,07:39:10 08-Sep-2016,07:39:20 08-Sep-2016,Surface,,,,,9,11,,,,,,,,,,,,,10,0
162661,162661,,Transmission,Mk10,1,07:39:20 08-Sep-2016,08:06:20 08-Sep-2016,Dive,1,Square,3.0,3.0,1619,1621,,,,,,,,,,,,,,
162661,162661,,Transmission,Mk10,1,08:06:20 08-Sep-2016,08:07:10 08-Sep-2016,Surface,,,,,49,51,,,,,,,,,,,,,21,29
162661,162661,,Transmission,Mk10,1,08:07:10 08-Sep-2016,08:41:00 08-Sep-2016,Dive,1,Square,3.5,3.5,2029,2031,,,,,,,,,,,,,,
162661,162661,,Transmission,Mk10,1,08:41:00 08-Sep-2016,08:41:10 08-Sep-2016,Surface,,,,,9,11,,,,,,,,,,,,,10,0
162661,162661,,Transmission,Mk10,1,01:30:00 10-Sep-2016,04:09:00 10-Sep-2016,Message,10,,,,9530.000000,9550.000000,,,,,,,,,,,,,,
162661,162661,,Transmission,Mk10,1,01:30:00 10-Sep-2016,01:43:30 10-Sep-2016,Dive,1,Square,3.5,3.5,809,811,,,,,,,,,,,,,,
162661,162661,,Transmission,Mk10,1,01:43:30 10-Sep-2016,01:44:00 10-Sep-2016,Surface,,,,,29,31,,,,,,,,,,,,,20,10
162661,162661,,Transmission,Mk10,1,01:44:00 10-Sep-2016,01:58:40 10-Sep-2016,Dive,1,Square,4.0,4.0,879,881,,,,,,,,,,,,,,
162661,162661,,Transmission,Mk10,1,01:58:40 10-Sep-2016,01:58:50 10-Sep-2016,Surface,,,,,9,11,,,,,,,,,,,,,10,0
162661,162661,,Transmission,Mk10,1,01:58:50 10-Sep-2016,02:26:20 10-Sep-2016,Dive,1,Square,4.0,4.0,1649,1651,,,,,,,,,,,,,,
162661,162661,,Transmission,Mk10,1,02:26:20 10-Sep-2016,02:26:30 10-Sep-2016,Surface,,,,,9,11,,,,,,,,,,,,,10,0
162661,162661,,Transmission,Mk10,1,02:26:30 10-Sep-2016,03:51:40 10-Sep-2016,Dive,1,Square,4.0,4.0,5109,5111,,,,,,,,,,,,,,
162661,162661,,Transmission,Mk10,1,03:51:40 10-Sep-2016,03:51:50 10-Sep-2016,Surface,,,,,9,11,,,,,,,,,,,,,10,0
162661,162661,,Transmission,Mk10,1,03:51:50 10-Sep-2016,04:08:50 10-Sep-2016,Dive,1,Square,4.0,4.0,1019,1021,,,,,,,,,,,,,,
162661,162661,,Transmission,Mk10,1,04:08:50 10-Sep-2016,04:09:00 10-Sep-2016,Surface,,,,,9,11,,,,,,,,,,,,,10,0
162661,162661,,Transmission,Mk10,1,19:54:00 10-Sep-2016,22:26:50 10-Sep-2016,Message,10,,,,9160.000000,9180.000000,,,,,,,,,,,,,,
162661,162661,,Transmission,Mk10,1,19:54:00 10-Sep-2016,20:33:10 10-Sep-2016,Dive,1,Square,4.0,4.0,2349,2351,,,,,,,,,,,,,,
162661,162661,,Transmission,Mk10,1,20:33:10 10-Sep-2016,20:33:20 10-Sep-2016,Surface,,,,,9,11,,,,,,,,,,,,,10,0
162661,162661,,Transmission,Mk10,1,20:33:20 10-Sep-2016,21:38:10 10-Sep-2016,Dive,1,Square,4.0,4.0,3889,3891,,,,,,,,,,,,,,
162661,162661,,Transmission,Mk10,1,21:38:10 10-Sep-2016,21:38:20 10-Sep-2016,Surface,,,,,9,11,,,,,,,,,,,,,10,0
162661,162661,,Transmission,Mk10,1,21:38:20 10-Sep-2016,21:46:20 10-Sep-2016,Dive,1,Square,4.0,4.0,479,481,,,,,,,,,,,,,,
162661,162661,,Transmission,Mk10,1,21:46:20 10-Sep-2016,21:46:50 10-Sep-2016,Surface,,,,,29,31,,,,,,,,,,,,,30,0
162661,162661,,Transmission,Mk10,1,21:46:50 10-Sep-2016,22:08:30 10-Sep-2016,Dive,1,Square,4.0,4.0,1299,1301,,,,,,,,,,,,,,
162661,162661,,Transmission,Mk10,1,22:08:30 10-Sep-2016,22:08:40 10-Sep-2016,Surface,,,,,9,11,,,,,,,,,,,,,10,0
162661,162661,,Transmission,Mk10,1,22:08:40 10-Sep-2016,22:26:10 10-Sep-2016,Dive,1,Square,4.0,4.0,1049,1051,,,,,,,,,,,,,,
162661,162661,,Transmission,Mk10,1,22:26:10 10-Sep-2016,22:26:50 10-Sep-2016,Surface,,,,,39,41,,,,,,,,,,,,,31,9
162661,162661,,Transmission,Mk10,1,22:27:00 10-Sep-2016,23:38:40 10-Sep-2016,Message,10,,,,4290.000000,4310.000000,,,,,,,,,,,,,,
162661,162661,,Transmission,Mk10,1,22:27:00 10-Sep-2016,22:33:50 10-Sep-2016,Dive,1,Square,4.0,4.0,409,411,,,,,,,,,,,,,,
162661,162661,,Transmission,Mk10,1,22:33:50 10-Sep-2016,22:34:40 10-Sep-2016,Surface,,,,,49,51,,,,,,,,,,,,,40,10
162661,162661,,Transmission,Mk10,1,22:34:40 10-Sep-2016,22:52:00 10-Sep-2016,Dive,1,Square,3.5,3.5,1039,1041,,,,,,,,,,,,,,
162661,162661,,Transmission,Mk10,1,22:52:00 10-Sep-2016,22:52:30 10-Sep-2016,Surface,,,,,29,31,,,,,,,,,,,,,20,10
162661,162661,,Transmission,Mk10,1,22:52:30 10-Sep-2016,23:15:10 10-Sep-2016,Dive,1,Square,4.5,4.5,1359,1361,,,,,,,,,,,,,,
162661,162661,,Transmission,Mk10,1,23:15:10 10-Sep-2016,23:15:30 10-Sep-2016,Surface,,,,,19,21,,,,,,,,,,,,,20,0
162661,162661,,Transmission,Mk10,1,23:15:30 10-Sep-2016,23:28:10 10-Sep-2016,Dive,1,Square,4.0,4.0,759,761,,,,,,,,,,,,,,
162661,162661,,Transmission,Mk10,1,23:28:10 10-Sep-2016,23:28:20 10-Sep-2016,Surface,,,,,9,11,,,,,,,,,,,,,10,0
162661,162661,,Transmission,Mk10,1,23:28:20 10-Sep-2016,23:38:30 10-Sep-2016,Dive,1,Square,3.5,3.5,609,611,,,,,,,,,,,,,,
162661,162661,,Transmission,Mk10,1,23:38:30 10-Sep-2016,23:38:40 10-Sep-2016,Surface,,,,,9,11,,,,,,,,,,,,,10,0
162661,162661,,Transmission,Mk10,2,02:57:00 12-Sep-2016,05:31:20 12-Sep-2016,Message,9,,,,9251.000000,9269.000000,,,,,,,,,,,,,,
162661,162661,,Transmission,Mk10,2,02:57:00 12-Sep-2016,03:07:20 12-Sep-2016,Dive,1,Square,18.0,18.0,619,621,,,,,,,,,,,,,,
162661,162661,,Transmission,Mk10,2,03:07:20 12-Sep-2016,03:08:00 12-Sep-2016,Surface,,,,,39,41,,,,,,,,,,,,,40,0
162661,162661,,Transmission,Mk10,2,03:08:00 12-Sep-2016,03:20:00 12-Sep-2016,Dive,1,Square,19.5,19.5,719,721,,,,,,,,,,,,,,
162661,162661,,Transmission,Mk10,2,03:20:00 12-Sep-2016,03:21:00 12-Sep-2016,Surface,,,,,59,61,,,,,,,,,,,,,50,10
162661,162661,,Transmission,Mk10,2,03:21:00 12-Sep-2016,04:09:10 12-Sep-2016,Dive,1,Square,19.5,19.5,2889,2891,,,,,,,,,,,,,,
162661,162661,,Transmission,Mk10,2,04:09:10 12-Sep-2016,04:11:50 12-Sep-2016,Surface,,,,,159,161,,,,,,,,,,,,,155,5
162661,162661,,Transmission,Mk10,2,04:11:50 12-Sep-2016,04:52:30 12-Sep-2016,Dive,1,Square,19.5,19.5,2439,2441,,,,,,,,,,,,,,
162661,162661,,Transmission,Mk10,2,04:52:30 12-Sep-2016,04:55:10 12-Sep-2016,Surface,,,,,159,161,,,,,,,,,,,,,93,67
162661,162661,,Transmission,Mk10,2,04:55:10 12-Sep-2016,05:31:20 12-Sep-2016,Dive,1,Square,19.0,19.0,2169,2171,,,,,,,,,,,,,,
162661,162661,,Transmission,Mk10,1,05:32:00 12-Sep-2016,08:16:50 12-Sep-2016,Message,9,,,,9881.000000,9899.000000,,,,,,,,,,,,,,
162661,162661,,Transmission,Mk10,1,05:32:00 12-Sep-2016,05:34:10 12-Sep-2016,Surface,,,,,129,131,,,,,,,,,,,,,92,38
162661,162661,,Transmission,Mk10,1,05:34:10 12-Sep-2016,06:15:10 12-Sep-2016,Dive,1,Square,19.5,19.5,2459,2461,,,,,,,,,,,,,,
162661,162661,,Transmission,Mk10,1,06:15:10 12-Sep-2016,06:18:10 12-Sep-2016,Surface,,,,,179,181,,,,,,,,,,,,,105,75
162661,162661,,Transmission,Mk10,1,06:18:10 12-Sep-2016,06:54:50 12-Sep-2016,Dive,1,Square,19.0,19.0,2199,2201,,,,,,,,,,,,,,
162661,162661,,Transmission,Mk10,1,06:54:50 12-Sep-2016,06:58:00 12-Sep-2016,Surface,,,,,189,191,,,,,,,,,,,,,153,37
162661,162661,,Transmission,Mk10,1,06:58:00 12-Sep-2016,07:30:10 12-Sep-2016,Dive,1,Square,18.5,18.5,1929,1931,,,,,,,,,,,,,,
162661,162661,,Transmission,Mk10,1,07:30:10 12-Sep-2016,07:32:50 12-Sep-2016,Surface,,,,,159,161,,,,,,,,,,,,,114,46
162661,162661,,Transmission,Mk10,1,07:32:50 12-Sep-2016,08:15:00 12-Sep-2016,Dive,1,Square,14.5,14.5,2529,2531,,,,,,,,,,,,,,
162661,162661,,Transmission,Mk10,1,08:15:00 12-Sep-2016,08:16:50 12-Sep-2016,Surface,,,,,109,111,,,,,,,,,,,,,53,57
162661,162661,,Transmission,Mk10,1,20:13:00 12-Sep-2016,23:12:00 12-Sep-2016,Message,10,,,,10730.000000,10750.000000,,,,,,,,,,,,,,
162661,162661,,Transmission,Mk10,1,20:13:00 12-Sep-2016,20:13:10 12-Sep-2016,Surface,,,,,9,11,,,,,,,,,,,,,10,0
162661,162661,,Transmission,Mk10,1,20:13:10 12-Sep-2016,20:30:30 12-Sep-2016,Dive,1,Square,3.5,3.5,1039,1041,,,,,,,,,,,,,,
162661,162661,,Transmission,Mk10,1,20:30:30 12-Sep-2016,20:30:40 12-Sep-2016,Surface,,,,,9,11,,,,,,,,,,,,,10,0
162661,162661,,Transmission,Mk10,1,20:30:40 12-Sep-2016,20:39:00 12-Sep-2016,Dive,1,Square,3.5,3.5,499,501,,,,,,,,,,,,,,
162661,162661,,Transmission,Mk10,1,20:39:00 12-Sep-2016,20:39:10 12-Sep-2016,Surface,,,,,9,11,,,,,,,,,,,,,10,0
162661,162661,,Transmission,Mk10,1,20:39:10 12-Sep-2016,20:52:20 12-Sep-2016,Dive,1,Square,3.5,3.5,789,791,,,,,,,,,,,,,,
162661,162661,,Transmission,Mk10,1,20:52:20 12-Sep-2016,20:52:30 12-Sep-2016,Surface,,,,,9,11,,,,,,,,,,,,,10,0
162661,162661,,Transmission,Mk10,1,20:52:30 12-Sep-2016,22:13:50 12-Sep-2016,Dive,1,Square,4.0,4.0,4879,4881,,,,,,,,,,,,,,
162661,162661,,Transmission,Mk10,1,22:13:50 12-Sep-2016,22:14:10 12-Sep-2016,Surface,,,,,19,21,,,,,,,,,,,,,20,0
162661,162661,,Transmission,Mk10,1,22:14:10 12-Sep-2016,23:12:00 12-Sep-2016,Dive,1,Square,3.5,3.5,3469,3471,,,,,,,,,,,,,,
162661,162661,,Transmission,Mk10,1,07:26:00 13-Sep-2016,09:50:50 13-Sep-2016,Message,10,,,,8680.000000,8700.000000,,,,,,,,,,,,,,
162661,162661,,Transmission,Mk10,1,07:26:00 13-Sep-2016,07:26:10 13-Sep-2016,Surface,,,,,9,11,,,,,,,,,,,,,10,0
162661,162661,,Transmission,Mk10,1,07:26:10 13-Sep-2016,08:17:40 13-Sep-2016,Dive,1,Square,3.5,3.5,3089,3091,,,,,,,,,,,,,,
162661,162661,,Transmission,Mk10,1,08:17:40 13-Sep-2016,08:18:00 13-Sep-2016,Surface,,,,,19,21,,,,,,,,,,,,,20,0
162661,162661,,Transmission,Mk10,1,08:18:00 13-Sep-2016,08:30:10 13-Sep-2016,Dive,1,Square,3.5,3.5,729,731,,,,,,,,,,,,,,
162661,162661,,Transmission,Mk10,1,08:30:10 13-Sep-2016,08:30:20 13-Sep-2016,Surface,,,,,9,11,,,,,,,,,,,,,10,0
162661,162661,,Transmission,Mk10,1,08:30:20 13-Sep-2016,08:33:00 13-Sep-2016,Dive,1,Square,3.0,3.0,159,161,,,,,,,,,,,,,,
162661,162661,,Transmission,Mk10,1,08:33:00 13-Sep-2016,08:33:10 13-Sep-2016,Surface,,,,,9,11,,,,,,,,,,,,,10,0
162661,162661,,Transmission,Mk10,1,08:33:10 13-Sep-2016,09:34:10 13-Sep-2016,Dive,1,Square,4.0,4.0,3659,3661,,,,,,,,,,,,,,
162661,162661,,Transmission,Mk10,1,09:34:10 13-Sep-2016,09:35:00 13-Sep-2016,Surface,,,,,49,51,,,,,,,,,,,,,21,29
162661,162661,,Transmission,Mk10,1,09:35:00 13-Sep-2016,09:50:50 13-Sep-2016,Dive,1,Square,3.5,3.5,949,951,,,,,,,,,,,,,,
162661,162661,,Transmission,Mk10,1,12:50:00 13-Sep-2016,14:05:30 13-Sep-2016,Message,10,,,,4520.000000,4540.000000,,,,,,,,,,,,,,
162661,162661,,Transmission,Mk10,1,12:50:00 13-Sep-2016,12:50:20 13-Sep-2016,Surface,,,,,19,21,,,,,,,,,,,,,20,0
162661,162661,,Transmission,Mk10,1,12:50:20 13-Sep-2016,13:03:00 13-Sep-2016,Dive,1,Square,3.5,3.5,759,761,,,,,,,,,,,,,,
162661,162661,,Transmission,Mk10,1,13:03:00 13-Sep-2016,13:03:10 13-Sep-2016,Surface,,,,,9,11,,,,,,,,,,,,,10,0
162661,162661,,Transmission,Mk10,1,13:03:10 13-Sep-2016,13:25:50 13-Sep-2016,Dive,1,Square,4.0,4.0,1359,1361,,,,,,,,,,,,,,
162661,162661,,Transmission,Mk10,1,13:25:50 13-Sep-2016,13:26:00 13-Sep-2016,Surface,,,,,9,11,,,,,,,,,,,,,10,0
162661,162661,,Transmission,Mk10,1,13:26:00 13-Sep-2016,13:31:40 13-Sep-2016,Dive,1,Square,3.5,3.5,339,341,,,,,,,,,,,,,,
162661,162661,,Transmission,Mk10,1,13:31:40 13-Sep-2016,13:32:00 13-Sep-2016,Surface,,,,,19,21,,,,,,,,,,,,,20,0
162661,162661,,Transmission,Mk10,1,13:32:00 13-Sep-2016,13:56:40 13-Sep-2016,Dive,1,Square,3.5,3.5,1479,1481,,,,,,,,,,,,,,
162661,162661,,Transmission,Mk10,1,13:56:40 13-Sep-2016,13:56:50 13-Sep-2016,Surface,,,,,9,11,,,,,,,,,,,,,10,0
162661,162661,,Transmission,Mk10,1,13:56:50 13-Sep-2016,14:05:30 13-Sep-2016,Dive,1,Square,3.5,3.5,519,521,,,,,,,,,,,,,,
162661,162661,,Transmission,Mk10,1,16:58:00 13-Sep-2016,19:03:00 13-Sep-2016,Message,9,,,,7491.000000,7509.000000,,,,,,,,,,,,,,
162661,162661,,Transmission,Mk10,1,16:58:00 13-Sep-2016,16:58:10 13-Sep-2016,Surface,,,,,9,11,,,,,,,,,,,,,10,0
162661,162661,,Transmission,Mk10,1,16:58:10 13-Sep-2016,17:07:20 13-Sep-2016,Dive,1,Square,3.5,3.5,549,551,,,,,,,,,,,,,,
162661,162661,,Transmission,Mk10,1,17:07:20 13-Sep-2016,17:07:30 13-Sep-2016,Surface,,,,,9,11,,,,,,,,,,,,,10,0
162661,162661,,Transmission,Mk10,1,17:07:30 13-Sep-2016,17:37:50 13-Sep-2016,Dive,1,Square,4.0,4.0,1819,1821,,,,,,,,,,,,,,
162661,162661,,Transmission,Mk10,1,17:37:50 13-Sep-2016,17:38:00 13-Sep-2016,Surface,,,,,9,11,,,,,,,,,,,,,10,0
162661,162661,,Transmission,Mk10,1,17:38:00 13-Sep-2016,18:23:10 13-Sep-2016,Dive,1,Square,3.5,3.5,2709,2711,,,,,,,,,,,,,,
162661,162661,,Transmission,Mk10,1,18:23:10 13-Sep-2016,18:23:20 13-Sep-2016,Surface,,,,,9,11,,,,,,,,,,,,,10,0
162661,162661,,Transmission,Mk10,1,18:23:20 13-Sep-2016,19:02:50 13-Sep-2016,Dive,1,Square,3.5,3.5,2369,2371,,,,,,,,,,,,,,
162661,162661,,Transmission,Mk10,1,19:02:50 13-Sep-2016,19:03:00 13-Sep-2016,Surface,,,,,9,11,,,,,,,,,,,,,10,0
162661,162661,,Transmission,Mk10,1,02:54:00 14-Sep-2016,04:45:20 14-Sep-2016,Message,10,,,,6670.000000,6690.000000,,,,,,,,,,,,,,
162661,162661,,Transmission,Mk10,1,02:54:00 14-Sep-2016,03:25:00 14-Sep-2016,Dive,1,Square,3.0,3.0,1859,1861,,,,,,,,,,,,,,
162661,162661,,Transmission,Mk10,1,03:25:00 14-Sep-2016,03:25:30 14-Sep-2016,Surface,,,,,29,31,,,,,,,,,,,,,20,10
162661,162661,,Transmission,Mk10,1,03:25:30 14-Sep-2016,03:48:50 14-Sep-2016,Dive,1,Square,4.0,4.0,1399,1401,,,,,,,,,,,,,,
162661,162661,,Transmission,Mk10,1,03:48:50 14-Sep-2016,03:49:00 14-Sep-2016,Surface,,,,,9,11,,,,,,,,,,,,,10,0
162661,162661,,Transmission,Mk10,1,03:49:00 14-Sep-2016,04:24:00 14-Sep-2016,Dive,1,Square,3.0,3.0,2099,2101,,,,,,,,,,,,,,
162661,162661,,Transmission,Mk10,1,04:24:00 14-Sep-2016,04:24:10 14-Sep-2016,Surface,,,,,9,11,,,,,,,,,,,,,10,0
162661,162661,,Transmission,Mk10,1,04:24:10 14-Sep-2016,04:35:00 14-Sep-2016,Dive,1,Square,3.0,3.0,649,651,,,,,,,,,,,,,,
162661,162661,,Transmission,Mk10,1,04:35:00 14-Sep-2016,04:35:10 14-Sep-2016,Surface,,,,,9,11,,,,,,,,,,,,,10,0
162661,162661,,Transmission,Mk10,1,04:35:10 14-Sep-2016,04:45:10 14-Sep-2016,Dive,1,Square,3.0,3.0,599,601,,,,,,,,,,,,,,
162661,162661,,Transmission,Mk10,1,04:45:10 14-Sep-2016,04:45:20 14-Sep-2016,Surface,,,,,9,11,,,,,,,,,,,,,10,0
162661,162661,,Transmission,Mk10,1,13:15:00 15-Sep-2016,15:16:10 15-Sep-2016,Message,10,,,,7260.000000,7280.000000,,,,,,,,,,,,,,
162661,162661,,Transmission,Mk10,1,13:15:00 15-Sep-2016,13:15:10 15-Sep-2016,Surface,,,,,9,11,,,,,,,,,,,,,10,0
162661,162661,,Transmission,Mk10,1,13:15:10 15-Sep-2016,13:39:00 15-Sep-2016,Dive,1,Square,5.0,5.0,1429,1431,,,,,,,,,,,,,,
162661,162661,,Transmission,Mk10,1,13:39:00 15-Sep-2016,13:39:10 15-Sep-2016,Surface,,,,,9,11,,,,,,,,,,,,,10,0
162661,162661,,Transmission,Mk10,1,13:39:10 15-Sep-2016,13:47:30 15-Sep-2016,Dive,1,Square,5.0,5.0,499,501,,,,,,,,,,,,,,
162661,162661,,Transmission,Mk10,1,13:47:30 15-Sep-2016,13:47:40 15-Sep-2016,Surface,,,,,9,11,,,,,,,,,,,,,10,0
162661,162661,,Transmission,Mk10,1,13:47:40 15-Sep-2016,13:53:40 15-Sep-2016,Dive,1,Square,5.0,5.0,359,361,,,,,,,,,,,,,,
162661,162661,,Transmission,Mk10,1,13:53:40 15-Sep-2016,13:53:50 15-Sep-2016,Surface,,,,,9,11,,,,,,,,,,,,,10,0
162661,162661,,Transmission,Mk10,1,13:53:50 15-Sep-2016,14:39:00 15-Sep-2016,Dive,1,Square,5.0,5.0,2709,2711,,,,,,,,,,,,,,
162661,162661,,Transmission,Mk10,1,14:39:00 15-Sep-2016,14:39:10 15-Sep-2016,Surface,,,,,9,11,,,,,,,,,,,,,10,0
162661,162661,,Transmission,Mk10,1,14:39:10 15-Sep-2016,15:16:10 15-Sep-2016,Dive,1,Square,5.0,5.0,2219,2221,,,,,,,,,,,,,,
162661,162661,,Transmission,Mk10,1,23:43:00 15-Sep-2016,02:13:50 16-Sep-2016,Message,10,,,,9040.000000,9060.000000,,,,,,,,,,,,,,
162661,162661,,Transmission,Mk10,1,23:43:00 15-Sep-2016,23:43:10 15-Sep-2016,Surface,,,,,9,11,,,,,,,,,,,,,10,0
162661,162661,,Transmission,Mk10,1,23:43:10 15-Sep-2016,01:30:10 16-Sep-2016,Dive,1,Square,3.5,3.5,6419,6421,,,,,,,,,,,,,,
162661,162661,,Transmission,Mk10,1,01:30:10 16-Sep-2016,01:30:20 16-Sep-2016,Surface,,,,,9,11,,,,,,,,,,,,,10,0
162661,162661,,Transmission,Mk10,1,01:30:20 16-Sep-2016,01:39:40 16-Sep-2016,Dive,1,Square,2.5,2.5,559,561,,,,,,,,,,,,,,
162661,162661,,Transmission,Mk10,1,01:39:40 16-Sep-2016,01:40:00 16-Sep-2016,Surface,,,,,19,21,,,,,,,,,,,,,20,0
162661,162661,,Transmission,Mk10,1,01:40:00 16-Sep-2016,01:51:20 16-Sep-2016,Dive,1,Square,2.5,2.5,679,681,,,,,,,,,,,,,,
162661,162661,,Transmission,Mk10,1,01:51:20 16-Sep-2016,01:51:30 16-Sep-2016,Surface,,,,,9,11,,,,,,,,,,,,,10,0
162661,162661,,Transmission,Mk10,1,01:51:30 16-Sep-2016,02:02:00 16-Sep-2016,Dive,1,Square,2.5,2.5,629,631,,,,,,,,,,,,,,
162661,162661,,Transmission,Mk10,1,02:02:00 16-Sep-2016,02:02:10 16-Sep-2016,Surface,,,,,9,11,,,,,,,,,,,,,10,0
162661,162661,,Transmission,Mk10,1,02:02:10 16-Sep-2016,02:13:50 16-Sep-2016,Dive,1,Square,2.5,2.5,699,701,,,,,,,,,,,,,,
162661,162661,,Transmission,Mk10,1,20:37:00 16-Sep-2016,22:15:10 16-Sep-2016,Message,10,,,,5880.000000,5900.000000,,,,,,,,,,,,,,
162661,162661,,Transmission,Mk10,1,20:37:00 16-Sep-2016,20:37:10 16-Sep-2016,Surface,,,,,9,11,,,,,,,,,,,,,10,0
162661,162661,,Transmission,Mk10,1,20:37:10 16-Sep-2016,21:03:00 16-Sep-2016,Dive,1,Square,3.5,3.5,1549,1551,,,,,,,,,,,,,,
162661,162661,,Transmission,Mk10,1,21:03:00 16-Sep-2016,21:03:10 16-Sep-2016,Surface,,,,,9,11,,,,,,,,,,,,,10,0
162661,162661,,Transmission,Mk10,1,21:03:10 16-Sep-2016,21:26:30 16-Sep-2016,Dive,1,Square,3.5,3.5,1399,1401,,,,,,,,,,,,,,
162661,162661,,Transmission,Mk10,1,21:26:30 16-Sep-2016,21:26:40 16-Sep-2016,Surface,,,,,9,11,,,,,,,,,,,,,10,0
162661,162661,,Transmission,Mk10,1,21:26:40 16-Sep-2016,21:55:20 16-Sep-2016,Dive,1,Square,4.0,4.0,1719,1721,,,,,,,,,,,,,,
162661,162661,,Transmission,Mk10,1,21:55:20 16-Sep-2016,21:55:30 16-Sep-2016,Surface,,,,,9,11,,,,,,,,,,,,,10,0
162661,162661,,Transmission,Mk10,1,21:55:30 16-Sep-2016,22:07:20 16-Sep-2016,Dive,1,Square,3.5,3.5,709,711,,,,,,,,,,,,,,
162661,162661,,Transmission,Mk10,1,22:07:20 16-Sep-2016,22:07:30 16-Sep-2016,Surface,,,,,9,11,,,,,,,,,,,,,10,0
162661,162661,,Transmission,Mk10,1,22:07:30 16-Sep-2016,22:15:10 16-Sep-2016,Dive,1,Square,3.5,3.5,459,461,,,,,,,,,,,,,,
162661,162661,,Transmission,Mk10,1,00:20:00 17-Sep-2016,03:47:40 17-Sep-2016,Message,9,,,,12451.000000,12469.000000,,,,,,,,,,,,,,
162661,162661,,Transmission,Mk10,1,00:20:00 17-Sep-2016,00:20:10 17-Sep-2016,Surface,,,,,9,11,,,,,,,,,,,,,10,0
162661,162661,,Transmission,Mk10,1,00:20:10 17-Sep-2016,01:45:00 17-Sep-2016,Dive,1,Square,2.5,2.5,5089,5091,,,,,,,,,,,,,,
162661,162661,,Transmission,Mk10,1,01:45:00 17-Sep-2016,01:45:10 17-Sep-2016,Surface,,,,,9,11,,,,,,,,,,,,,10,0
162661,162661,,Transmission,Mk10,1,01:45:10 17-Sep-2016,01:55:50 17-Sep-2016,Dive,1,Square,2.5,2.5,639,641,,,,,,,,,,,,,,
162661,162661,,Transmission,Mk10,1,01:55:50 17-Sep-2016,01:56:00 17-Sep-2016,Surface,,,,,9,11,,,,,,,,,,,,,10,0
162661,162661,,Transmission,Mk10,1,01:56:00 17-Sep-2016,02:29:30 17-Sep-2016,Dive,1,Square,2.5,2.5,2009,2011,,,,,,,,,,,,,,
162661,162661,,Transmission,Mk10,1,02:29:30 17-Sep-2016,02:29:50 17-Sep-2016,Surface,,,,,19,21,,,,,,,,,,,,,20,0
162661,162661,,Transmission,Mk10,1,02:29:50 17-Sep-2016,03:47:30 17-Sep-2016,Dive,1,Square,2.5,2.5,4659,4661,,,,,,,,,,,,,,
162661,162661,,Transmission,Mk10,1,03:47:30 17-Sep-2016,03:47:40 17-Sep-2016,Surface,,,,,9,11,,,,,,,,,,,,,10,0
162661,162661,,Transmission,Mk10,1,21:30:00 17-Sep-2016,23:42:40 17-Sep-2016,Message,10,,,,7950.000000,7970.000000,,,,,,,,,,,,,,
162661,162661,,Transmission,Mk10,1,21:30:00 17-Sep-2016,21:31:10 17-Sep-2016,Surface,,,,,69,71,,,,,,,,,,,,,52,18
162661,162661,,Transmission,Mk10,1,21:31:10 17-Sep-2016,22:07:10 17-Sep-2016,Dive,1,Square,17.0,17.0,2159,2161,,,,,,,,,,,,,,
162661,162661,,Transmission,Mk10,1,22:07:10 17-Sep-2016,22:08:50 17-Sep-2016,Surface,,,,,99,101,,,,,,,,,,,,,32,68
162661,162661,,Transmission,Mk10,1,22:08:50 17-Sep-2016,22:30:10 17-Sep-2016,Dive,1,Square,19.5,19.5,1279,1281,,,,,,,,,,,,,,
162661,162661,,Transmission,Mk10,1,22:30:10 17-Sep-2016,22:30:30 17-Sep-2016,Surface,,,,,19,21,,,,,,,,,,,,,20,0
162661,162661,,Transmission,Mk10,1,22:30:30 17-Sep-2016,22:55:30 17-Sep-2016,Dive,1,Square,13.5,13.5,1499,1501,,,,,,,,,,,,,,
162661,162661,,Transmission,Mk10,1,22:55:30 17-Sep-2016,22:57:00 17-Sep-2016,Surface,,,,,89,91,,,,,,,,,,,,,41,49
162661,162661,,Transmission,Mk10,1,22:57:00 17-Sep-2016,23:13:00 17-Sep-2016,Dive,1,Square,13.5,13.5,959,961,,,,,,,,,,,,,,
162661,162661,,Transmission,Mk10,1,23:13:00 17-Sep-2016,23:14:40 17-Sep-2016,Surface,,,,,99,101,,,,,,,,,,,,,61,39
162661,162661,,Transmission,Mk10,1,23:14:40 17-Sep-2016,23:42:40 17-Sep-2016,Dive,1,Square,16.0,16.0,1679,1681,,,,,,,,,,,,,,
162661,162661,,Transmission,Mk10,1,01:08:00 20-Sep-2016,03:34:10 20-Sep-2016,Message,10,,,,8760.000000,8780.000000,,,,,,,,,,,,,,
162661,162661,,Transmission,Mk10,1,01:08:00 20-Sep-2016,01:33:50 20-Sep-2016,Dive,1,Square,12.5,12.5,1549,1551,,,,,,,,,,,,,,
162661,162661,,Transmission,Mk10,1,01:33:50 20-Sep-2016,01:34:00 20-Sep-2016,Surface,,,,,9,11,,,,,,,,,,,,,10,0
162661,162661,,Transmission,Mk10,1,01:34:00 20-Sep-2016,02:03:30 20-Sep-2016,Dive,1,Square,12.5,12.5,1769,1771,,,,,,,,,,,,,,
162661,162661,,Transmission,Mk10,1,02:03:30 20-Sep-2016,02:03:50 20-Sep-2016,Surface,,,,,19,21,,,,,,,,,,,,,20,0
162661,162661,,Transmission,Mk10,1,02:03:50 20-Sep-2016,03:02:10 20-Sep-2016,Dive,1,Square,13.0,13.0,3499,3501,,,,,,,,,,,,,,
162661,162661,,Transmission,Mk10,1,03:02:10 20-Sep-2016,03:02:50 20-Sep-2016,Surface,,,,,39,41,,,,,,,,,,,,,31,9
162661,162661,,Transmission,Mk10,1,03:02:50 20-Sep-2016,03:15:10 20-Sep-2016,Dive,1,Square,12.5,12.5,739,741,,,,,,,,,,,,,,
162661,162661,,Transmission,Mk10,1,03:15:10 20-Sep-2016,03:15:30 20-Sep-2016,Surface,,,,,19,21,,,,,,,,,,,,,20,0
162661,162661,,Transmission,Mk10,1,03:15:30 20-Sep-2016,03:33:10 20-Sep-2016,Dive,1,U,12.5,12.5,1059,1061,,,,,,,,,,,,,,
162661,162661,,Transmission,Mk10,1,03:33:10 20-Sep-2016,03:34:10 20-Sep-2016,Surface,,,,,59,61,,,,,,,,,,,,,21,39
162661,162661,,Transmission,Mk10,1,10:33:00 22-Sep-2016,20:30:30 22-Sep-2016,Message,9,,,,35841.000000,35859.000000,,,,,,,,,,,,,,
162661,162661,,Transmission,Mk10,1,10:33:00 22-Sep-2016,10:33:10 22-Sep-2016,Surface,,,,,9,11,,,,,,,,,,,,,10,0
162661,162661,,Transmission,Mk10,1,10:33:10 22-Sep-2016,12:04:30 22-Sep-2016,Dive,1,Square,9.0,9.0,5479,5481,,,,,,,,,,,,,,
162661,162661,,Transmission,Mk10,1,12:04:30 22-Sep-2016,12:04:40 22-Sep-2016,Surface,,,,,9,11,,,,,,,,,,,,,10,0
162661,162661,,Transmission,Mk10,1,12:04:40 22-Sep-2016,14:21:40 22-Sep-2016,Dive,1,U,5.5,5.5,8219,8221,,,,,,,,,,,,,,
162661,162661,,Transmission,Mk10,1,14:21:40 22-Sep-2016,14:21:50 22-Sep-2016,Surface,,,,,9,11,,,,,,,,,,,,,10,0
162661,162661,,Transmission,Mk10,1,14:21:50 22-Sep-2016,18:24:10 22-Sep-2016,Dive,1,Square,3.5,3.5,14539,14541,,,,,,,,,,,,,,
162661,162661,,Transmission,Mk10,1,18:24:10 22-Sep-2016,18:24:20 22-Sep-2016,Surface,,,,,9,11,,,,,,,,,,,,,10,0
162661,162661,,Transmission,Mk10,1,18:24:20 22-Sep-2016,20:30:20 22-Sep-2016,Dive,1,Square,4.0,4.0,7559,7561,,,,,,,,,,,,,,
162661,162661,,Transmission,Mk10,1,20:30:20 22-Sep-2016,20:30:30 22-Sep-2016,Surface,,,,,9,11,,,,,,,,,,,,,10,0
162661,162661,,Transmission,Mk10,1,16:52:00 25-Sep-2016,20:10:50 25-Sep-2016,Message,10,,,,11920.000000,11940.000000,,,,,,,,,,,,,,
162661,162661,,Transmission,Mk10,1,16:52:00 25-Sep-2016,16:52:10 25-Sep-2016,Surface,,,,,9,11,,,,,,,,,,,,,10,0
162661,162661,,Transmission,Mk10,1,16:52:10 25-Sep-2016,17:03:00 25-Sep-2016,Dive,1,Square,3.0,3.0,649,651,,,,,,,,,,,,,,
162661,162661,,Transmission,Mk10,1,17:03:00 25-Sep-2016,17:03:10 25-Sep-2016,Surface,,,,,9,11,,,,,,,,,,,,,10,0
162661,162661,,Transmission,Mk10,1,17:03:10 25-Sep-2016,17:17:30 25-Sep-2016,Dive,1,Square,3.0,3.0,859,861,,,,,,,,,,,,,,
162661,162661,,Transmission,Mk10,1,17:17:30 25-Sep-2016,17:17:40 25-Sep-2016,Surface,,,,,9,11,,,,,,,,,,,,,10,0
162661,162661,,Transmission,Mk10,1,17:17:40 25-Sep-2016,17:27:20 25-Sep-2016,Dive,1,Square,3.5,3.5,579,581,,,,,,,,,,,,,,
162661,162661,,Transmission,Mk10,1,17:27:20 25-Sep-2016,17:27:30 25-Sep-2016,Surface,,,,,9,11,,,,,,,,,,,,,10,0
162661,162661,,Transmission,Mk10,1,17:27:30 25-Sep-2016,18:03:00 25-Sep-2016,Dive,1,Square,3.5,3.5,2129,2131,,,,,,,,,,,,,,
162661,162661,,Transmission,Mk10,1,18:03:00 25-Sep-2016,18:03:10 25-Sep-2016,Surface,,,,,9,11,,,,,,,,,,,,,10,0
162661,162661,,Transmission,Mk10,1,18:03:10 25-Sep-2016,20:10:50 25-Sep-2016,Dive,1,Square,4.5,4.5,7659,7661,,,,,,,,,,,,,,
162661,162661,,Transmission,Mk10,1,21:27:00 28-Sep-2016,16:55:50 29-Sep-2016,Message,9,,,,70063.000000,70197.000000,,,,,,,,,,,,,,
162661,162661,,Transmission,Mk10,1,21:27:00 28-Sep-2016,21:27:10 28-Sep-2016,Surface,,,,,9,11,,,,,,,,,,,,,10,0
162661,162661,,Transmission,Mk10,1,21:27:10 28-Sep-2016,22:36:40 28-Sep-2016,Dive,1,Square,3.5,3.5,4169,4171,,,,,,,,,,,,,,
162661,162661,,Transmission,Mk10,1,22:36:40 28-Sep-2016,22:36:50 28-Sep-2016,Surface,,,,,9,11,,,,,,,,,,,,,10,0
162661,162661,,Transmission,Mk10,1,22:36:50 28-Sep-2016,22:47:20 28-Sep-2016,Dive,1,Square,1.5,1.5,629,631,,,,,,,,,,,,,,
162661,162661,,Transmission,Mk10,1,22:47:20 28-Sep-2016,22:47:30 28-Sep-2016,Surface,,,,,9,11,,,,,,,,,,,,,10,0
162661,162661,,Transmission,Mk10,1,22:47:30 28-Sep-2016,06:42:30 29-Sep-2016,Dive,1,Square,2.5,2.5,28470,28530,,,,,,,,,,,,,,
162661,162661,,Transmission,Mk10,1,06:42:30 29-Sep-2016,06:42:40 29-Sep-2016,Surface,,,,,9,11,,,,,,,,,,,,,10,0
162661,162661,,Transmission,Mk10,1,06:42:40 29-Sep-2016,16:55:40 29-Sep-2016,Dive,1,Square,3.0,3.0,36750,36810,,,,,,,,,,,,,,
162661,162661,,Transmission,Mk10,1,16:55:40 29-Sep-2016,16:55:50 29-Sep-2016,Surface,,,,,9,11,,,,,,,,,,,,,10,0
162661,162661,,Transmission,Mk10,1,20:15:00 06-Oct-2016,21:21:50 06-Oct-2016,Message,10,,,,4000.000000,4020.000000,,,,,,,,,,,,,,
162661,162661,,Transmission,Mk10,1,20:15:00 06-Oct-2016,20:15:10 06-Oct-2016,Surface,,,,,9,11,,,,,,,,,,,,,10,0
162661,162661,,Transmission,Mk10,1,20:15:10 06-Oct-2016,20:37:30 06-Oct-2016,Dive,1,Square,4.0,4.0,1339,1341,,,,,,,,,,,,,,
162661,162661,,Transmission,Mk10,1,20:37:30 06-Oct-2016,20:37:40 06-Oct-2016,Surface,,,,,9,11,,,,,,,,,,,,,10,0
162661,162661,,Transmission,Mk10,1,20:37:40 06-Oct-2016,20:52:10 06-Oct-2016,Dive,1,Square,4.0,4.0,869,871,,,,,,,,,,,,,,
162661,162661,,Transmission,Mk10,1,20:52:10 06-Oct-2016,20:52:20 06-Oct-2016,Surface,,,,,9,11,,,,,,,,,,,,,10,0
162661,162661,,Transmission,Mk10,1,20:52:20 06-Oct-2016,21:05:40 06-Oct-2016,Dive,1,Square,4.0,4.0,799,801,,,,,,,,,,,,,,
162661,162661,,Transmission,Mk10,1,21:05:40 06-Oct-2016,21:05:50 06-Oct-2016,Surface,,,,,9,11,,,,,,,,,,,,,10,0
162661,162661,,Transmission,Mk10,1,21:05:50 06-Oct-2016,21:15:00 06-Oct-2016,Dive,1,Square,4.0,4.0,549,551,,,,,,,,,,,,,,
162661,162661,,Transmission,Mk10,1,21:15:00 06-Oct-2016,21:15:10 06-Oct-2016,Surface,,,,,9,11,,,,,,,,,,,,,10,0
162661,162661,,Transmission,Mk10,1,21:15:10 06-Oct-2016,21:21:50 06-Oct-2016,Dive,1,Square,4.0,4.0,399,401,,,,,,,,,,,,,,
